folder,table,sheet,rows,n_columns,columns
data,animation_loop_data,digimon,16,59,id|anim01_name|anim01_frames|anim02_name|anim02_frames|anim03_name|anim03_frames|anim04_name|anim04_frames|anim05_name|anim05_frames|anim06_name|anim06_frames|anim07_name|anim07_frames|anim08_name|anim08_frames|anim09_name|anim09_frames|anim10_name|anim10_frames|anim11_name|anim11_frames|anim12_name|anim12_frames|anim13_name|anim13_frames|anim14_name|anim14_frames|anim15_name|anim15_frames|anim16_name|anim16_frames|anim17_name|anim18_frames|anim19_name|anim19_frames|anim20_name|anim20_frames|anim21_name|anim21_frames|anim22_name|anim22_frames|anim23_name|anim23_frames|anim24_name|anim24_frames|anim25_name|anim25_frames|anim26_name|anim26_frames|anim27_name|anim27_frames|anim28_name|anim28_frames|anim29_name|anim29_frames|anim30_name|anim30_frames
data,animation_loop_data,mob,11,59,id|anim01_name|anim01_frames|anim02_name|anim02_frames|anim03_name|anim03_frames|anim04_name|anim04_frames|anim05_name|anim05_frames|anim06_name|anim06_frames|anim07_name|anim07_frames|anim08_name|anim08_frames|anim09_name|anim09_frames|anim10_name|anim10_frames|anim11_name|anim11_frames|anim12_name|anim12_frames|anim13_name|anim13_frames|anim14_name|anim14_frames|anim15_name|anim15_frames|anim16_name|anim16_frames|anim17_name|anim18_frames|anim19_name|anim19_frames|anim20_name|anim20_frames|anim21_name|anim21_frames|anim22_name|anim22_frames|anim23_name|anim23_frames|anim24_name|anim24_frames|anim25_name|anim25_frames|anim26_name|anim26_frames|anim27_name|anim27_frames|anim28_name|anim28_frames|anim29_name|anim29_frames|anim30_name|anim30_frames
data,animation_loop_data,npc,23,59,id|anim01_name|anim01_frames|anim02_name|anim02_frames|anim03_name|anim03_frames|anim04_name|anim04_frames|anim05_name|anim05_frames|anim06_name|anim06_frames|anim07_name|anim07_frames|anim08_name|anim08_frames|anim09_name|anim09_frames|anim10_name|anim10_frames|anim11_name|anim11_frames|anim12_name|anim12_frames|anim13_name|anim13_frames|anim14_name|anim14_frames|anim15_name|anim15_frames|anim16_name|anim16_frames|anim17_name|anim18_frames|anim19_name|anim19_frames|anim20_name|anim20_frames|anim21_name|anim21_frames|anim22_name|anim22_frames|anim23_name|anim23_frames|anim24_name|anim24_frames|anim25_name|anim25_frames|anim26_name|anim26_frames|anim27_name|anim27_frames|anim28_name|anim28_frames|anim29_name|anim29_frames|anim30_name|anim30_frames
data,animation_loop_data,pc,3,59,id|anim01_name|anim01_frames|anim02_name|anim02_frames|anim03_name|anim03_frames|anim04_name|anim04_frames|anim05_name|anim05_frames|anim06_name|anim06_frames|anim07_name|anim07_frames|anim08_name|anim08_frames|anim09_name|anim09_frames|anim10_name|anim10_frames|anim11_name|anim11_frames|anim12_name|anim12_frames|anim13_name|anim13_frames|anim14_name|anim14_frames|anim15_name|anim15_frames|anim16_name|anim16_frames|anim17_name|anim18_frames|anim19_name|anim19_frames|anim20_name|anim20_frames|anim21_name|anim21_frames|anim22_name|anim22_frames|anim23_name|anim23_frames|anim24_name|anim24_frames|anim25_name|anim25_frames|anim26_name|anim26_frames|anim27_name|anim27_frames|anim28_name|anim28_frames|anim29_name|anim29_frames|anim30_name|anim30_frames
data,battle_ai,Ai,983,69,id|nameId?|Unk2_1|Unk2_2|Unk3_1|Unk3_2|Unk4_1|Unk4_2|Unk5|Unk6_1|Unk6_2|Unk7_1|Unk7_2|Unk8_1|Unk8:2|Unk9|Unk10_1|Unk10_2|Unk11_1|Unk11_2|Unk12_1|Unk12_2|Unk13|Unk14_1|Unk14_2|Unk15_1|Unk15_2|Unk16_1|Unk16_2|Unk17|Unk18_1|Unk18_2|Unk19_1|Unk19_2|Unk20_1|Unk20_2|Unk21|Unk22_1|Unk22_2|Unk23_1|Unk23_2|Unk24_1|Unk24_2|Unk25|Unk26_1|Unk26_2|Unk27_1|Unk27_2|Unk28_1|Unk28_2|Unk29|Unk30_1|Unk30_2|Unk31_1|Unk31_2|Unk32_1|Unk32_2|Unk33|Unk34_1|Unk34_2|Unk35_1|Unk35_2|Unk36_1|Unk36_2|Unk37|Unk38_1|Unk38_2|Unk39|Unk40
data,battle_bgm,bgm,14,2,ID|Name
data,battle_camera,camera,15,7,ID|Name|unk1|unk3|unk4|unk5|unk6
data,battle_command,Command,931,40,skillID|skillTextId|pad1|Icon|Animation|pad2|Power|DamageType|Unk5_0|Damage Delay|Type|TargetType|NumAttacksMin|NumAttacksMax|Chain Delay|XrosType|Unk10_0|SP Cost|SpeedUse|damageRange|alwaysHits|Accuracy|canCrit|critChance|sacrificeHP|knockbackChance|HPabsorb|SPabsorb|comboRate|pad3|StatusType|StatusEffect|StatusChance|SelfStatusType|SelfStatusEffect|SelfStatusChance|UndoStatus|UndoStatusSelf|PrevAttack|Unk15
data,battle_command_effect,effect,926,8,skillID|casterSkillEffectIDs|unk2|unk3|unk4|unk5|targetSkillEffectIDs|unk7
data,battle_command_effect,item,46,2,unk1|unk2
data,battle_effect,effect,608,15,id|skillEffModel|unk2|unk3|unk4|unk5|unk6|unk7|unk8|unk9|unk10|unk11|unk12|unk14|skillSFX
data,battle_field,BattleField,40,14,battlefield_id|unk1|unk2|unk3|unk4|unk5|unk6|unk7|unk8|unk9|unk10|unk11|unk12|unk13
data,battle_field_add,BattleField,75,14,battlefield_id|unk1|unk2|unk3|unk4|unk5|unk6|unk7|unk8|unk9|unk10|unk11|unk12|unk13
data,battle_se,se,476,2,id|soundName
data,battle_support_skill,support_skill,116,59,id|description|condition|cond Value|Phys Damage|Magic Damage|Phys Res|Magic Res|ATK|DEF|INT|SPD|ACU|EVA|CRT|Neutral|Fire|Water|Plant|Electro|Earth|Wind|Light|Dark|Poison Chance|Confuse Chance|Para Chance|Sleep Chance|Stun Chance|Dot Chance|Bug Chance|Death Chance|Poison Res|Confusion Res|Para Res|Sleep Res|Stun Res|Dot Res|Bug Res|Death Res|Combo Rate|Escape Chance|EXP Boost|YEN Boost|Drop Rate|Scan Rate|Heal HP %|Heal SP %|Damage to HP|Damage to SP|Increase Boost|Decrease Reduction|Boost HP Healing|Boost HP Absorption|Boost SP Absorption|Reduce SP Usage|moveFirst|min HP|HP to ATK
data,battle_support_skill,target10,21,1,id
data,battle_voice,voice,1944,11,voice_id|voice_name|unk2|unk3|unk4|unk5|unk6|unk7|unk8|unk9|unk10
data,battle_voice_add,voice,2469,11,voice_id|voice_name|unk2|unk3|unk4|unk5|unk6|unk7|unk8|unk9|unk10
data,bbs_post_para,Sheet1,141,11,id|dateId|comment1Avatar|comment1Author|comment1Text|comment2Avatar|comment2Author|comment2Text|unk10|unk11|innerThoughtText
data,colosseum_event_battle,mission,24,73,ID|Unknown1|Unknown2|Unknown6|Unknown7|Unknown8|Unknown9|Unknown10|Unknown11|Unknown12|Unknown13|Unknown14|Unknown15|Unknown16|Unknown17|Unknown18|Unknown19|Unknown20|Unknown21|Unknown22|Unknown23|Unknown24|Unknown25|Unknown26|Unknown27|Unknown28|Unknown29|Unknown33|Unknown34|Unknown35|Unknown36|Unknown37|Unknown38|Unknown39|Unknown40|Unknown41|Unknown42|Unknown43|Unknown44|Unknown45|Unknown46|Unknown47|Unknown48|Unknown49|Unknown50|Unknown51|Unknown52|Unknown53|Unknown54|Unknown55|Unknown56|Unknown60|Unknown61|Unknown62|Unknown63|Unknown64|Unknown65|Unknown66|Unknown67|Unknown68|Unknown69|Unknown70|Unknown71|Unknown72|Unknown73|Unknown74|Unknown75|Unknown76|Unknown77|Unknown78|Unknown79|Unknown80|Unknown81
data,colosseum_event_battle,rule,24,50,ID|unknown1|unknown2|unknown3_1|unknown3_2|unknown4_1|unknown4_2|unknown5|unknown6|unknown7_1|unknown7_2|unknown8|unknown9|unknown10_1|unknown10_2|unknown11_1|unknown11_2|unknown12|unknown13|unknown14|unknown15_1|unknown15_2|unknown16_1|unknown16_2|unknown17|unknown18|unknown19_1|unknown19_2|unknown20_1|unknown20_2|unknown21_1|unknown21_2|unknown22|unknown23|unknown24|unknown25|unknown26|unknown27|unknown28_1|unknown28_2|unknown29_1|unknown29_2|unknown30|unknown31_1|unknown31_2|unknown35|unknown38|unknown41|unknown42_1|unknown42_2
data,colosseum_item,ranking_reward,4,5,id|unk1|unk2|unk3|unk4
data,colosseum_item,table,475,11,id|unk1|unk2|unk3|unk4|unk5|unk6|unk7|unk8|unk9|unk10
data,custom_sound_bgm_para,table,12,3,id|name|unk1
data,custom_sound_scene_para,table,13,3,id|name|unk1
data,debug_event_view,CS_main,441,3,id|unk1|unk2
data,debug_event_view,CS_sub,284,3,id|unk1|unk2
data,debug_event_view,Free01,35,3,id|unk1|unk2
data,debug_event_view,Free02,2,3,id|unk1|unk2
data,debug_event_view,Free03,0,3,id|unk1|unk2
data,debug_event_view,Free04,0,3,id|unk1|unk2
data,debug_event_view,Free05,0,3,id|unk1|unk2
data,debug_event_view,Free06,0,3,id|unk1|unk2
data,debug_event_view,Free07,0,3,id|unk1|unk2
data,debug_event_view,Free08,0,3,id|unk1|unk2
data,debug_event_view,Free09,0,3,id|unk1|unk2
data,debug_event_view,Free10,0,3,id|unk1|unk2
data,debug_event_view,HM_main,316,3,id|unk1|unk2
data,debug_event_view,HM_sub,523,3,id|unk1|unk2
data,degeneration_para,digimon,347,7,id|digi1|digi2|digi3|digi4|digi5|digi6
data,digiline_constant,table,1,2,unk1|unk2
data,digiline_para,data,1259,14,id|unk1|DialogueSteps|unk3|unk4|idStartMessage|idPlayerReply1|idPlayerReply2|idPlayerReply3|GameProgressFlagToNotReply?|idCharacterReply1|idCharacterReply2|idCharacterReply3|CorrectAnswer
data,digiline_para,no_response,1,2,unk1|unk2
data,digiline_para_add,data,1245,14,id|unk1|DialogueSteps|unk3|unk4|idStartMessage|idPlayerReply1|idPlayerReply2|idPlayerReply3|GameProgressFlagToNotReply?|idCharacterReply1|idCharacterReply2|idCharacterReply3|CorrectAnswer
data,digiline_para_add,no_response,3,2,unk1|unk2
data,digimon_common_para,digimon,375,25,id|level|attribute|type|unk1|unk2|unk3|unk4|unk5|unk6|unk7|unk8|unk9|unk10|unk11|unk12|unk13|unk14|unk15|unk16|unk17|fieldGuideId|unk19|unk20|unk21
data,digimon_common_para,no_generations,2,1,id
data,digimon_farm_para,digimon,375,34,id|memoryUse|growthType|unk3|baseHP|baseSP|baseATK|baseDEF|baseINT|baseSPD|maxLevel|equipSlots|supportSkill|sMove1|sMove1Level|sMove2|sMove2Level|move1|move1Level|move2|move2Level|move3|move3Level|move4|move4Level|move5|move5Level|move6|move6Level|expValue|levelCurve|profile|unk32|unk33
data,digimon_list,digimon,351,1,id
data,digimon_market_para,table,50,6,id|digimonId|sortOrder|price|level|unknown3
data,digital_space_para,para,28,31,id|unk1|map_model_name|start_point_name|unk6|unk7|unk8|unk9|unk10|unk11|unk12|coupling_1|coupling_2|coupling_3|coupling_4|coupling_5|coupling_6|coupling_7|coupling_8|coupling_9|coupling_10|coupling_11|coupling_12|coupling_13|coupling_14|coupling_15|coupling_16|coupling_17|coupling_18|coupling_19|coupling_20
data,eden_text_para,para,17,12,id|NameID|MapID|CategoryId|unk4|Sort Value|unk6|unk7|unk8|Category Icon ID|Icon ID|Initial Rotation
data,eden_text_para_add,para,47,12,id|NameID|MapID|CategoryId|unk4|Sort Value|unk6|unk7|unk8|Category Icon ID|Icon ID|Initial Rotation
data,equip_para,table,164,44,id|nameId|unk3|sortValue|buyPrice|sellPrice|delta_HP|delta_SP|delta_ATK|delta_DEF|delta_INT|delta_SPD|delta_HIT|delta_AGL|delta_CRT|delta_NEUT_DMG_RESIST_PCT|delta_FIRE_DMG_RESIST_PCT|delta_WATER_DMG_RESIST_PCT|delta_PLANT_DMG_RESIST_PCT|delta_ELEC_DMG_RESIST_PCT|delta_GRND_DMG_RESIST_PCT|delta_WIND_DMG_RESIST_PCT|delta_LIGHT_DMG_RESIST_PCT|delta_DARK_DMG_RESIST_PCT|delta_POISON_RESIST_PCT|delta_PANIC_RESIST_PCT|delta_PARALYSIS_RESIST_PCT|delta_SLEEP_RESIST_PCT|delta_STUN_RESIST_PCT|delta_PIXEL_RESIST_PCT|delta_BUG_RESIST_PCT|delta_DEATH_RESIST_PCT|delta_combo_rate_pct|delta_escape_rate_pct|delta_EXP_pct|delta_YEN_pct|delta_itemdrop_rate|delta_digiscan_rate|delta_pen_resist_pct|descId|icon_id|coinPrice|variationId|attachPoint
data,evolution_condition_para,digimon,337,31,id|condType1|condValue1|condUnk1|condType2|condValue2|condUnk2|condType3|condValue3|condUnk3|condType4|condValue4|condUnk4|condType5|condValue5|condUnk5|condType6|condValue6|condUnk6|condType7|condValue7|condUnk7|condType8|condValue8|condUnk8|condType9|condValue9|condUnk9|condType10|condValue10|condUnk10
data,evolution_direction_para,direction,4,11,id|unk1|unk2|unk3|unk4|unk5|unk6|unk7|unk8|unk9|unk10
data,evolution_next_para,digimon,347,7,id|digi1|digi2|digi3|digi4|digi5|digi6
data,experience_table,table,7,100,id|level1|level2|level3|level4|level5|level6|level7|level8|level9|level10|level11|level12|level13|level14|level15|level16|level17|level18|level19|level20|level21|level22|level23|level24|level25|level26|level27|level28|level29|level30|level31|level32|level33|level34|level35|level36|level37|level38|level39|level40|level41|level42|level43|level44|level45|level46|level47|level48|level49|level50|level51|level52|level53|level54|level55|level56|level57|level58|level59|level60|level61|level62|level63|level64|level65|level66|level67|level68|level69|level70|level71|level72|level73|level74|level75|level76|level77|level78|level79|level80|level81|level82|level83|level84|level85|level86|level87|level88|level89|level90|level91|level92|level93|level94|level95|level96|level97|level98|level99
data,farm_constant,table,1,21,unk1|unk2|unk3|unk4|unk5|unk6|unk7|unk8|unk9|unk10|unk11|unk12|unk13|unk14|unk15|unk16|unk17|unk18|unk19|farmExpandItem|bankExpandItem
data,farm_development,fund,5,2,id|price
data,farm_development,item_table,7,91,id|Unk #1|Item #1|Amount #1|Unk #2|Item #2|Amount #2|Unk #3|Item #3|Amount #3|Unk #4|Item #4|Amount #4|Unk #5|Item #5|Amount #5|Unk #6|Item #6|Amount #6|Unk #7|Item #7|Amount #7|Unk #8|Item #8|Amount #8|Unk #9|Item #9|Amount #9|Unk #10|Item #10|Amount #10|Unk #11|Item #11|Amount #11|Unk #12|Item #12|Amount #12|Unk #13|Item #13|Amount #13|Unk #14|Item #14|Amount #14|Unk #15|Item #15|Amount #15|Unk #16|Item #16|Amount #16|Unk #17|Item #17|Amount #17|Unk #18|Item #18|Amount #18|Unk #19|Item #19|Amount #19|Unk #20|Item #20|Amount #20|Unk #21|Item #21|Amount #21|Unk #22|Item #22|Amount #22|Unk #23|Item #23|Amount #23|Unk #24|Item #24|Amount #24|Unk #25|Item #25|Amount #25|Unk #26|Item #26|Amount #26|Unk #27|Item #27|Amount #27|Unk #28|Item #28|Amount #28|Unk #29|Item #29|Amount #29|Unk #30|Item #30|Amount #30
data,farm_development,point,8,8,id|Unk1|Unk2|Unk3|Unk4|Unk5|Unk6|Unk7
data,farm_give_food,table,10,23,id|chanceRefuse|chance #1|chance #2|HP #1|HP #2|SP #1|SP #2|ATK #1|ATK #2|DEF #1|DEF #2|INT #1|INT #2|SPD #1|SPD #2|CAM #1|CAM #2|ABI #1|ABI #2|unk21|unk22|model
data,farm_goods,table,29,8,id|interactable|goods_model|goods_use_animation|goods_icon_model|goods_icon_stand_model|chr_override_use_animation|chr_use_animation
data,farm_investigation,item_table,9,30,id|Unk #1|Item #1|Amount #1|Unk #2|Item #2|Amount #2|Unk #3|Item #3|Amount #3|Unk #4|Item #4|Amount #4|Unk #5|Item #5|Amount #5|Unk #6|Item #6|Amount #6|Unk #7|Item #7|Amount #7|Unk #8|Item #8|Amount #8|Unk #9|Item #9|Amount #9|Unk #10|Item #10
data,farm_investigation,point,8,8,id|unk1|unk2|unk3|unk4|unk5|unk6|unk7
data,farm_investigation,quest_condition,262,4,unk1|unk2|unk3|unk4
data,farm_investigation,quest_table,7,81,unk1|unk2|unk3|unk4|unk5|unk6|unk7|unk8|unk9|unk10|unk11|unk12|unk13|unk14|unk15|unk16|unk17|unk18|unk19|unk20|unk21|unk22|unk23|unk24|unk25|unk26|unk27|unk28|unk29|unk30|unk31|unk32|unk33|unk34|unk35|unk36|unk37|unk38|unk39|unk40|unk41|unk42|unk43|unk44|unk45|unk46|unk47|unk48|unk49|unk50|unk51|unk52|unk53|unk54|unk55|unk56|unk57|unk58|unk59|unk60|unk61|unk62|unk63|unk64|unk65|unk66|unk67|unk68|unk69|unk70|unk71|unk72|unk73|unk74|unk75|unk76|unk77|unk78|unk79|unk80|unk81
data,farm_investigation_add,item_table,9,30,id|Unk #1|Item #1|Amount #1|Unk #2|Item #2|Amount #2|Unk #3|Item #3|Amount #3|Unk #4|Item #4|Amount #4|Unk #5|Item #5|Amount #5|Unk #6|Item #6|Amount #6|Unk #7|Item #7|Amount #7|Unk #8|Item #8|Amount #8|Unk #9|Item #9|Amount #9|Unk #10|Item #10
data,farm_investigation_add,point,8,8,id|unk1|unk2|unk3|unk4|unk5|unk6|unk7
data,farm_investigation_add,quest_condition,69,4,unk1|unk2|unk3|unk4
data,farm_investigation_add,quest_table,7,81,unk1|unk2|unk3|unk4|unk5|unk6|unk7|unk8|unk9|unk10|unk11|unk12|unk13|unk14|unk15|unk16|unk17|unk18|unk19|unk20|unk21|unk22|unk23|unk24|unk25|unk26|unk27|unk28|unk29|unk30|unk31|unk32|unk33|unk34|unk35|unk36|unk37|unk38|unk39|unk40|unk41|unk42|unk43|unk44|unk45|unk46|unk47|unk48|unk49|unk50|unk51|unk52|unk53|unk54|unk55|unk56|unk57|unk58|unk59|unk60|unk61|unk62|unk63|unk64|unk65|unk66|unk67|unk68|unk69|unk70|unk71|unk72|unk73|unk74|unk75|unk76|unk77|unk78|unk79|unk80|unk81
data,farm_talk,digiline_id,36,101,DigimonType?|RandomDigiline_paraMessageID001|RandomDigiline_paraMessageID002|RandomDigiline_paraMessageID003|RandomDigiline_paraMessageID004|RandomDigiline_paraMessageID005|RandomDigiline_paraMessageID006|RandomDigiline_paraMessageID007|RandomDigiline_paraMessageID008|RandomDigiline_paraMessageID009|RandomDigiline_paraMessageID010|RandomDigiline_paraMessageID011|RandomDigiline_paraMessageID012|RandomDigiline_paraMessageID013|RandomDigiline_paraMessageID014|RandomDigiline_paraMessageID015|RandomDigiline_paraMessageID016|RandomDigiline_paraMessageID017|RandomDigiline_paraMessageID018|RandomDigiline_paraMessageID019|RandomDigiline_paraMessageID020|RandomDigiline_paraMessageID021|RandomDigiline_paraMessageID022|RandomDigiline_paraMessageID023|RandomDigiline_paraMessageID024|RandomDigiline_paraMessageID025|RandomDigiline_paraMessageID026|RandomDigiline_paraMessageID027|RandomDigiline_paraMessageID028|RandomDigiline_paraMessageID029|RandomDigiline_paraMessageID030|RandomDigiline_paraMessageID031|RandomDigiline_paraMessageID032|RandomDigiline_paraMessageID033|RandomDigiline_paraMessageID034|RandomDigiline_paraMessageID035|RandomDigiline_paraMessageID036|RandomDigiline_paraMessageID037|RandomDigiline_paraMessageID038|RandomDigiline_paraMessageID039|RandomDigiline_paraMessageID040|RandomDigiline_paraMessageID041|RandomDigiline_paraMessageID042|RandomDigiline_paraMessageID043|RandomDigiline_paraMessageID044|RandomDigiline_paraMessageID045|RandomDigiline_paraMessageID046|RandomDigiline_paraMessageID047|RandomDigiline_paraMessageID048|RandomDigiline_paraMessageID049|RandomDigiline_paraMessageID050|RandomDigiline_paraMessageID051|RandomDigiline_paraMessageID052|RandomDigiline_paraMessageID053|RandomDigiline_paraMessageID054|RandomDigiline_paraMessageID055|RandomDigiline_paraMessageID056|RandomDigiline_paraMessageID057|RandomDigiline_paraMessageID058|RandomDigiline_paraMessageID059|RandomDigiline_paraMessageID060|RandomDigiline_paraMessageID061|RandomDigiline_paraMessageID062|RandomDigiline_paraMessageID063|RandomDigiline_paraMessageID064|RandomDigiline_paraMessageID065|RandomDigiline_paraMessageID066|RandomDigiline_paraMessageID067|RandomDigiline_paraMessageID068|RandomDigiline_paraMessageID069|RandomDigiline_paraMessageID070|RandomDigiline_paraMessageID071|RandomDigiline_paraMessageID072|RandomDigiline_paraMessageID073|RandomDigiline_paraMessageID074|RandomDigiline_paraMessageID075|RandomDigiline_paraMessageID076|RandomDigiline_paraMessageID077|RandomDigiline_paraMessageID078|RandomDigiline_paraMessageID079|RandomDigiline_paraMessageID080|RandomDigiline_paraMessageID081|RandomDigiline_paraMessageID082|RandomDigiline_paraMessageID083|RandomDigiline_paraMessageID084|RandomDigiline_paraMessageID085|RandomDigiline_paraMessageID086|RandomDigiline_paraMessageID087|RandomDigiline_paraMessageID088|RandomDigiline_paraMessageID089|RandomDigiline_paraMessageID090|RandomDigiline_paraMessageID091|RandomDigiline_paraMessageID092|RandomDigiline_paraMessageID093|RandomDigiline_paraMessageID094|RandomDigiline_paraMessageID095|RandomDigiline_paraMessageID096|RandomDigiline_paraMessageID097|RandomDigiline_paraMessageID098|RandomDigiline_paraMessageID099|RandomDigiline_paraMessageID100
data,farm_talk,digimon,347,5,id|unk1|unk2|unk3|unk4
data,farm_talk,generic_item,8,31,id|unk1|unk2|unk3|unk4|unk5|unk6|unk7|unk8|unk9|unk10|unk11|unk12|unk13|unk14|unk15|unk16|unk17|unk18|unk19|unk20|unk21|unk22|unk23|unk24|unk25|unk26|unk27|unk28|unk29|unk30
data,farm_talk,interval,4,3,id|unk1|unk2
data,farm_talk,reference,6,7,id|unk1|unk2|unk3|unk4|unk5|unk6
data,farm_talk,talk_lot,2,2,id|unk1
data,farm_training,course,3,9,id|Duration|HP|SP|ATK|DEF|INT|SPD|CAM
data,farm_training,personality,8,7,id|HP|SP|ATK|DEF|INT|SPD
data,field_ap_para,obj_ap,59,16,id|unk1|unk2|unk3|unk4|unk5|unk6|unk7|unk8|unk9|unk10|unk11|unk12|unk13|unk14|unk15
data,field_ap_para,out_pos,40,14,id|unk1|unk2|unk3|unk4|unk5|unk6|unk7|unk8|unk9|unk10|unk11|unk12|unk13
data,field_ap_para_add,obj_ap,85,16,id|unk1|unk2|unk3|unk4|unk5|unk6|unk7|unk8|unk9|unk10|unk11|unk12|unk13|unk14|unk15
data,field_ap_para_add,out_pos,65,14,id|unk1|unk2|unk3|unk4|unk5|unk6|unk7|unk8|unk9|unk10|unk11|unk12|unk13
data,field_area_para,d01,5,6,subarea_id|map_model|unk2|unk3|unk4|map_cam_model
data,field_area_para,d02,5,6,subarea_id|map_model|unk2|unk3|unk4|map_cam_model
data,field_area_para,d03,1,6,subarea_id|map_model|unk2|unk3|unk4|map_cam_model
data,field_area_para,d04,5,6,subarea_id|map_model|unk2|unk3|unk4|map_cam_model
data,field_area_para,d05,6,6,subarea_id|map_model|unk2|unk3|unk4|map_cam_model
data,field_area_para,d06,3,6,subarea_id|map_model|unk2|unk3|unk4|map_cam_model
data,field_area_para,d07,7,6,subarea_id|map_model|unk2|unk3|unk4|map_cam_model
data,field_area_para,d08,4,6,subarea_id|map_model|unk2|unk3|unk4|map_cam_model
data,field_area_para,d09,1,6,subarea_id|map_model|unk2|unk3|unk4|map_cam_model
data,field_area_para,d11,10,6,subarea_id|map_model|unk2|unk3|unk4|map_cam_model
data,field_area_para,d12,3,6,subarea_id|map_model|unk2|unk3|unk4|map_cam_model
data,field_area_para,d13,4,6,subarea_id|map_model|unk2|unk3|unk4|map_cam_model
data,field_area_para,d14,17,6,subarea_id|map_model|unk2|unk3|unk4|map_cam_model
data,field_area_para,d15,3,6,subarea_id|map_model|unk2|unk3|unk4|map_cam_model
data,field_area_para,d16,2,6,subarea_id|map_model|unk2|unk3|unk4|map_cam_model
data,field_area_para,d17,12,6,subarea_id|map_model|unk2|unk3|unk4|map_cam_model
data,field_area_para,d18,3,6,subarea_id|map_model|unk2|unk3|unk4|map_cam_model
data,field_area_para,d20,4,6,subarea_id|map_model|unk2|unk3|unk4|map_cam_model
data,field_area_para,d21,1,6,subarea_id|map_model|unk2|unk3|unk4|map_cam_model
data,field_area_para,d22,1,6,subarea_id|map_model|unk2|unk3|unk4|map_cam_model
data,field_area_para,d23,4,6,subarea_id|map_model|unk2|unk3|unk4|map_cam_model
data,field_area_para,d24,1,6,subarea_id|map_model|unk2|unk3|unk4|map_cam_model
data,field_area_para,d30,3,6,subarea_id|map_model|unk2|unk3|unk4|map_cam_model
data,field_area_para,d35,3,6,subarea_id|map_model|unk2|unk3|unk4|map_cam_model
data,field_area_para,d36,2,6,subarea_id|map_model|unk2|unk3|unk4|map_cam_model
data,field_area_para,d37,2,6,subarea_id|map_model|unk2|unk3|unk4|map_cam_model
data,field_area_para,d38,3,6,subarea_id|map_model|unk2|unk3|unk4|map_cam_model
data,field_area_para,d39,2,6,subarea_id|map_model|unk2|unk3|unk4|map_cam_model
data,field_area_para,d40,2,6,subarea_id|map_model|unk2|unk3|unk4|map_cam_model
data,field_area_para,d41,3,6,subarea_id|map_model|unk2|unk3|unk4|map_cam_model
data,field_area_para,d42,3,6,subarea_id|map_model|unk2|unk3|unk4|map_cam_model
data,field_area_para,d43,2,6,subarea_id|map_model|unk2|unk3|unk4|map_cam_model
data,field_area_para,d44,2,6,subarea_id|map_model|unk2|unk3|unk4|map_cam_model
data,field_area_para,d45,2,6,subarea_id|map_model|unk2|unk3|unk4|map_cam_model
data,field_area_para,d61,1,6,subarea_id|map_model|unk2|unk3|unk4|map_cam_model
data,field_area_para,d62,1,6,subarea_id|map_model|unk2|unk3|unk4|map_cam_model
data,field_area_para,d64,1,6,subarea_id|map_model|unk2|unk3|unk4|map_cam_model
data,field_area_para,d65,1,6,subarea_id|map_model|unk2|unk3|unk4|map_cam_model
data,field_area_para,d70,1,6,subarea_id|map_model|unk2|unk3|unk4|map_cam_model
data,field_area_para,d71,1,6,subarea_id|map_model|unk2|unk3|unk4|map_cam_model
data,field_area_para,d72,1,6,subarea_id|map_model|unk2|unk3|unk4|map_cam_model
data,field_area_para,d73,1,6,subarea_id|map_model|unk2|unk3|unk4|map_cam_model
data,field_area_para,d74,1,6,subarea_id|map_model|unk2|unk3|unk4|map_cam_model
data,field_area_para,d75,1,6,subarea_id|map_model|unk2|unk3|unk4|map_cam_model
data,field_area_para,d76,1,6,subarea_id|map_model|unk2|unk3|unk4|map_cam_model
data,field_area_para,d90,2,6,subarea_id|map_model|unk2|unk3|unk4|map_cam_model
data,field_area_para,d91,1,6,subarea_id|map_model|unk2|unk3|unk4|map_cam_model
data,field_area_para,d92,2,6,subarea_id|map_model|unk2|unk3|unk4|map_cam_model
data,field_area_para,d93,1,6,subarea_id|map_model|unk2|unk3|unk4|map_cam_model
data,field_area_para,d94,2,6,subarea_id|map_model|unk2|unk3|unk4|map_cam_model
data,field_area_para,Field_List,68,3,field_id|map|field_name_id
data,field_area_para,OutLine,3,4,id|val1|val2|val3
data,field_area_para,t01,2,6,subarea_id|map_model|unk2|unk3|unk4|map_cam_model
data,field_area_para,t02,1,6,subarea_id|map_model|unk2|unk3|unk4|map_cam_model
data,field_area_para,t03,3,6,subarea_id|map_model|unk2|unk3|unk4|map_cam_model
data,field_area_para,t04,5,6,subarea_id|map_model|unk2|unk3|unk4|map_cam_model
data,field_area_para,t05,12,6,subarea_id|map_model|unk2|unk3|unk4|map_cam_model
data,field_area_para,t06,1,6,subarea_id|map_model|unk2|unk3|unk4|map_cam_model
data,field_area_para,t08,1,6,subarea_id|map_model|unk2|unk3|unk4|map_cam_model
data,field_area_para,t09,1,6,subarea_id|map_model|unk2|unk3|unk4|map_cam_model
data,field_area_para,t10,1,6,subarea_id|map_model|unk2|unk3|unk4|map_cam_model
data,field_area_para,t11,2,6,subarea_id|map_model|unk2|unk3|unk4|map_cam_model
data,field_area_para,t12,1,6,subarea_id|map_model|unk2|unk3|unk4|map_cam_model
data,field_area_para,t20,1,6,subarea_id|map_model|unk2|unk3|unk4|map_cam_model
data,field_area_para,t21,1,6,subarea_id|map_model|unk2|unk3|unk4|map_cam_model
data,field_area_para,t22,1,6,subarea_id|map_model|unk2|unk3|unk4|map_cam_model
data,field_area_para,t23,1,6,subarea_id|map_model|unk2|unk3|unk4|map_cam_model
data,field_area_para,t24,6,6,subarea_id|map_model|unk2|unk3|unk4|map_cam_model
data,field_area_para,t25,1,6,subarea_id|map_model|unk2|unk3|unk4|map_cam_model
data,field_area_para,t30,6,6,subarea_id|map_model|unk2|unk3|unk4|map_cam_model
data,field_area_para_add,d01,11,6,subarea_id|map_model|unk2|unk3|unk4|map_cam_model
data,field_area_para_add,d02,5,6,subarea_id|map_model|unk2|unk3|unk4|map_cam_model
data,field_area_para_add,d03,1,6,subarea_id|map_model|unk2|unk3|unk4|map_cam_model
data,field_area_para_add,d04,5,6,subarea_id|map_model|unk2|unk3|unk4|map_cam_model
data,field_area_para_add,d05,6,6,subarea_id|map_model|unk2|unk3|unk4|map_cam_model
data,field_area_para_add,d06,3,6,subarea_id|map_model|unk2|unk3|unk4|map_cam_model
data,field_area_para_add,d07,7,6,subarea_id|map_model|unk2|unk3|unk4|map_cam_model
data,field_area_para_add,d08,4,6,subarea_id|map_model|unk2|unk3|unk4|map_cam_model
data,field_area_para_add,d09,1,6,subarea_id|map_model|unk2|unk3|unk4|map_cam_model
data,field_area_para_add,d101,4,6,subarea_id|map_model|unk2|unk3|unk4|map_cam_model
data,field_area_para_add,d102,3,6,subarea_id|map_model|unk2|unk3|unk4|map_cam_model
data,field_area_para_add,d103,1,6,subarea_id|map_model|unk2|unk3|unk4|map_cam_model
data,field_area_para_add,d104,3,6,subarea_id|map_model|unk2|unk3|unk4|map_cam_model
data,field_area_para_add,d105,2,6,subarea_id|map_model|unk2|unk3|unk4|map_cam_model
data,field_area_para_add,d106,2,6,subarea_id|map_model|unk2|unk3|unk4|map_cam_model
data,field_area_para_add,d107,2,6,subarea_id|map_model|unk2|unk3|unk4|map_cam_model
data,field_area_para_add,d108,1,6,subarea_id|map_model|unk2|unk3|unk4|map_cam_model
data,field_area_para_add,d109,1,6,subarea_id|map_model|unk2|unk3|unk4|map_cam_model
data,field_area_para_add,d11,10,6,subarea_id|map_model|unk2|unk3|unk4|map_cam_model
data,field_area_para_add,d110,2,6,subarea_id|map_model|unk2|unk3|unk4|map_cam_model
data,field_area_para_add,d12,3,6,subarea_id|map_model|unk2|unk3|unk4|map_cam_model
data,field_area_para_add,d121,4,6,subarea_id|map_model|unk2|unk3|unk4|map_cam_model
data,field_area_para_add,d122,1,6,subarea_id|map_model|unk2|unk3|unk4|map_cam_model
data,field_area_para_add,d123,3,6,subarea_id|map_model|unk2|unk3|unk4|map_cam_model
data,field_area_para_add,d124,3,6,subarea_id|map_model|unk2|unk3|unk4|map_cam_model
data,field_area_para_add,d125,3,6,subarea_id|map_model|unk2|unk3|unk4|map_cam_model
data,field_area_para_add,d126,3,6,subarea_id|map_model|unk2|unk3|unk4|map_cam_model
data,field_area_para_add,d127,9,6,subarea_id|map_model|unk2|unk3|unk4|map_cam_model
data,field_area_para_add,d128,2,6,subarea_id|map_model|unk2|unk3|unk4|map_cam_model
data,field_area_para_add,d129,2,6,subarea_id|map_model|unk2|unk3|unk4|map_cam_model
data,field_area_para_add,d13,6,6,subarea_id|map_model|unk2|unk3|unk4|map_cam_model
data,field_area_para_add,d130,5,6,subarea_id|map_model|unk2|unk3|unk4|map_cam_model
data,field_area_para_add,d131,22,6,subarea_id|map_model|unk2|unk3|unk4|map_cam_model
data,field_area_para_add,d14,18,6,subarea_id|map_model|unk2|unk3|unk4|map_cam_model
data,field_area_para_add,d15,3,6,subarea_id|map_model|unk2|unk3|unk4|map_cam_model
data,field_area_para_add,d150,30,6,subarea_id|map_model|unk2|unk3|unk4|map_cam_model
data,field_area_para_add,d151,30,6,subarea_id|map_model|unk2|unk3|unk4|map_cam_model
data,field_area_para_add,d152,30,6,subarea_id|map_model|unk2|unk3|unk4|map_cam_model
data,field_area_para_add,d16,3,6,subarea_id|map_model|unk2|unk3|unk4|map_cam_model
data,field_area_para_add,d17,20,6,subarea_id|map_model|unk2|unk3|unk4|map_cam_model
data,field_area_para_add,d18,3,6,subarea_id|map_model|unk2|unk3|unk4|map_cam_model
data,field_area_para_add,d20,4,6,subarea_id|map_model|unk2|unk3|unk4|map_cam_model
data,field_area_para_add,d21,1,6,subarea_id|map_model|unk2|unk3|unk4|map_cam_model
data,field_area_para_add,d22,1,6,subarea_id|map_model|unk2|unk3|unk4|map_cam_model
data,field_area_para_add,d23,4,6,subarea_id|map_model|unk2|unk3|unk4|map_cam_model
data,field_area_para_add,d24,1,6,subarea_id|map_model|unk2|unk3|unk4|map_cam_model
data,field_area_para_add,d30,3,6,subarea_id|map_model|unk2|unk3|unk4|map_cam_model
data,field_area_para_add,d35,3,6,subarea_id|map_model|unk2|unk3|unk4|map_cam_model
data,field_area_para_add,d36,2,6,subarea_id|map_model|unk2|unk3|unk4|map_cam_model
data,field_area_para_add,d37,2,6,subarea_id|map_model|unk2|unk3|unk4|map_cam_model
data,field_area_para_add,d38,3,6,subarea_id|map_model|unk2|unk3|unk4|map_cam_model
data,field_area_para_add,d39,2,6,subarea_id|map_model|unk2|unk3|unk4|map_cam_model
data,field_area_para_add,d40,2,6,subarea_id|map_model|unk2|unk3|unk4|map_cam_model
data,field_area_para_add,d41,3,6,subarea_id|map_model|unk2|unk3|unk4|map_cam_model
data,field_area_para_add,d42,3,6,subarea_id|map_model|unk2|unk3|unk4|map_cam_model
data,field_area_para_add,d43,2,6,subarea_id|map_model|unk2|unk3|unk4|map_cam_model
data,field_area_para_add,d44,2,6,subarea_id|map_model|unk2|unk3|unk4|map_cam_model
data,field_area_para_add,d45,2,6,subarea_id|map_model|unk2|unk3|unk4|map_cam_model
data,field_area_para_add,d61,1,6,subarea_id|map_model|unk2|unk3|unk4|map_cam_model
data,field_area_para_add,d62,1,6,subarea_id|map_model|unk2|unk3|unk4|map_cam_model
data,field_area_para_add,d64,1,6,subarea_id|map_model|unk2|unk3|unk4|map_cam_model
data,field_area_para_add,d65,1,6,subarea_id|map_model|unk2|unk3|unk4|map_cam_model
data,field_area_para_add,d70,1,6,subarea_id|map_model|unk2|unk3|unk4|map_cam_model
data,field_area_para_add,d71,1,6,subarea_id|map_model|unk2|unk3|unk4|map_cam_model
data,field_area_para_add,d72,1,6,subarea_id|map_model|unk2|unk3|unk4|map_cam_model
data,field_area_para_add,d73,1,6,subarea_id|map_model|unk2|unk3|unk4|map_cam_model
data,field_area_para_add,d74,1,6,subarea_id|map_model|unk2|unk3|unk4|map_cam_model
data,field_area_para_add,d75,1,6,subarea_id|map_model|unk2|unk3|unk4|map_cam_model
data,field_area_para_add,d76,1,6,subarea_id|map_model|unk2|unk3|unk4|map_cam_model
data,field_area_para_add,d90,2,6,subarea_id|map_model|unk2|unk3|unk4|map_cam_model
data,field_area_para_add,d91,1,6,subarea_id|map_model|unk2|unk3|unk4|map_cam_model
data,field_area_para_add,d92,2,6,subarea_id|map_model|unk2|unk3|unk4|map_cam_model
data,field_area_para_add,d93,1,6,subarea_id|map_model|unk2|unk3|unk4|map_cam_model
data,field_area_para_add,d94,2,6,subarea_id|map_model|unk2|unk3|unk4|map_cam_model
data,field_area_para_add,Field_List,93,3,field_id|map|field_name_id
data,field_area_para_add,OutLine,3,4,id|val1|val2|val3
data,field_area_para_add,t01,2,6,subarea_id|map_model|unk2|unk3|unk4|map_cam_model
data,field_area_para_add,t02,1,6,subarea_id|map_model|unk2|unk3|unk4|map_cam_model
data,field_area_para_add,t03,3,6,subarea_id|map_model|unk2|unk3|unk4|map_cam_model
data,field_area_para_add,t04,8,6,subarea_id|map_model|unk2|unk3|unk4|map_cam_model
data,field_area_para_add,t05,12,6,subarea_id|map_model|unk2|unk3|unk4|map_cam_model
data,field_area_para_add,t06,1,6,subarea_id|map_model|unk2|unk3|unk4|map_cam_model
data,field_area_para_add,t08,1,6,subarea_id|map_model|unk2|unk3|unk4|map_cam_model
data,field_area_para_add,t09,1,6,subarea_id|map_model|unk2|unk3|unk4|map_cam_model
data,field_area_para_add,t10,1,6,subarea_id|map_model|unk2|unk3|unk4|map_cam_model
data,field_area_para_add,t11,2,6,subarea_id|map_model|unk2|unk3|unk4|map_cam_model
data,field_area_para_add,t12,1,6,subarea_id|map_model|unk2|unk3|unk4|map_cam_model
data,field_area_para_add,t20,1,6,subarea_id|map_model|unk2|unk3|unk4|map_cam_model
data,field_area_para_add,t21,1,6,subarea_id|map_model|unk2|unk3|unk4|map_cam_model
data,field_area_para_add,t22,1,6,subarea_id|map_model|unk2|unk3|unk4|map_cam_model
data,field_area_para_add,t23,1,6,subarea_id|map_model|unk2|unk3|unk4|map_cam_model
data,field_area_para_add,t24,6,6,subarea_id|map_model|unk2|unk3|unk4|map_cam_model
data,field_area_para_add,t25,1,6,subarea_id|map_model|unk2|unk3|unk4|map_cam_model
data,field_area_para_add,t30,6,6,subarea_id|map_model|unk2|unk3|unk4|map_cam_model
data,field_area_para_add,t50,7,6,subarea_id|map_model|unk2|unk3|unk4|map_cam_model
data,field_common_param,digimon,3,5,id|unk1|unk2|unk3|unk4
data,field_common_param,digimon_hide,4,2,unk1|unk2
data,field_common_param,dof,116,6,id|unk1|unk2|unk3|unk4|unk5
data,field_common_param,Field,1,20,unk1|unk2|unk3|unk4|unk5|unk6|unk7|unk8|unk9|unk10|unk11|unk12|unk13|unk14|unk15|unk16|unk17|unk18|unk19|unk20
data,field_common_param,minimap,8,4,id|unk1|unk2|unk3
data,field_common_param,minimap_dlc,8,4,id|unk1|unk2|unk3
data,field_common_param,movie_bg,6,3,unk1|unk2|unk3
data,field_common_param,Network,1,14,unk1|unk2|unk3|unk4|unk5|unk6|unk7|unk8|unk9|unk10|unk11|unk12|unk13|unk14
data,field_common_param,no_running,1,1,unk1
data,field_common_param,ray_test,5,2,unk1|unk2
data,field_common_param,real_dungeon,7,1,unk1
data,field_common_param,ui_field_name,32,4,unk1|areaName|areaSubId|imageName
data,field_cp_para,d0602,3,8,id|unk1|unk2|unk3|unk4|unk5|unk6|unk7
data,field_cp_para,d1802,3,8,id|unk1|unk2|unk3|unk4|unk5|unk6|unk7
data,field_cp_para,d1803,5,8,id|unk1|unk2|unk3|unk4|unk5|unk6|unk7
data,field_cp_para,d2002,5,8,id|unk1|unk2|unk3|unk4|unk5|unk6|unk7
data,field_cp_para,d2003,9,8,id|unk1|unk2|unk3|unk4|unk5|unk6|unk7
data,field_cp_para,d3602,3,8,id|unk1|unk2|unk3|unk4|unk5|unk6|unk7
data,field_cp_para_add,d0602,3,8,id|unk1|unk2|unk3|unk4|unk5|unk6|unk7
data,field_cp_para_add,d12501,2,8,id|unk1|unk2|unk3|unk4|unk5|unk6|unk7
data,field_cp_para_add,d12503,4,8,id|unk1|unk2|unk3|unk4|unk5|unk6|unk7
data,field_cp_para_add,d2002,4,8,id|unk1|unk2|unk3|unk4|unk5|unk6|unk7
data,field_cp_para_add,d2003,6,8,id|unk1|unk2|unk3|unk4|unk5|unk6|unk7
data,field_ef_para,d0101,7,11,id|unk1|unk2|unk3|unk4|unk5|unk6|unk7|unk8|unk9|unk10
data,field_ef_para,d0102,2,11,id|unk1|unk2|unk3|unk4|unk5|unk6|unk7|unk8|unk9|unk10
data,field_ef_para,d0103,1,11,id|unk1|unk2|unk3|unk4|unk5|unk6|unk7|unk8|unk9|unk10
data,field_ef_para,d0105,2,11,id|unk1|unk2|unk3|unk4|unk5|unk6|unk7|unk8|unk9|unk10
data,field_ef_para,d0201,2,11,id|unk1|unk2|unk3|unk4|unk5|unk6|unk7|unk8|unk9|unk10
data,field_ef_para,d0202,2,11,id|unk1|unk2|unk3|unk4|unk5|unk6|unk7|unk8|unk9|unk10
data,field_ef_para,d0203,5,11,id|unk1|unk2|unk3|unk4|unk5|unk6|unk7|unk8|unk9|unk10
data,field_ef_para,d0204,4,11,id|unk1|unk2|unk3|unk4|unk5|unk6|unk7|unk8|unk9|unk10
data,field_ef_para,d0205,6,11,id|unk1|unk2|unk3|unk4|unk5|unk6|unk7|unk8|unk9|unk10
data,field_ef_para,d0301,3,11,id|unk1|unk2|unk3|unk4|unk5|unk6|unk7|unk8|unk9|unk10
data,field_ef_para,d0401,1,11,id|unk1|unk2|unk3|unk4|unk5|unk6|unk7|unk8|unk9|unk10
data,field_ef_para,d0402,2,11,id|unk1|unk2|unk3|unk4|unk5|unk6|unk7|unk8|unk9|unk10
data,field_ef_para,d0403,3,11,id|unk1|unk2|unk3|unk4|unk5|unk6|unk7|unk8|unk9|unk10
data,field_ef_para,d0404,4,11,id|unk1|unk2|unk3|unk4|unk5|unk6|unk7|unk8|unk9|unk10
data,field_ef_para,d0405,2,11,id|unk1|unk2|unk3|unk4|unk5|unk6|unk7|unk8|unk9|unk10
data,field_ef_para,d0501,1,11,id|unk1|unk2|unk3|unk4|unk5|unk6|unk7|unk8|unk9|unk10
data,field_ef_para,d0502,2,11,id|unk1|unk2|unk3|unk4|unk5|unk6|unk7|unk8|unk9|unk10
data,field_ef_para,d0503,3,11,id|unk1|unk2|unk3|unk4|unk5|unk6|unk7|unk8|unk9|unk10
data,field_ef_para,d0504,4,11,id|unk1|unk2|unk3|unk4|unk5|unk6|unk7|unk8|unk9|unk10
data,field_ef_para,d0505,3,11,id|unk1|unk2|unk3|unk4|unk5|unk6|unk7|unk8|unk9|unk10
data,field_ef_para,d0506,1,11,id|unk1|unk2|unk3|unk4|unk5|unk6|unk7|unk8|unk9|unk10
data,field_ef_para,d0601,1,11,id|unk1|unk2|unk3|unk4|unk5|unk6|unk7|unk8|unk9|unk10
data,field_ef_para,d0602,5,11,id|unk1|unk2|unk3|unk4|unk5|unk6|unk7|unk8|unk9|unk10
data,field_ef_para,d0603,7,11,id|unk1|unk2|unk3|unk4|unk5|unk6|unk7|unk8|unk9|unk10
data,field_ef_para,d0701,2,11,id|unk1|unk2|unk3|unk4|unk5|unk6|unk7|unk8|unk9|unk10
data,field_ef_para,d0702,3,11,id|unk1|unk2|unk3|unk4|unk5|unk6|unk7|unk8|unk9|unk10
data,field_ef_para,d0703,3,11,id|unk1|unk2|unk3|unk4|unk5|unk6|unk7|unk8|unk9|unk10
data,field_ef_para,d0704,1,11,id|unk1|unk2|unk3|unk4|unk5|unk6|unk7|unk8|unk9|unk10
data,field_ef_para,d0705,2,11,id|unk1|unk2|unk3|unk4|unk5|unk6|unk7|unk8|unk9|unk10
data,field_ef_para,d0707,2,11,id|unk1|unk2|unk3|unk4|unk5|unk6|unk7|unk8|unk9|unk10
data,field_ef_para,d0804,1,11,id|unk1|unk2|unk3|unk4|unk5|unk6|unk7|unk8|unk9|unk10
data,field_ef_para,d0901,2,11,id|unk1|unk2|unk3|unk4|unk5|unk6|unk7|unk8|unk9|unk10
data,field_ef_para,d1101,1,11,id|unk1|unk2|unk3|unk4|unk5|unk6|unk7|unk8|unk9|unk10
data,field_ef_para,d1102,1,11,id|unk1|unk2|unk3|unk4|unk5|unk6|unk7|unk8|unk9|unk10
data,field_ef_para,d1103,1,11,id|unk1|unk2|unk3|unk4|unk5|unk6|unk7|unk8|unk9|unk10
data,field_ef_para,d1105,2,11,id|unk1|unk2|unk3|unk4|unk5|unk6|unk7|unk8|unk9|unk10
data,field_ef_para,d1106,1,11,id|unk1|unk2|unk3|unk4|unk5|unk6|unk7|unk8|unk9|unk10
data,field_ef_para,d1107,2,11,id|unk1|unk2|unk3|unk4|unk5|unk6|unk7|unk8|unk9|unk10
data,field_ef_para,d1109,2,11,id|unk1|unk2|unk3|unk4|unk5|unk6|unk7|unk8|unk9|unk10
data,field_ef_para,d1110,1,11,id|unk1|unk2|unk3|unk4|unk5|unk6|unk7|unk8|unk9|unk10
data,field_ef_para,d1201,6,11,id|unk1|unk2|unk3|unk4|unk5|unk6|unk7|unk8|unk9|unk10
data,field_ef_para,d1202,5,11,id|unk1|unk2|unk3|unk4|unk5|unk6|unk7|unk8|unk9|unk10
data,field_ef_para,d1203,1,11,id|unk1|unk2|unk3|unk4|unk5|unk6|unk7|unk8|unk9|unk10
data,field_ef_para,d1301,2,11,id|unk1|unk2|unk3|unk4|unk5|unk6|unk7|unk8|unk9|unk10
data,field_ef_para,d1302,3,11,id|unk1|unk2|unk3|unk4|unk5|unk6|unk7|unk8|unk9|unk10
data,field_ef_para,d1403,1,11,id|unk1|unk2|unk3|unk4|unk5|unk6|unk7|unk8|unk9|unk10
data,field_ef_para,d1411,1,11,id|unk1|unk2|unk3|unk4|unk5|unk6|unk7|unk8|unk9|unk10
data,field_ef_para,d1417,3,11,id|unk1|unk2|unk3|unk4|unk5|unk6|unk7|unk8|unk9|unk10
data,field_ef_para,d1501,4,11,id|unk1|unk2|unk3|unk4|unk5|unk6|unk7|unk8|unk9|unk10
data,field_ef_para,d1502,5,11,id|unk1|unk2|unk3|unk4|unk5|unk6|unk7|unk8|unk9|unk10
data,field_ef_para,d1503,1,11,id|unk1|unk2|unk3|unk4|unk5|unk6|unk7|unk8|unk9|unk10
data,field_ef_para,d1705,1,11,id|unk1|unk2|unk3|unk4|unk5|unk6|unk7|unk8|unk9|unk10
data,field_ef_para,d2001,1,11,id|unk1|unk2|unk3|unk4|unk5|unk6|unk7|unk8|unk9|unk10
data,field_ef_para,d3701,1,11,id|unk1|unk2|unk3|unk4|unk5|unk6|unk7|unk8|unk9|unk10
data,field_ef_para,d3702,1,11,id|unk1|unk2|unk3|unk4|unk5|unk6|unk7|unk8|unk9|unk10
data,field_ef_para,d3802,1,11,id|unk1|unk2|unk3|unk4|unk5|unk6|unk7|unk8|unk9|unk10
data,field_ef_para,d4102,2,11,id|unk1|unk2|unk3|unk4|unk5|unk6|unk7|unk8|unk9|unk10
data,field_ef_para,d4103,3,11,id|unk1|unk2|unk3|unk4|unk5|unk6|unk7|unk8|unk9|unk10
data,field_ef_para,d9001,4,11,id|unk1|unk2|unk3|unk4|unk5|unk6|unk7|unk8|unk9|unk10
data,field_ef_para,d9002,2,11,id|unk1|unk2|unk3|unk4|unk5|unk6|unk7|unk8|unk9|unk10
data,field_ef_para,d9101,3,11,id|unk1|unk2|unk3|unk4|unk5|unk6|unk7|unk8|unk9|unk10
data,field_ef_para,d9201,2,11,id|unk1|unk2|unk3|unk4|unk5|unk6|unk7|unk8|unk9|unk10
data,field_ef_para,d9202,3,11,id|unk1|unk2|unk3|unk4|unk5|unk6|unk7|unk8|unk9|unk10
data,field_ef_para,d9301,1,11,id|unk1|unk2|unk3|unk4|unk5|unk6|unk7|unk8|unk9|unk10
data,field_ef_para,t0101,2,11,id|unk1|unk2|unk3|unk4|unk5|unk6|unk7|unk8|unk9|unk10
data,field_ef_para,t0102,2,11,id|unk1|unk2|unk3|unk4|unk5|unk6|unk7|unk8|unk9|unk10
data,field_ef_para,t0201,2,11,id|unk1|unk2|unk3|unk4|unk5|unk6|unk7|unk8|unk9|unk10
data,field_ef_para,t0302,1,11,id|unk1|unk2|unk3|unk4|unk5|unk6|unk7|unk8|unk9|unk10
data,field_ef_para,t0405,1,11,id|unk1|unk2|unk3|unk4|unk5|unk6|unk7|unk8|unk9|unk10
data,field_ef_para,t0503,1,11,id|unk1|unk2|unk3|unk4|unk5|unk6|unk7|unk8|unk9|unk10
data,field_ef_para,t0505,1,11,id|unk1|unk2|unk3|unk4|unk5|unk6|unk7|unk8|unk9|unk10
data,field_ef_para,t0506,2,11,id|unk1|unk2|unk3|unk4|unk5|unk6|unk7|unk8|unk9|unk10
data,field_ef_para,t0601,1,11,id|unk1|unk2|unk3|unk4|unk5|unk6|unk7|unk8|unk9|unk10
data,field_ef_para,t0801,1,11,id|unk1|unk2|unk3|unk4|unk5|unk6|unk7|unk8|unk9|unk10
data,field_ef_para,t1001,2,11,id|unk1|unk2|unk3|unk4|unk5|unk6|unk7|unk8|unk9|unk10
data,field_ef_para,t1102,1,11,id|unk1|unk2|unk3|unk4|unk5|unk6|unk7|unk8|unk9|unk10
data,field_ef_para,t2001,2,11,id|unk1|unk2|unk3|unk4|unk5|unk6|unk7|unk8|unk9|unk10
data,field_ef_para,t2101,1,11,id|unk1|unk2|unk3|unk4|unk5|unk6|unk7|unk8|unk9|unk10
data,field_ef_para,t2401,1,11,id|unk1|unk2|unk3|unk4|unk5|unk6|unk7|unk8|unk9|unk10
data,field_ef_para,t2406,1,11,id|unk1|unk2|unk3|unk4|unk5|unk6|unk7|unk8|unk9|unk10
data,field_ef_para,t2501,2,11,id|unk1|unk2|unk3|unk4|unk5|unk6|unk7|unk8|unk9|unk10
data,field_ef_para,t3001,4,11,id|unk1|unk2|unk3|unk4|unk5|unk6|unk7|unk8|unk9|unk10
data,field_ef_para_add,d0101,3,11,id|unk1|unk2|unk3|unk4|unk5|unk6|unk7|unk8|unk9|unk10
data,field_ef_para_add,d0102,2,11,id|unk1|unk2|unk3|unk4|unk5|unk6|unk7|unk8|unk9|unk10
data,field_ef_para_add,d0103,1,11,id|unk1|unk2|unk3|unk4|unk5|unk6|unk7|unk8|unk9|unk10
data,field_ef_para_add,d0105,2,11,id|unk1|unk2|unk3|unk4|unk5|unk6|unk7|unk8|unk9|unk10
data,field_ef_para_add,d0201,0,11,id|unk1|unk2|unk3|unk4|unk5|unk6|unk7|unk8|unk9|unk10
data,field_ef_para_add,d0202,0,11,id|unk1|unk2|unk3|unk4|unk5|unk6|unk7|unk8|unk9|unk10
data,field_ef_para_add,d0203,1,11,id|unk1|unk2|unk3|unk4|unk5|unk6|unk7|unk8|unk9|unk10
data,field_ef_para_add,d0204,1,11,id|unk1|unk2|unk3|unk4|unk5|unk6|unk7|unk8|unk9|unk10
data,field_ef_para_add,d0205,6,11,id|unk1|unk2|unk3|unk4|unk5|unk6|unk7|unk8|unk9|unk10
data,field_ef_para_add,d0301,5,11,id|unk1|unk2|unk3|unk4|unk5|unk6|unk7|unk8|unk9|unk10
data,field_ef_para_add,d0401,1,11,id|unk1|unk2|unk3|unk4|unk5|unk6|unk7|unk8|unk9|unk10
data,field_ef_para_add,d0402,3,11,id|unk1|unk2|unk3|unk4|unk5|unk6|unk7|unk8|unk9|unk10
data,field_ef_para_add,d0403,4,11,id|unk1|unk2|unk3|unk4|unk5|unk6|unk7|unk8|unk9|unk10
data,field_ef_para_add,d0404,4,11,id|unk1|unk2|unk3|unk4|unk5|unk6|unk7|unk8|unk9|unk10
data,field_ef_para_add,d0405,2,11,id|unk1|unk2|unk3|unk4|unk5|unk6|unk7|unk8|unk9|unk10
data,field_ef_para_add,d0501,1,11,id|unk1|unk2|unk3|unk4|unk5|unk6|unk7|unk8|unk9|unk10
data,field_ef_para_add,d0502,2,11,id|unk1|unk2|unk3|unk4|unk5|unk6|unk7|unk8|unk9|unk10
data,field_ef_para_add,d0503,4,11,id|unk1|unk2|unk3|unk4|unk5|unk6|unk7|unk8|unk9|unk10
data,field_ef_para_add,d0504,1,11,id|unk1|unk2|unk3|unk4|unk5|unk6|unk7|unk8|unk9|unk10
data,field_ef_para_add,d0505,3,11,id|unk1|unk2|unk3|unk4|unk5|unk6|unk7|unk8|unk9|unk10
data,field_ef_para_add,d0506,1,11,id|unk1|unk2|unk3|unk4|unk5|unk6|unk7|unk8|unk9|unk10
data,field_ef_para_add,d0601,1,11,id|unk1|unk2|unk3|unk4|unk5|unk6|unk7|unk8|unk9|unk10
data,field_ef_para_add,d0602,6,11,id|unk1|unk2|unk3|unk4|unk5|unk6|unk7|unk8|unk9|unk10
data,field_ef_para_add,d0603,7,11,id|unk1|unk2|unk3|unk4|unk5|unk6|unk7|unk8|unk9|unk10
data,field_ef_para_add,d0701,2,11,id|unk1|unk2|unk3|unk4|unk5|unk6|unk7|unk8|unk9|unk10
data,field_ef_para_add,d0702,4,11,id|unk1|unk2|unk3|unk4|unk5|unk6|unk7|unk8|unk9|unk10
data,field_ef_para_add,d0703,3,11,id|unk1|unk2|unk3|unk4|unk5|unk6|unk7|unk8|unk9|unk10
data,field_ef_para_add,d0704,1,11,id|unk1|unk2|unk3|unk4|unk5|unk6|unk7|unk8|unk9|unk10
data,field_ef_para_add,d0705,2,11,id|unk1|unk2|unk3|unk4|unk5|unk6|unk7|unk8|unk9|unk10
data,field_ef_para_add,d0707,2,11,id|unk1|unk2|unk3|unk4|unk5|unk6|unk7|unk8|unk9|unk10
data,field_ef_para_add,d0804,1,11,id|unk1|unk2|unk3|unk4|unk5|unk6|unk7|unk8|unk9|unk10
data,field_ef_para_add,d0901,5,11,id|unk1|unk2|unk3|unk4|unk5|unk6|unk7|unk8|unk9|unk10
data,field_ef_para_add,d10101,1,11,id|unk1|unk2|unk3|unk4|unk5|unk6|unk7|unk8|unk9|unk10
data,field_ef_para_add,d10102,1,11,id|unk1|unk2|unk3|unk4|unk5|unk6|unk7|unk8|unk9|unk10
data,field_ef_para_add,d10103,1,11,id|unk1|unk2|unk3|unk4|unk5|unk6|unk7|unk8|unk9|unk10
data,field_ef_para_add,d10104,2,11,id|unk1|unk2|unk3|unk4|unk5|unk6|unk7|unk8|unk9|unk10
data,field_ef_para_add,d10201,1,11,id|unk1|unk2|unk3|unk4|unk5|unk6|unk7|unk8|unk9|unk10
data,field_ef_para_add,d10202,2,11,id|unk1|unk2|unk3|unk4|unk5|unk6|unk7|unk8|unk9|unk10
data,field_ef_para_add,d10203,3,11,id|unk1|unk2|unk3|unk4|unk5|unk6|unk7|unk8|unk9|unk10
data,field_ef_para_add,d10301,4,11,id|unk1|unk2|unk3|unk4|unk5|unk6|unk7|unk8|unk9|unk10
data,field_ef_para_add,d10402,2,11,id|unk1|unk2|unk3|unk4|unk5|unk6|unk7|unk8|unk9|unk10
data,field_ef_para_add,d10403,2,11,id|unk1|unk2|unk3|unk4|unk5|unk6|unk7|unk8|unk9|unk10
data,field_ef_para_add,d10501,2,11,id|unk1|unk2|unk3|unk4|unk5|unk6|unk7|unk8|unk9|unk10
data,field_ef_para_add,d10502,3,11,id|unk1|unk2|unk3|unk4|unk5|unk6|unk7|unk8|unk9|unk10
data,field_ef_para_add,d10601,3,11,id|unk1|unk2|unk3|unk4|unk5|unk6|unk7|unk8|unk9|unk10
data,field_ef_para_add,d10602,2,11,id|unk1|unk2|unk3|unk4|unk5|unk6|unk7|unk8|unk9|unk10
data,field_ef_para_add,d10701,2,11,id|unk1|unk2|unk3|unk4|unk5|unk6|unk7|unk8|unk9|unk10
data,field_ef_para_add,d10702,3,11,id|unk1|unk2|unk3|unk4|unk5|unk6|unk7|unk8|unk9|unk10
data,field_ef_para_add,d10801,21,11,id|unk1|unk2|unk3|unk4|unk5|unk6|unk7|unk8|unk9|unk10
data,field_ef_para_add,d10901,5,11,id|unk1|unk2|unk3|unk4|unk5|unk6|unk7|unk8|unk9|unk10
data,field_ef_para_add,d11001,3,11,id|unk1|unk2|unk3|unk4|unk5|unk6|unk7|unk8|unk9|unk10
data,field_ef_para_add,d11002,2,11,id|unk1|unk2|unk3|unk4|unk5|unk6|unk7|unk8|unk9|unk10
data,field_ef_para_add,d1101,1,11,id|unk1|unk2|unk3|unk4|unk5|unk6|unk7|unk8|unk9|unk10
data,field_ef_para_add,d1102,1,11,id|unk1|unk2|unk3|unk4|unk5|unk6|unk7|unk8|unk9|unk10
data,field_ef_para_add,d1103,1,11,id|unk1|unk2|unk3|unk4|unk5|unk6|unk7|unk8|unk9|unk10
data,field_ef_para_add,d1105,2,11,id|unk1|unk2|unk3|unk4|unk5|unk6|unk7|unk8|unk9|unk10
data,field_ef_para_add,d1106,1,11,id|unk1|unk2|unk3|unk4|unk5|unk6|unk7|unk8|unk9|unk10
data,field_ef_para_add,d1107,2,11,id|unk1|unk2|unk3|unk4|unk5|unk6|unk7|unk8|unk9|unk10
data,field_ef_para_add,d1109,2,11,id|unk1|unk2|unk3|unk4|unk5|unk6|unk7|unk8|unk9|unk10
data,field_ef_para_add,d1110,1,11,id|unk1|unk2|unk3|unk4|unk5|unk6|unk7|unk8|unk9|unk10
data,field_ef_para_add,d1201,6,11,id|unk1|unk2|unk3|unk4|unk5|unk6|unk7|unk8|unk9|unk10
data,field_ef_para_add,d1202,5,11,id|unk1|unk2|unk3|unk4|unk5|unk6|unk7|unk8|unk9|unk10
data,field_ef_para_add,d1203,1,11,id|unk1|unk2|unk3|unk4|unk5|unk6|unk7|unk8|unk9|unk10
data,field_ef_para_add,d12201,2,11,id|unk1|unk2|unk3|unk4|unk5|unk6|unk7|unk8|unk9|unk10
data,field_ef_para_add,d13004,1,11,id|unk1|unk2|unk3|unk4|unk5|unk6|unk7|unk8|unk9|unk10
data,field_ef_para_add,d1301,2,11,id|unk1|unk2|unk3|unk4|unk5|unk6|unk7|unk8|unk9|unk10
data,field_ef_para_add,d1302,3,11,id|unk1|unk2|unk3|unk4|unk5|unk6|unk7|unk8|unk9|unk10
data,field_ef_para_add,d13102,1,11,id|unk1|unk2|unk3|unk4|unk5|unk6|unk7|unk8|unk9|unk10
data,field_ef_para_add,d13104,1,11,id|unk1|unk2|unk3|unk4|unk5|unk6|unk7|unk8|unk9|unk10
data,field_ef_para_add,d13105,1,11,id|unk1|unk2|unk3|unk4|unk5|unk6|unk7|unk8|unk9|unk10
data,field_ef_para_add,d13107,5,11,id|unk1|unk2|unk3|unk4|unk5|unk6|unk7|unk8|unk9|unk10
data,field_ef_para_add,d13109,3,11,id|unk1|unk2|unk3|unk4|unk5|unk6|unk7|unk8|unk9|unk10
data,field_ef_para_add,d13112,2,11,id|unk1|unk2|unk3|unk4|unk5|unk6|unk7|unk8|unk9|unk10
data,field_ef_para_add,d13117,1,11,id|unk1|unk2|unk3|unk4|unk5|unk6|unk7|unk8|unk9|unk10
data,field_ef_para_add,d13121,1,11,id|unk1|unk2|unk3|unk4|unk5|unk6|unk7|unk8|unk9|unk10
data,field_ef_para_add,d1403,1,11,id|unk1|unk2|unk3|unk4|unk5|unk6|unk7|unk8|unk9|unk10
data,field_ef_para_add,d1411,1,11,id|unk1|unk2|unk3|unk4|unk5|unk6|unk7|unk8|unk9|unk10
data,field_ef_para_add,d1417,3,11,id|unk1|unk2|unk3|unk4|unk5|unk6|unk7|unk8|unk9|unk10
data,field_ef_para_add,d1501,4,11,id|unk1|unk2|unk3|unk4|unk5|unk6|unk7|unk8|unk9|unk10
data,field_ef_para_add,d1502,5,11,id|unk1|unk2|unk3|unk4|unk5|unk6|unk7|unk8|unk9|unk10
data,field_ef_para_add,d1503,1,11,id|unk1|unk2|unk3|unk4|unk5|unk6|unk7|unk8|unk9|unk10
data,field_ef_para_add,d1705,0,11,id|unk1|unk2|unk3|unk4|unk5|unk6|unk7|unk8|unk9|unk10
data,field_ef_para_add,d2001,1,11,id|unk1|unk2|unk3|unk4|unk5|unk6|unk7|unk8|unk9|unk10
data,field_ef_para_add,d3701,1,11,id|unk1|unk2|unk3|unk4|unk5|unk6|unk7|unk8|unk9|unk10
data,field_ef_para_add,d3702,1,11,id|unk1|unk2|unk3|unk4|unk5|unk6|unk7|unk8|unk9|unk10
data,field_ef_para_add,d3802,1,11,id|unk1|unk2|unk3|unk4|unk5|unk6|unk7|unk8|unk9|unk10
data,field_ef_para_add,d4102,2,11,id|unk1|unk2|unk3|unk4|unk5|unk6|unk7|unk8|unk9|unk10
data,field_ef_para_add,d4103,3,11,id|unk1|unk2|unk3|unk4|unk5|unk6|unk7|unk8|unk9|unk10
data,field_ef_para_add,d9001,4,11,id|unk1|unk2|unk3|unk4|unk5|unk6|unk7|unk8|unk9|unk10
data,field_ef_para_add,d9002,2,11,id|unk1|unk2|unk3|unk4|unk5|unk6|unk7|unk8|unk9|unk10
data,field_ef_para_add,d9101,3,11,id|unk1|unk2|unk3|unk4|unk5|unk6|unk7|unk8|unk9|unk10
data,field_ef_para_add,d9201,2,11,id|unk1|unk2|unk3|unk4|unk5|unk6|unk7|unk8|unk9|unk10
data,field_ef_para_add,d9202,3,11,id|unk1|unk2|unk3|unk4|unk5|unk6|unk7|unk8|unk9|unk10
data,field_ef_para_add,d9301,1,11,id|unk1|unk2|unk3|unk4|unk5|unk6|unk7|unk8|unk9|unk10
data,field_ef_para_add,t0101,2,11,id|unk1|unk2|unk3|unk4|unk5|unk6|unk7|unk8|unk9|unk10
data,field_ef_para_add,t0102,2,11,id|unk1|unk2|unk3|unk4|unk5|unk6|unk7|unk8|unk9|unk10
data,field_ef_para_add,t0201,2,11,id|unk1|unk2|unk3|unk4|unk5|unk6|unk7|unk8|unk9|unk10
data,field_ef_para_add,t0302,1,11,id|unk1|unk2|unk3|unk4|unk5|unk6|unk7|unk8|unk9|unk10
data,field_ef_para_add,t0405,1,11,id|unk1|unk2|unk3|unk4|unk5|unk6|unk7|unk8|unk9|unk10
data,field_ef_para_add,t0505,1,11,id|unk1|unk2|unk3|unk4|unk5|unk6|unk7|unk8|unk9|unk10
data,field_ef_para_add,t0506,2,11,id|unk1|unk2|unk3|unk4|unk5|unk6|unk7|unk8|unk9|unk10
data,field_ef_para_add,t0601,1,11,id|unk1|unk2|unk3|unk4|unk5|unk6|unk7|unk8|unk9|unk10
data,field_ef_para_add,t1001,2,11,id|unk1|unk2|unk3|unk4|unk5|unk6|unk7|unk8|unk9|unk10
data,field_ef_para_add,t1102,1,11,id|unk1|unk2|unk3|unk4|unk5|unk6|unk7|unk8|unk9|unk10
data,field_ef_para_add,t2001,0,11,id|unk1|unk2|unk3|unk4|unk5|unk6|unk7|unk8|unk9|unk10
data,field_ef_para_add,t2101,0,11,id|unk1|unk2|unk3|unk4|unk5|unk6|unk7|unk8|unk9|unk10
data,field_ef_para_add,t2401,1,11,id|unk1|unk2|unk3|unk4|unk5|unk6|unk7|unk8|unk9|unk10
data,field_ef_para_add,t2406,1,11,id|unk1|unk2|unk3|unk4|unk5|unk6|unk7|unk8|unk9|unk10
data,field_ef_para_add,t2501,4,11,id|unk1|unk2|unk3|unk4|unk5|unk6|unk7|unk8|unk9|unk10
data,field_ef_para_add,t3001,4,11,id|unk1|unk2|unk3|unk4|unk5|unk6|unk7|unk8|unk9|unk10
data,field_ef_para_add,t5002,1,11,id|unk1|unk2|unk3|unk4|unk5|unk6|unk7|unk8|unk9|unk10
data,field_gk_para,d0101,2,16,id|unk1|unk2|unk3|unk4|unk5|unk6|unk7|unk8|unk9|unk10|unk11|unk12|unk13|unk14|unk15
data,field_gk_para,d0102,2,16,id|unk1|unk2|unk3|unk4|unk5|unk6|unk7|unk8|unk9|unk10|unk11|unk12|unk13|unk14|unk15
data,field_gk_para,d0201,1,16,id|unk1|unk2|unk3|unk4|unk5|unk6|unk7|unk8|unk9|unk10|unk11|unk12|unk13|unk14|unk15
data,field_gk_para,d0202,1,16,id|unk1|unk2|unk3|unk4|unk5|unk6|unk7|unk8|unk9|unk10|unk11|unk12|unk13|unk14|unk15
data,field_gk_para,d0203,3,16,id|unk1|unk2|unk3|unk4|unk5|unk6|unk7|unk8|unk9|unk10|unk11|unk12|unk13|unk14|unk15
data,field_gk_para,d0204,4,16,id|unk1|unk2|unk3|unk4|unk5|unk6|unk7|unk8|unk9|unk10|unk11|unk12|unk13|unk14|unk15
data,field_gk_para,d0205,2,16,id|unk1|unk2|unk3|unk4|unk5|unk6|unk7|unk8|unk9|unk10|unk11|unk12|unk13|unk14|unk15
data,field_gk_para,d0301,1,16,id|unk1|unk2|unk3|unk4|unk5|unk6|unk7|unk8|unk9|unk10|unk11|unk12|unk13|unk14|unk15
data,field_gk_para,d0401,4,16,id|unk1|unk2|unk3|unk4|unk5|unk6|unk7|unk8|unk9|unk10|unk11|unk12|unk13|unk14|unk15
data,field_gk_para,d0501,4,16,id|unk1|unk2|unk3|unk4|unk5|unk6|unk7|unk8|unk9|unk10|unk11|unk12|unk13|unk14|unk15
data,field_gk_para,d0601,4,16,id|unk1|unk2|unk3|unk4|unk5|unk6|unk7|unk8|unk9|unk10|unk11|unk12|unk13|unk14|unk15
data,field_gk_para,d0602,6,16,id|unk1|unk2|unk3|unk4|unk5|unk6|unk7|unk8|unk9|unk10|unk11|unk12|unk13|unk14|unk15
data,field_gk_para,d0603,7,16,id|unk1|unk2|unk3|unk4|unk5|unk6|unk7|unk8|unk9|unk10|unk11|unk12|unk13|unk14|unk15
data,field_gk_para,d0701,3,16,id|unk1|unk2|unk3|unk4|unk5|unk6|unk7|unk8|unk9|unk10|unk11|unk12|unk13|unk14|unk15
data,field_gk_para,d0702,5,16,id|unk1|unk2|unk3|unk4|unk5|unk6|unk7|unk8|unk9|unk10|unk11|unk12|unk13|unk14|unk15
data,field_gk_para,d0703,0,16,id|unk1|unk2|unk3|unk4|unk5|unk6|unk7|unk8|unk9|unk10|unk11|unk12|unk13|unk14|unk15
data,field_gk_para,d0704,1,16,id|unk1|unk2|unk3|unk4|unk5|unk6|unk7|unk8|unk9|unk10|unk11|unk12|unk13|unk14|unk15
data,field_gk_para,d0705,1,16,id|unk1|unk2|unk3|unk4|unk5|unk6|unk7|unk8|unk9|unk10|unk11|unk12|unk13|unk14|unk15
data,field_gk_para,d0706,2,16,id|unk1|unk2|unk3|unk4|unk5|unk6|unk7|unk8|unk9|unk10|unk11|unk12|unk13|unk14|unk15
data,field_gk_para,d0707,1,16,id|unk1|unk2|unk3|unk4|unk5|unk6|unk7|unk8|unk9|unk10|unk11|unk12|unk13|unk14|unk15
data,field_gk_para,d0801,1,16,id|unk1|unk2|unk3|unk4|unk5|unk6|unk7|unk8|unk9|unk10|unk11|unk12|unk13|unk14|unk15
data,field_gk_para,d0804,1,16,id|unk1|unk2|unk3|unk4|unk5|unk6|unk7|unk8|unk9|unk10|unk11|unk12|unk13|unk14|unk15
data,field_gk_para,d0901,1,16,id|unk1|unk2|unk3|unk4|unk5|unk6|unk7|unk8|unk9|unk10|unk11|unk12|unk13|unk14|unk15
data,field_gk_para,d1105,3,16,id|unk1|unk2|unk3|unk4|unk5|unk6|unk7|unk8|unk9|unk10|unk11|unk12|unk13|unk14|unk15
data,field_gk_para,d1107,1,16,id|unk1|unk2|unk3|unk4|unk5|unk6|unk7|unk8|unk9|unk10|unk11|unk12|unk13|unk14|unk15
data,field_gk_para,d1201,4,16,id|unk1|unk2|unk3|unk4|unk5|unk6|unk7|unk8|unk9|unk10|unk11|unk12|unk13|unk14|unk15
data,field_gk_para,d1202,8,16,id|unk1|unk2|unk3|unk4|unk5|unk6|unk7|unk8|unk9|unk10|unk11|unk12|unk13|unk14|unk15
data,field_gk_para,d1301,19,16,id|unk1|unk2|unk3|unk4|unk5|unk6|unk7|unk8|unk9|unk10|unk11|unk12|unk13|unk14|unk15
data,field_gk_para,d1401,8,16,id|unk1|unk2|unk3|unk4|unk5|unk6|unk7|unk8|unk9|unk10|unk11|unk12|unk13|unk14|unk15
data,field_gk_para,d1402,7,16,id|unk1|unk2|unk3|unk4|unk5|unk6|unk7|unk8|unk9|unk10|unk11|unk12|unk13|unk14|unk15
data,field_gk_para,d1403,7,16,id|unk1|unk2|unk3|unk4|unk5|unk6|unk7|unk8|unk9|unk10|unk11|unk12|unk13|unk14|unk15
data,field_gk_para,d1404,3,16,id|unk1|unk2|unk3|unk4|unk5|unk6|unk7|unk8|unk9|unk10|unk11|unk12|unk13|unk14|unk15
data,field_gk_para,d1405,7,16,id|unk1|unk2|unk3|unk4|unk5|unk6|unk7|unk8|unk9|unk10|unk11|unk12|unk13|unk14|unk15
data,field_gk_para,d1406,6,16,id|unk1|unk2|unk3|unk4|unk5|unk6|unk7|unk8|unk9|unk10|unk11|unk12|unk13|unk14|unk15
data,field_gk_para,d1407,7,16,id|unk1|unk2|unk3|unk4|unk5|unk6|unk7|unk8|unk9|unk10|unk11|unk12|unk13|unk14|unk15
data,field_gk_para,d1408,3,16,id|unk1|unk2|unk3|unk4|unk5|unk6|unk7|unk8|unk9|unk10|unk11|unk12|unk13|unk14|unk15
data,field_gk_para,d1409,7,16,id|unk1|unk2|unk3|unk4|unk5|unk6|unk7|unk8|unk9|unk10|unk11|unk12|unk13|unk14|unk15
data,field_gk_para,d1410,6,16,id|unk1|unk2|unk3|unk4|unk5|unk6|unk7|unk8|unk9|unk10|unk11|unk12|unk13|unk14|unk15
data,field_gk_para,d1411,6,16,id|unk1|unk2|unk3|unk4|unk5|unk6|unk7|unk8|unk9|unk10|unk11|unk12|unk13|unk14|unk15
data,field_gk_para,d1412,7,16,id|unk1|unk2|unk3|unk4|unk5|unk6|unk7|unk8|unk9|unk10|unk11|unk12|unk13|unk14|unk15
data,field_gk_para,d1413,3,16,id|unk1|unk2|unk3|unk4|unk5|unk6|unk7|unk8|unk9|unk10|unk11|unk12|unk13|unk14|unk15
data,field_gk_para,d1414,2,16,id|unk1|unk2|unk3|unk4|unk5|unk6|unk7|unk8|unk9|unk10|unk11|unk12|unk13|unk14|unk15
data,field_gk_para,d1415,2,16,id|unk1|unk2|unk3|unk4|unk5|unk6|unk7|unk8|unk9|unk10|unk11|unk12|unk13|unk14|unk15
data,field_gk_para,d1416,1,16,id|unk1|unk2|unk3|unk4|unk5|unk6|unk7|unk8|unk9|unk10|unk11|unk12|unk13|unk14|unk15
data,field_gk_para,d1417,1,16,id|unk1|unk2|unk3|unk4|unk5|unk6|unk7|unk8|unk9|unk10|unk11|unk12|unk13|unk14|unk15
data,field_gk_para,d1501,1,16,id|unk1|unk2|unk3|unk4|unk5|unk6|unk7|unk8|unk9|unk10|unk11|unk12|unk13|unk14|unk15
data,field_gk_para,d1502,1,16,id|unk1|unk2|unk3|unk4|unk5|unk6|unk7|unk8|unk9|unk10|unk11|unk12|unk13|unk14|unk15
data,field_gk_para,d1701,2,16,id|unk1|unk2|unk3|unk4|unk5|unk6|unk7|unk8|unk9|unk10|unk11|unk12|unk13|unk14|unk15
data,field_gk_para,d1801,2,16,id|unk1|unk2|unk3|unk4|unk5|unk6|unk7|unk8|unk9|unk10|unk11|unk12|unk13|unk14|unk15
data,field_gk_para,d1802,10,16,id|unk1|unk2|unk3|unk4|unk5|unk6|unk7|unk8|unk9|unk10|unk11|unk12|unk13|unk14|unk15
data,field_gk_para,d1803,11,16,id|unk1|unk2|unk3|unk4|unk5|unk6|unk7|unk8|unk9|unk10|unk11|unk12|unk13|unk14|unk15
data,field_gk_para,d2001,2,16,id|unk1|unk2|unk3|unk4|unk5|unk6|unk7|unk8|unk9|unk10|unk11|unk12|unk13|unk14|unk15
data,field_gk_para,d2002,10,16,id|unk1|unk2|unk3|unk4|unk5|unk6|unk7|unk8|unk9|unk10|unk11|unk12|unk13|unk14|unk15
data,field_gk_para,d2003,20,16,id|unk1|unk2|unk3|unk4|unk5|unk6|unk7|unk8|unk9|unk10|unk11|unk12|unk13|unk14|unk15
data,field_gk_para,d2004,2,16,id|unk1|unk2|unk3|unk4|unk5|unk6|unk7|unk8|unk9|unk10|unk11|unk12|unk13|unk14|unk15
data,field_gk_para,d2304,1,16,id|unk1|unk2|unk3|unk4|unk5|unk6|unk7|unk8|unk9|unk10|unk11|unk12|unk13|unk14|unk15
data,field_gk_para,d3001,3,16,id|unk1|unk2|unk3|unk4|unk5|unk6|unk7|unk8|unk9|unk10|unk11|unk12|unk13|unk14|unk15
data,field_gk_para,d3002,2,16,id|unk1|unk2|unk3|unk4|unk5|unk6|unk7|unk8|unk9|unk10|unk11|unk12|unk13|unk14|unk15
data,field_gk_para,d3003,1,16,id|unk1|unk2|unk3|unk4|unk5|unk6|unk7|unk8|unk9|unk10|unk11|unk12|unk13|unk14|unk15
data,field_gk_para,d3501,4,16,id|unk1|unk2|unk3|unk4|unk5|unk6|unk7|unk8|unk9|unk10|unk11|unk12|unk13|unk14|unk15
data,field_gk_para,d3502,4,16,id|unk1|unk2|unk3|unk4|unk5|unk6|unk7|unk8|unk9|unk10|unk11|unk12|unk13|unk14|unk15
data,field_gk_para,d3503,2,16,id|unk1|unk2|unk3|unk4|unk5|unk6|unk7|unk8|unk9|unk10|unk11|unk12|unk13|unk14|unk15
data,field_gk_para,d3601,2,16,id|unk1|unk2|unk3|unk4|unk5|unk6|unk7|unk8|unk9|unk10|unk11|unk12|unk13|unk14|unk15
data,field_gk_para,d3602,4,16,id|unk1|unk2|unk3|unk4|unk5|unk6|unk7|unk8|unk9|unk10|unk11|unk12|unk13|unk14|unk15
data,field_gk_para,d3701,5,16,id|unk1|unk2|unk3|unk4|unk5|unk6|unk7|unk8|unk9|unk10|unk11|unk12|unk13|unk14|unk15
data,field_gk_para,d3702,4,16,id|unk1|unk2|unk3|unk4|unk5|unk6|unk7|unk8|unk9|unk10|unk11|unk12|unk13|unk14|unk15
data,field_gk_para,d3801,9,16,id|unk1|unk2|unk3|unk4|unk5|unk6|unk7|unk8|unk9|unk10|unk11|unk12|unk13|unk14|unk15
data,field_gk_para,d3802,9,16,id|unk1|unk2|unk3|unk4|unk5|unk6|unk7|unk8|unk9|unk10|unk11|unk12|unk13|unk14|unk15
data,field_gk_para,d3803,8,16,id|unk1|unk2|unk3|unk4|unk5|unk6|unk7|unk8|unk9|unk10|unk11|unk12|unk13|unk14|unk15
data,field_gk_para,d3901,13,16,id|unk1|unk2|unk3|unk4|unk5|unk6|unk7|unk8|unk9|unk10|unk11|unk12|unk13|unk14|unk15
data,field_gk_para,d3902,9,16,id|unk1|unk2|unk3|unk4|unk5|unk6|unk7|unk8|unk9|unk10|unk11|unk12|unk13|unk14|unk15
data,field_gk_para,d4001,3,16,id|unk1|unk2|unk3|unk4|unk5|unk6|unk7|unk8|unk9|unk10|unk11|unk12|unk13|unk14|unk15
data,field_gk_para,d4002,2,16,id|unk1|unk2|unk3|unk4|unk5|unk6|unk7|unk8|unk9|unk10|unk11|unk12|unk13|unk14|unk15
data,field_gk_para,d4101,7,16,id|unk1|unk2|unk3|unk4|unk5|unk6|unk7|unk8|unk9|unk10|unk11|unk12|unk13|unk14|unk15
data,field_gk_para,d4102,4,16,id|unk1|unk2|unk3|unk4|unk5|unk6|unk7|unk8|unk9|unk10|unk11|unk12|unk13|unk14|unk15
data,field_gk_para,d4103,8,16,id|unk1|unk2|unk3|unk4|unk5|unk6|unk7|unk8|unk9|unk10|unk11|unk12|unk13|unk14|unk15
data,field_gk_para,d4201,5,16,id|unk1|unk2|unk3|unk4|unk5|unk6|unk7|unk8|unk9|unk10|unk11|unk12|unk13|unk14|unk15
data,field_gk_para,d4202,9,16,id|unk1|unk2|unk3|unk4|unk5|unk6|unk7|unk8|unk9|unk10|unk11|unk12|unk13|unk14|unk15
data,field_gk_para,d4203,6,16,id|unk1|unk2|unk3|unk4|unk5|unk6|unk7|unk8|unk9|unk10|unk11|unk12|unk13|unk14|unk15
data,field_gk_para,d4301,4,16,id|unk1|unk2|unk3|unk4|unk5|unk6|unk7|unk8|unk9|unk10|unk11|unk12|unk13|unk14|unk15
data,field_gk_para,d4302,3,16,id|unk1|unk2|unk3|unk4|unk5|unk6|unk7|unk8|unk9|unk10|unk11|unk12|unk13|unk14|unk15
data,field_gk_para,d4401,2,16,id|unk1|unk2|unk3|unk4|unk5|unk6|unk7|unk8|unk9|unk10|unk11|unk12|unk13|unk14|unk15
data,field_gk_para,d4402,1,16,id|unk1|unk2|unk3|unk4|unk5|unk6|unk7|unk8|unk9|unk10|unk11|unk12|unk13|unk14|unk15
data,field_gk_para,d4501,5,16,id|unk1|unk2|unk3|unk4|unk5|unk6|unk7|unk8|unk9|unk10|unk11|unk12|unk13|unk14|unk15
data,field_gk_para,d4502,4,16,id|unk1|unk2|unk3|unk4|unk5|unk6|unk7|unk8|unk9|unk10|unk11|unk12|unk13|unk14|unk15
data,field_gk_para,d9001,1,16,id|unk1|unk2|unk3|unk4|unk5|unk6|unk7|unk8|unk9|unk10|unk11|unk12|unk13|unk14|unk15
data,field_gk_para,d9002,4,16,id|unk1|unk2|unk3|unk4|unk5|unk6|unk7|unk8|unk9|unk10|unk11|unk12|unk13|unk14|unk15
data,field_gk_para,d9101,4,16,id|unk1|unk2|unk3|unk4|unk5|unk6|unk7|unk8|unk9|unk10|unk11|unk12|unk13|unk14|unk15
data,field_gk_para,d9201,1,16,id|unk1|unk2|unk3|unk4|unk5|unk6|unk7|unk8|unk9|unk10|unk11|unk12|unk13|unk14|unk15
data,field_gk_para,d9202,2,16,id|unk1|unk2|unk3|unk4|unk5|unk6|unk7|unk8|unk9|unk10|unk11|unk12|unk13|unk14|unk15
data,field_gk_para,d9301,1,16,id|unk1|unk2|unk3|unk4|unk5|unk6|unk7|unk8|unk9|unk10|unk11|unk12|unk13|unk14|unk15
data,field_gk_para,d9402,2,16,id|unk1|unk2|unk3|unk4|unk5|unk6|unk7|unk8|unk9|unk10|unk11|unk12|unk13|unk14|unk15
data,field_gk_para,t0101,1,16,id|unk1|unk2|unk3|unk4|unk5|unk6|unk7|unk8|unk9|unk10|unk11|unk12|unk13|unk14|unk15
data,field_gk_para,t0102,4,16,id|unk1|unk2|unk3|unk4|unk5|unk6|unk7|unk8|unk9|unk10|unk11|unk12|unk13|unk14|unk15
data,field_gk_para,t0201,7,16,id|unk1|unk2|unk3|unk4|unk5|unk6|unk7|unk8|unk9|unk10|unk11|unk12|unk13|unk14|unk15
data,field_gk_para,t0301,2,16,id|unk1|unk2|unk3|unk4|unk5|unk6|unk7|unk8|unk9|unk10|unk11|unk12|unk13|unk14|unk15
data,field_gk_para,t0302,2,16,id|unk1|unk2|unk3|unk4|unk5|unk6|unk7|unk8|unk9|unk10|unk11|unk12|unk13|unk14|unk15
data,field_gk_para,t0303,5,16,id|unk1|unk2|unk3|unk4|unk5|unk6|unk7|unk8|unk9|unk10|unk11|unk12|unk13|unk14|unk15
data,field_gk_para,t0401,8,16,id|unk1|unk2|unk3|unk4|unk5|unk6|unk7|unk8|unk9|unk10|unk11|unk12|unk13|unk14|unk15
data,field_gk_para,t0402,7,16,id|unk1|unk2|unk3|unk4|unk5|unk6|unk7|unk8|unk9|unk10|unk11|unk12|unk13|unk14|unk15
data,field_gk_para,t0403,9,16,id|unk1|unk2|unk3|unk4|unk5|unk6|unk7|unk8|unk9|unk10|unk11|unk12|unk13|unk14|unk15
data,field_gk_para,t0404,1,16,id|unk1|unk2|unk3|unk4|unk5|unk6|unk7|unk8|unk9|unk10|unk11|unk12|unk13|unk14|unk15
data,field_gk_para,t0405,1,16,id|unk1|unk2|unk3|unk4|unk5|unk6|unk7|unk8|unk9|unk10|unk11|unk12|unk13|unk14|unk15
data,field_gk_para,t0501,5,16,id|unk1|unk2|unk3|unk4|unk5|unk6|unk7|unk8|unk9|unk10|unk11|unk12|unk13|unk14|unk15
data,field_gk_para,t0502,3,16,id|unk1|unk2|unk3|unk4|unk5|unk6|unk7|unk8|unk9|unk10|unk11|unk12|unk13|unk14|unk15
data,field_gk_para,t0503,4,16,id|unk1|unk2|unk3|unk4|unk5|unk6|unk7|unk8|unk9|unk10|unk11|unk12|unk13|unk14|unk15
data,field_gk_para,t0504,6,16,id|unk1|unk2|unk3|unk4|unk5|unk6|unk7|unk8|unk9|unk10|unk11|unk12|unk13|unk14|unk15
data,field_gk_para,t0505,6,16,id|unk1|unk2|unk3|unk4|unk5|unk6|unk7|unk8|unk9|unk10|unk11|unk12|unk13|unk14|unk15
data,field_gk_para,t0506,3,16,id|unk1|unk2|unk3|unk4|unk5|unk6|unk7|unk8|unk9|unk10|unk11|unk12|unk13|unk14|unk15
data,field_gk_para,t0507,1,16,id|unk1|unk2|unk3|unk4|unk5|unk6|unk7|unk8|unk9|unk10|unk11|unk12|unk13|unk14|unk15
data,field_gk_para,t0508,1,16,id|unk1|unk2|unk3|unk4|unk5|unk6|unk7|unk8|unk9|unk10|unk11|unk12|unk13|unk14|unk15
data,field_gk_para,t0509,1,16,id|unk1|unk2|unk3|unk4|unk5|unk6|unk7|unk8|unk9|unk10|unk11|unk12|unk13|unk14|unk15
data,field_gk_para,t0510,3,16,id|unk1|unk2|unk3|unk4|unk5|unk6|unk7|unk8|unk9|unk10|unk11|unk12|unk13|unk14|unk15
data,field_gk_para,t0511,2,16,id|unk1|unk2|unk3|unk4|unk5|unk6|unk7|unk8|unk9|unk10|unk11|unk12|unk13|unk14|unk15
data,field_gk_para,t0512,2,16,id|unk1|unk2|unk3|unk4|unk5|unk6|unk7|unk8|unk9|unk10|unk11|unk12|unk13|unk14|unk15
data,field_gk_para,t0601,1,16,id|unk1|unk2|unk3|unk4|unk5|unk6|unk7|unk8|unk9|unk10|unk11|unk12|unk13|unk14|unk15
data,field_gk_para,t0801,5,16,id|unk1|unk2|unk3|unk4|unk5|unk6|unk7|unk8|unk9|unk10|unk11|unk12|unk13|unk14|unk15
data,field_gk_para,t0901,1,16,id|unk1|unk2|unk3|unk4|unk5|unk6|unk7|unk8|unk9|unk10|unk11|unk12|unk13|unk14|unk15
data,field_gk_para,t1101,1,16,id|unk1|unk2|unk3|unk4|unk5|unk6|unk7|unk8|unk9|unk10|unk11|unk12|unk13|unk14|unk15
data,field_gk_para,t1102,3,16,id|unk1|unk2|unk3|unk4|unk5|unk6|unk7|unk8|unk9|unk10|unk11|unk12|unk13|unk14|unk15
data,field_gk_para,t2001,9,16,id|unk1|unk2|unk3|unk4|unk5|unk6|unk7|unk8|unk9|unk10|unk11|unk12|unk13|unk14|unk15
data,field_gk_para,t2101,1,16,id|unk1|unk2|unk3|unk4|unk5|unk6|unk7|unk8|unk9|unk10|unk11|unk12|unk13|unk14|unk15
data,field_gk_para,t2201,1,16,id|unk1|unk2|unk3|unk4|unk5|unk6|unk7|unk8|unk9|unk10|unk11|unk12|unk13|unk14|unk15
data,field_gk_para,t2301,1,16,id|unk1|unk2|unk3|unk4|unk5|unk6|unk7|unk8|unk9|unk10|unk11|unk12|unk13|unk14|unk15
data,field_gk_para,t2401,2,16,id|unk1|unk2|unk3|unk4|unk5|unk6|unk7|unk8|unk9|unk10|unk11|unk12|unk13|unk14|unk15
data,field_gk_para,t2403,4,16,id|unk1|unk2|unk3|unk4|unk5|unk6|unk7|unk8|unk9|unk10|unk11|unk12|unk13|unk14|unk15
data,field_gk_para,t2405,1,16,id|unk1|unk2|unk3|unk4|unk5|unk6|unk7|unk8|unk9|unk10|unk11|unk12|unk13|unk14|unk15
data,field_gk_para,t2406,1,16,id|unk1|unk2|unk3|unk4|unk5|unk6|unk7|unk8|unk9|unk10|unk11|unk12|unk13|unk14|unk15
data,field_gk_para,t2501,2,16,id|unk1|unk2|unk3|unk4|unk5|unk6|unk7|unk8|unk9|unk10|unk11|unk12|unk13|unk14|unk15
data,field_gk_para,t3001,7,16,id|unk1|unk2|unk3|unk4|unk5|unk6|unk7|unk8|unk9|unk10|unk11|unk12|unk13|unk14|unk15
data,field_gk_para_add,d0101,2,16,id|unk1|unk2|unk3|unk4|unk5|unk6|unk7|unk8|unk9|unk10|unk11|unk12|unk13|unk14|unk15
data,field_gk_para_add,d0102,2,16,id|unk1|unk2|unk3|unk4|unk5|unk6|unk7|unk8|unk9|unk10|unk11|unk12|unk13|unk14|unk15
data,field_gk_para_add,d0106,2,16,id|unk1|unk2|unk3|unk4|unk5|unk6|unk7|unk8|unk9|unk10|unk11|unk12|unk13|unk14|unk15
data,field_gk_para_add,d0107,1,16,id|unk1|unk2|unk3|unk4|unk5|unk6|unk7|unk8|unk9|unk10|unk11|unk12|unk13|unk14|unk15
data,field_gk_para_add,d0108,1,16,id|unk1|unk2|unk3|unk4|unk5|unk6|unk7|unk8|unk9|unk10|unk11|unk12|unk13|unk14|unk15
data,field_gk_para_add,d0109,3,16,id|unk1|unk2|unk3|unk4|unk5|unk6|unk7|unk8|unk9|unk10|unk11|unk12|unk13|unk14|unk15
data,field_gk_para_add,d0110,1,16,id|unk1|unk2|unk3|unk4|unk5|unk6|unk7|unk8|unk9|unk10|unk11|unk12|unk13|unk14|unk15
data,field_gk_para_add,d0201,1,16,id|unk1|unk2|unk3|unk4|unk5|unk6|unk7|unk8|unk9|unk10|unk11|unk12|unk13|unk14|unk15
data,field_gk_para_add,d0202,3,16,id|unk1|unk2|unk3|unk4|unk5|unk6|unk7|unk8|unk9|unk10|unk11|unk12|unk13|unk14|unk15
data,field_gk_para_add,d0203,4,16,id|unk1|unk2|unk3|unk4|unk5|unk6|unk7|unk8|unk9|unk10|unk11|unk12|unk13|unk14|unk15
data,field_gk_para_add,d0204,1,16,id|unk1|unk2|unk3|unk4|unk5|unk6|unk7|unk8|unk9|unk10|unk11|unk12|unk13|unk14|unk15
data,field_gk_para_add,d0205,2,16,id|unk1|unk2|unk3|unk4|unk5|unk6|unk7|unk8|unk9|unk10|unk11|unk12|unk13|unk14|unk15
data,field_gk_para_add,d0301,1,16,id|unk1|unk2|unk3|unk4|unk5|unk6|unk7|unk8|unk9|unk10|unk11|unk12|unk13|unk14|unk15
data,field_gk_para_add,d0401,4,16,id|unk1|unk2|unk3|unk4|unk5|unk6|unk7|unk8|unk9|unk10|unk11|unk12|unk13|unk14|unk15
data,field_gk_para_add,d0402,1,16,id|unk1|unk2|unk3|unk4|unk5|unk6|unk7|unk8|unk9|unk10|unk11|unk12|unk13|unk14|unk15
data,field_gk_para_add,d0404,1,16,id|unk1|unk2|unk3|unk4|unk5|unk6|unk7|unk8|unk9|unk10|unk11|unk12|unk13|unk14|unk15
data,field_gk_para_add,d0501,4,16,id|unk1|unk2|unk3|unk4|unk5|unk6|unk7|unk8|unk9|unk10|unk11|unk12|unk13|unk14|unk15
data,field_gk_para_add,d0503,2,16,id|unk1|unk2|unk3|unk4|unk5|unk6|unk7|unk8|unk9|unk10|unk11|unk12|unk13|unk14|unk15
data,field_gk_para_add,d0504,2,16,id|unk1|unk2|unk3|unk4|unk5|unk6|unk7|unk8|unk9|unk10|unk11|unk12|unk13|unk14|unk15
data,field_gk_para_add,d0505,1,16,id|unk1|unk2|unk3|unk4|unk5|unk6|unk7|unk8|unk9|unk10|unk11|unk12|unk13|unk14|unk15
data,field_gk_para_add,d0601,4,16,id|unk1|unk2|unk3|unk4|unk5|unk6|unk7|unk8|unk9|unk10|unk11|unk12|unk13|unk14|unk15
data,field_gk_para_add,d0602,6,16,id|unk1|unk2|unk3|unk4|unk5|unk6|unk7|unk8|unk9|unk10|unk11|unk12|unk13|unk14|unk15
data,field_gk_para_add,d0603,7,16,id|unk1|unk2|unk3|unk4|unk5|unk6|unk7|unk8|unk9|unk10|unk11|unk12|unk13|unk14|unk15
data,field_gk_para_add,d0701,3,16,id|unk1|unk2|unk3|unk4|unk5|unk6|unk7|unk8|unk9|unk10|unk11|unk12|unk13|unk14|unk15
data,field_gk_para_add,d0702,8,16,id|unk1|unk2|unk3|unk4|unk5|unk6|unk7|unk8|unk9|unk10|unk11|unk12|unk13|unk14|unk15
data,field_gk_para_add,d0703,1,16,id|unk1|unk2|unk3|unk4|unk5|unk6|unk7|unk8|unk9|unk10|unk11|unk12|unk13|unk14|unk15
data,field_gk_para_add,d0704,1,16,id|unk1|unk2|unk3|unk4|unk5|unk6|unk7|unk8|unk9|unk10|unk11|unk12|unk13|unk14|unk15
data,field_gk_para_add,d0705,1,16,id|unk1|unk2|unk3|unk4|unk5|unk6|unk7|unk8|unk9|unk10|unk11|unk12|unk13|unk14|unk15
data,field_gk_para_add,d0706,2,16,id|unk1|unk2|unk3|unk4|unk5|unk6|unk7|unk8|unk9|unk10|unk11|unk12|unk13|unk14|unk15
data,field_gk_para_add,d0707,1,16,id|unk1|unk2|unk3|unk4|unk5|unk6|unk7|unk8|unk9|unk10|unk11|unk12|unk13|unk14|unk15
data,field_gk_para_add,d0801,1,16,id|unk1|unk2|unk3|unk4|unk5|unk6|unk7|unk8|unk9|unk10|unk11|unk12|unk13|unk14|unk15
data,field_gk_para_add,d0804,1,16,id|unk1|unk2|unk3|unk4|unk5|unk6|unk7|unk8|unk9|unk10|unk11|unk12|unk13|unk14|unk15
data,field_gk_para_add,d0901,2,16,id|unk1|unk2|unk3|unk4|unk5|unk6|unk7|unk8|unk9|unk10|unk11|unk12|unk13|unk14|unk15
data,field_gk_para_add,d10101,8,16,id|unk1|unk2|unk3|unk4|unk5|unk6|unk7|unk8|unk9|unk10|unk11|unk12|unk13|unk14|unk15
data,field_gk_para_add,d10102,7,16,id|unk1|unk2|unk3|unk4|unk5|unk6|unk7|unk8|unk9|unk10|unk11|unk12|unk13|unk14|unk15
data,field_gk_para_add,d10103,7,16,id|unk1|unk2|unk3|unk4|unk5|unk6|unk7|unk8|unk9|unk10|unk11|unk12|unk13|unk14|unk15
data,field_gk_para_add,d10104,5,16,id|unk1|unk2|unk3|unk4|unk5|unk6|unk7|unk8|unk9|unk10|unk11|unk12|unk13|unk14|unk15
data,field_gk_para_add,d10201,14,16,id|unk1|unk2|unk3|unk4|unk5|unk6|unk7|unk8|unk9|unk10|unk11|unk12|unk13|unk14|unk15
data,field_gk_para_add,d10202,17,16,id|unk1|unk2|unk3|unk4|unk5|unk6|unk7|unk8|unk9|unk10|unk11|unk12|unk13|unk14|unk15
data,field_gk_para_add,d10203,23,16,id|unk1|unk2|unk3|unk4|unk5|unk6|unk7|unk8|unk9|unk10|unk11|unk12|unk13|unk14|unk15
data,field_gk_para_add,d10301,9,16,id|unk1|unk2|unk3|unk4|unk5|unk6|unk7|unk8|unk9|unk10|unk11|unk12|unk13|unk14|unk15
data,field_gk_para_add,d10401,5,16,id|unk1|unk2|unk3|unk4|unk5|unk6|unk7|unk8|unk9|unk10|unk11|unk12|unk13|unk14|unk15
data,field_gk_para_add,d10402,6,16,id|unk1|unk2|unk3|unk4|unk5|unk6|unk7|unk8|unk9|unk10|unk11|unk12|unk13|unk14|unk15
data,field_gk_para_add,d10403,6,16,id|unk1|unk2|unk3|unk4|unk5|unk6|unk7|unk8|unk9|unk10|unk11|unk12|unk13|unk14|unk15
data,field_gk_para_add,d10501,16,16,id|unk1|unk2|unk3|unk4|unk5|unk6|unk7|unk8|unk9|unk10|unk11|unk12|unk13|unk14|unk15
data,field_gk_para_add,d10502,8,16,id|unk1|unk2|unk3|unk4|unk5|unk6|unk7|unk8|unk9|unk10|unk11|unk12|unk13|unk14|unk15
data,field_gk_para_add,d10601,8,16,id|unk1|unk2|unk3|unk4|unk5|unk6|unk7|unk8|unk9|unk10|unk11|unk12|unk13|unk14|unk15
data,field_gk_para_add,d10602,5,16,id|unk1|unk2|unk3|unk4|unk5|unk6|unk7|unk8|unk9|unk10|unk11|unk12|unk13|unk14|unk15
data,field_gk_para_add,d10701,8,16,id|unk1|unk2|unk3|unk4|unk5|unk6|unk7|unk8|unk9|unk10|unk11|unk12|unk13|unk14|unk15
data,field_gk_para_add,d10702,7,16,id|unk1|unk2|unk3|unk4|unk5|unk6|unk7|unk8|unk9|unk10|unk11|unk12|unk13|unk14|unk15
data,field_gk_para_add,d10801,12,16,id|unk1|unk2|unk3|unk4|unk5|unk6|unk7|unk8|unk9|unk10|unk11|unk12|unk13|unk14|unk15
data,field_gk_para_add,d10901,24,16,id|unk1|unk2|unk3|unk4|unk5|unk6|unk7|unk8|unk9|unk10|unk11|unk12|unk13|unk14|unk15
data,field_gk_para_add,d11001,10,16,id|unk1|unk2|unk3|unk4|unk5|unk6|unk7|unk8|unk9|unk10|unk11|unk12|unk13|unk14|unk15
data,field_gk_para_add,d11002,6,16,id|unk1|unk2|unk3|unk4|unk5|unk6|unk7|unk8|unk9|unk10|unk11|unk12|unk13|unk14|unk15
data,field_gk_para_add,d1102,1,16,id|unk1|unk2|unk3|unk4|unk5|unk6|unk7|unk8|unk9|unk10|unk11|unk12|unk13|unk14|unk15
data,field_gk_para_add,d1105,3,16,id|unk1|unk2|unk3|unk4|unk5|unk6|unk7|unk8|unk9|unk10|unk11|unk12|unk13|unk14|unk15
data,field_gk_para_add,d1107,1,16,id|unk1|unk2|unk3|unk4|unk5|unk6|unk7|unk8|unk9|unk10|unk11|unk12|unk13|unk14|unk15
data,field_gk_para_add,d1201,1,16,id|unk1|unk2|unk3|unk4|unk5|unk6|unk7|unk8|unk9|unk10|unk11|unk12|unk13|unk14|unk15
data,field_gk_para_add,d1202,1,16,id|unk1|unk2|unk3|unk4|unk5|unk6|unk7|unk8|unk9|unk10|unk11|unk12|unk13|unk14|unk15
data,field_gk_para_add,d12101,3,16,id|unk1|unk2|unk3|unk4|unk5|unk6|unk7|unk8|unk9|unk10|unk11|unk12|unk13|unk14|unk15
data,field_gk_para_add,d12102,5,16,id|unk1|unk2|unk3|unk4|unk5|unk6|unk7|unk8|unk9|unk10|unk11|unk12|unk13|unk14|unk15
data,field_gk_para_add,d12103,4,16,id|unk1|unk2|unk3|unk4|unk5|unk6|unk7|unk8|unk9|unk10|unk11|unk12|unk13|unk14|unk15
data,field_gk_para_add,d12104,2,16,id|unk1|unk2|unk3|unk4|unk5|unk6|unk7|unk8|unk9|unk10|unk11|unk12|unk13|unk14|unk15
data,field_gk_para_add,d12201,3,16,id|unk1|unk2|unk3|unk4|unk5|unk6|unk7|unk8|unk9|unk10|unk11|unk12|unk13|unk14|unk15
data,field_gk_para_add,d12301,12,16,id|unk1|unk2|unk3|unk4|unk5|unk6|unk7|unk8|unk9|unk10|unk11|unk12|unk13|unk14|unk15
data,field_gk_para_add,d12302,9,16,id|unk1|unk2|unk3|unk4|unk5|unk6|unk7|unk8|unk9|unk10|unk11|unk12|unk13|unk14|unk15
data,field_gk_para_add,d12303,7,16,id|unk1|unk2|unk3|unk4|unk5|unk6|unk7|unk8|unk9|unk10|unk11|unk12|unk13|unk14|unk15
data,field_gk_para_add,d12401,17,16,id|unk1|unk2|unk3|unk4|unk5|unk6|unk7|unk8|unk9|unk10|unk11|unk12|unk13|unk14|unk15
data,field_gk_para_add,d12402,29,16,id|unk1|unk2|unk3|unk4|unk5|unk6|unk7|unk8|unk9|unk10|unk11|unk12|unk13|unk14|unk15
data,field_gk_para_add,d12403,24,16,id|unk1|unk2|unk3|unk4|unk5|unk6|unk7|unk8|unk9|unk10|unk11|unk12|unk13|unk14|unk15
data,field_gk_para_add,d12501,16,16,id|unk1|unk2|unk3|unk4|unk5|unk6|unk7|unk8|unk9|unk10|unk11|unk12|unk13|unk14|unk15
data,field_gk_para_add,d12502,10,16,id|unk1|unk2|unk3|unk4|unk5|unk6|unk7|unk8|unk9|unk10|unk11|unk12|unk13|unk14|unk15
data,field_gk_para_add,d12503,9,16,id|unk1|unk2|unk3|unk4|unk5|unk6|unk7|unk8|unk9|unk10|unk11|unk12|unk13|unk14|unk15
data,field_gk_para_add,d12601,3,16,id|unk1|unk2|unk3|unk4|unk5|unk6|unk7|unk8|unk9|unk10|unk11|unk12|unk13|unk14|unk15
data,field_gk_para_add,d12602,4,16,id|unk1|unk2|unk3|unk4|unk5|unk6|unk7|unk8|unk9|unk10|unk11|unk12|unk13|unk14|unk15
data,field_gk_para_add,d12603,4,16,id|unk1|unk2|unk3|unk4|unk5|unk6|unk7|unk8|unk9|unk10|unk11|unk12|unk13|unk14|unk15
data,field_gk_para_add,d12701,3,16,id|unk1|unk2|unk3|unk4|unk5|unk6|unk7|unk8|unk9|unk10|unk11|unk12|unk13|unk14|unk15
data,field_gk_para_add,d12703,2,16,id|unk1|unk2|unk3|unk4|unk5|unk6|unk7|unk8|unk9|unk10|unk11|unk12|unk13|unk14|unk15
data,field_gk_para_add,d12705,2,16,id|unk1|unk2|unk3|unk4|unk5|unk6|unk7|unk8|unk9|unk10|unk11|unk12|unk13|unk14|unk15
data,field_gk_para_add,d12801,11,16,id|unk1|unk2|unk3|unk4|unk5|unk6|unk7|unk8|unk9|unk10|unk11|unk12|unk13|unk14|unk15
data,field_gk_para_add,d12802,2,16,id|unk1|unk2|unk3|unk4|unk5|unk6|unk7|unk8|unk9|unk10|unk11|unk12|unk13|unk14|unk15
data,field_gk_para_add,d13001,2,16,id|unk1|unk2|unk3|unk4|unk5|unk6|unk7|unk8|unk9|unk10|unk11|unk12|unk13|unk14|unk15
data,field_gk_para_add,d13002,2,16,id|unk1|unk2|unk3|unk4|unk5|unk6|unk7|unk8|unk9|unk10|unk11|unk12|unk13|unk14|unk15
data,field_gk_para_add,d13003,2,16,id|unk1|unk2|unk3|unk4|unk5|unk6|unk7|unk8|unk9|unk10|unk11|unk12|unk13|unk14|unk15
data,field_gk_para_add,d13004,1,16,id|unk1|unk2|unk3|unk4|unk5|unk6|unk7|unk8|unk9|unk10|unk11|unk12|unk13|unk14|unk15
data,field_gk_para_add,d1301,6,16,id|unk1|unk2|unk3|unk4|unk5|unk6|unk7|unk8|unk9|unk10|unk11|unk12|unk13|unk14|unk15
data,field_gk_para_add,d1305,1,16,id|unk1|unk2|unk3|unk4|unk5|unk6|unk7|unk8|unk9|unk10|unk11|unk12|unk13|unk14|unk15
data,field_gk_para_add,d1306,3,16,id|unk1|unk2|unk3|unk4|unk5|unk6|unk7|unk8|unk9|unk10|unk11|unk12|unk13|unk14|unk15
data,field_gk_para_add,d13101,2,16,id|unk1|unk2|unk3|unk4|unk5|unk6|unk7|unk8|unk9|unk10|unk11|unk12|unk13|unk14|unk15
data,field_gk_para_add,d13102,2,16,id|unk1|unk2|unk3|unk4|unk5|unk6|unk7|unk8|unk9|unk10|unk11|unk12|unk13|unk14|unk15
data,field_gk_para_add,d13104,2,16,id|unk1|unk2|unk3|unk4|unk5|unk6|unk7|unk8|unk9|unk10|unk11|unk12|unk13|unk14|unk15
data,field_gk_para_add,d13105,9,16,id|unk1|unk2|unk3|unk4|unk5|unk6|unk7|unk8|unk9|unk10|unk11|unk12|unk13|unk14|unk15
data,field_gk_para_add,d13107,11,16,id|unk1|unk2|unk3|unk4|unk5|unk6|unk7|unk8|unk9|unk10|unk11|unk12|unk13|unk14|unk15
data,field_gk_para_add,d13109,6,16,id|unk1|unk2|unk3|unk4|unk5|unk6|unk7|unk8|unk9|unk10|unk11|unk12|unk13|unk14|unk15
data,field_gk_para_add,d13110,4,16,id|unk1|unk2|unk3|unk4|unk5|unk6|unk7|unk8|unk9|unk10|unk11|unk12|unk13|unk14|unk15
data,field_gk_para_add,d13111,1,16,id|unk1|unk2|unk3|unk4|unk5|unk6|unk7|unk8|unk9|unk10|unk11|unk12|unk13|unk14|unk15
data,field_gk_para_add,d13112,1,16,id|unk1|unk2|unk3|unk4|unk5|unk6|unk7|unk8|unk9|unk10|unk11|unk12|unk13|unk14|unk15
data,field_gk_para_add,d13113,5,16,id|unk1|unk2|unk3|unk4|unk5|unk6|unk7|unk8|unk9|unk10|unk11|unk12|unk13|unk14|unk15
data,field_gk_para_add,d13115,10,16,id|unk1|unk2|unk3|unk4|unk5|unk6|unk7|unk8|unk9|unk10|unk11|unk12|unk13|unk14|unk15
data,field_gk_para_add,d13117,5,16,id|unk1|unk2|unk3|unk4|unk5|unk6|unk7|unk8|unk9|unk10|unk11|unk12|unk13|unk14|unk15
data,field_gk_para_add,d13118,2,16,id|unk1|unk2|unk3|unk4|unk5|unk6|unk7|unk8|unk9|unk10|unk11|unk12|unk13|unk14|unk15
data,field_gk_para_add,d13119,3,16,id|unk1|unk2|unk3|unk4|unk5|unk6|unk7|unk8|unk9|unk10|unk11|unk12|unk13|unk14|unk15
data,field_gk_para_add,d13120,1,16,id|unk1|unk2|unk3|unk4|unk5|unk6|unk7|unk8|unk9|unk10|unk11|unk12|unk13|unk14|unk15
data,field_gk_para_add,d13122,3,16,id|unk1|unk2|unk3|unk4|unk5|unk6|unk7|unk8|unk9|unk10|unk11|unk12|unk13|unk14|unk15
data,field_gk_para_add,d1401,8,16,id|unk1|unk2|unk3|unk4|unk5|unk6|unk7|unk8|unk9|unk10|unk11|unk12|unk13|unk14|unk15
data,field_gk_para_add,d1402,7,16,id|unk1|unk2|unk3|unk4|unk5|unk6|unk7|unk8|unk9|unk10|unk11|unk12|unk13|unk14|unk15
data,field_gk_para_add,d1403,7,16,id|unk1|unk2|unk3|unk4|unk5|unk6|unk7|unk8|unk9|unk10|unk11|unk12|unk13|unk14|unk15
data,field_gk_para_add,d1404,3,16,id|unk1|unk2|unk3|unk4|unk5|unk6|unk7|unk8|unk9|unk10|unk11|unk12|unk13|unk14|unk15
data,field_gk_para_add,d1405,7,16,id|unk1|unk2|unk3|unk4|unk5|unk6|unk7|unk8|unk9|unk10|unk11|unk12|unk13|unk14|unk15
data,field_gk_para_add,d1406,6,16,id|unk1|unk2|unk3|unk4|unk5|unk6|unk7|unk8|unk9|unk10|unk11|unk12|unk13|unk14|unk15
data,field_gk_para_add,d1407,7,16,id|unk1|unk2|unk3|unk4|unk5|unk6|unk7|unk8|unk9|unk10|unk11|unk12|unk13|unk14|unk15
data,field_gk_para_add,d1408,3,16,id|unk1|unk2|unk3|unk4|unk5|unk6|unk7|unk8|unk9|unk10|unk11|unk12|unk13|unk14|unk15
data,field_gk_para_add,d1409,7,16,id|unk1|unk2|unk3|unk4|unk5|unk6|unk7|unk8|unk9|unk10|unk11|unk12|unk13|unk14|unk15
data,field_gk_para_add,d1410,6,16,id|unk1|unk2|unk3|unk4|unk5|unk6|unk7|unk8|unk9|unk10|unk11|unk12|unk13|unk14|unk15
data,field_gk_para_add,d1411,6,16,id|unk1|unk2|unk3|unk4|unk5|unk6|unk7|unk8|unk9|unk10|unk11|unk12|unk13|unk14|unk15
data,field_gk_para_add,d1412,7,16,id|unk1|unk2|unk3|unk4|unk5|unk6|unk7|unk8|unk9|unk10|unk11|unk12|unk13|unk14|unk15
data,field_gk_para_add,d1413,3,16,id|unk1|unk2|unk3|unk4|unk5|unk6|unk7|unk8|unk9|unk10|unk11|unk12|unk13|unk14|unk15
data,field_gk_para_add,d1414,2,16,id|unk1|unk2|unk3|unk4|unk5|unk6|unk7|unk8|unk9|unk10|unk11|unk12|unk13|unk14|unk15
data,field_gk_para_add,d1415,2,16,id|unk1|unk2|unk3|unk4|unk5|unk6|unk7|unk8|unk9|unk10|unk11|unk12|unk13|unk14|unk15
data,field_gk_para_add,d1416,1,16,id|unk1|unk2|unk3|unk4|unk5|unk6|unk7|unk8|unk9|unk10|unk11|unk12|unk13|unk14|unk15
data,field_gk_para_add,d1417,1,16,id|unk1|unk2|unk3|unk4|unk5|unk6|unk7|unk8|unk9|unk10|unk11|unk12|unk13|unk14|unk15
data,field_gk_para_add,d15001,2,16,id|unk1|unk2|unk3|unk4|unk5|unk6|unk7|unk8|unk9|unk10|unk11|unk12|unk13|unk14|unk15
data,field_gk_para_add,d15002,5,16,id|unk1|unk2|unk3|unk4|unk5|unk6|unk7|unk8|unk9|unk10|unk11|unk12|unk13|unk14|unk15
data,field_gk_para_add,d15003,1,16,id|unk1|unk2|unk3|unk4|unk5|unk6|unk7|unk8|unk9|unk10|unk11|unk12|unk13|unk14|unk15
data,field_gk_para_add,d15004,0,16,id|unk1|unk2|unk3|unk4|unk5|unk6|unk7|unk8|unk9|unk10|unk11|unk12|unk13|unk14|unk15
data,field_gk_para_add,d15005,2,16,id|unk1|unk2|unk3|unk4|unk5|unk6|unk7|unk8|unk9|unk10|unk11|unk12|unk13|unk14|unk15
data,field_gk_para_add,d15006,1,16,id|unk1|unk2|unk3|unk4|unk5|unk6|unk7|unk8|unk9|unk10|unk11|unk12|unk13|unk14|unk15
data,field_gk_para_add,d15007,11,16,id|unk1|unk2|unk3|unk4|unk5|unk6|unk7|unk8|unk9|unk10|unk11|unk12|unk13|unk14|unk15
data,field_gk_para_add,d15008,2,16,id|unk1|unk2|unk3|unk4|unk5|unk6|unk7|unk8|unk9|unk10|unk11|unk12|unk13|unk14|unk15
data,field_gk_para_add,d15009,1,16,id|unk1|unk2|unk3|unk4|unk5|unk6|unk7|unk8|unk9|unk10|unk11|unk12|unk13|unk14|unk15
data,field_gk_para_add,d1501,1,16,id|unk1|unk2|unk3|unk4|unk5|unk6|unk7|unk8|unk9|unk10|unk11|unk12|unk13|unk14|unk15
data,field_gk_para_add,d15010,13,16,id|unk1|unk2|unk3|unk4|unk5|unk6|unk7|unk8|unk9|unk10|unk11|unk12|unk13|unk14|unk15
data,field_gk_para_add,d15012,5,16,id|unk1|unk2|unk3|unk4|unk5|unk6|unk7|unk8|unk9|unk10|unk11|unk12|unk13|unk14|unk15
data,field_gk_para_add,d15013,0,16,id|unk1|unk2|unk3|unk4|unk5|unk6|unk7|unk8|unk9|unk10|unk11|unk12|unk13|unk14|unk15
data,field_gk_para_add,d15014,27,16,id|unk1|unk2|unk3|unk4|unk5|unk6|unk7|unk8|unk9|unk10|unk11|unk12|unk13|unk14|unk15
data,field_gk_para_add,d15015,4,16,id|unk1|unk2|unk3|unk4|unk5|unk6|unk7|unk8|unk9|unk10|unk11|unk12|unk13|unk14|unk15
data,field_gk_para_add,d15016,4,16,id|unk1|unk2|unk3|unk4|unk5|unk6|unk7|unk8|unk9|unk10|unk11|unk12|unk13|unk14|unk15
data,field_gk_para_add,d15017,1,16,id|unk1|unk2|unk3|unk4|unk5|unk6|unk7|unk8|unk9|unk10|unk11|unk12|unk13|unk14|unk15
data,field_gk_para_add,d15018,4,16,id|unk1|unk2|unk3|unk4|unk5|unk6|unk7|unk8|unk9|unk10|unk11|unk12|unk13|unk14|unk15
data,field_gk_para_add,d15019,1,16,id|unk1|unk2|unk3|unk4|unk5|unk6|unk7|unk8|unk9|unk10|unk11|unk12|unk13|unk14|unk15
data,field_gk_para_add,d1502,1,16,id|unk1|unk2|unk3|unk4|unk5|unk6|unk7|unk8|unk9|unk10|unk11|unk12|unk13|unk14|unk15
data,field_gk_para_add,d15020,4,16,id|unk1|unk2|unk3|unk4|unk5|unk6|unk7|unk8|unk9|unk10|unk11|unk12|unk13|unk14|unk15
data,field_gk_para_add,d15022,0,16,id|unk1|unk2|unk3|unk4|unk5|unk6|unk7|unk8|unk9|unk10|unk11|unk12|unk13|unk14|unk15
data,field_gk_para_add,d15023,2,16,id|unk1|unk2|unk3|unk4|unk5|unk6|unk7|unk8|unk9|unk10|unk11|unk12|unk13|unk14|unk15
data,field_gk_para_add,d15024,17,16,id|unk1|unk2|unk3|unk4|unk5|unk6|unk7|unk8|unk9|unk10|unk11|unk12|unk13|unk14|unk15
data,field_gk_para_add,d15025,0,16,id|unk1|unk2|unk3|unk4|unk5|unk6|unk7|unk8|unk9|unk10|unk11|unk12|unk13|unk14|unk15
data,field_gk_para_add,d15026,1,16,id|unk1|unk2|unk3|unk4|unk5|unk6|unk7|unk8|unk9|unk10|unk11|unk12|unk13|unk14|unk15
data,field_gk_para_add,d15027,6,16,id|unk1|unk2|unk3|unk4|unk5|unk6|unk7|unk8|unk9|unk10|unk11|unk12|unk13|unk14|unk15
data,field_gk_para_add,d15028,1,16,id|unk1|unk2|unk3|unk4|unk5|unk6|unk7|unk8|unk9|unk10|unk11|unk12|unk13|unk14|unk15
data,field_gk_para_add,d15029,3,16,id|unk1|unk2|unk3|unk4|unk5|unk6|unk7|unk8|unk9|unk10|unk11|unk12|unk13|unk14|unk15
data,field_gk_para_add,d15030,1,16,id|unk1|unk2|unk3|unk4|unk5|unk6|unk7|unk8|unk9|unk10|unk11|unk12|unk13|unk14|unk15
data,field_gk_para_add,d15102,1,16,id|unk1|unk2|unk3|unk4|unk5|unk6|unk7|unk8|unk9|unk10|unk11|unk12|unk13|unk14|unk15
data,field_gk_para_add,d15103,9,16,id|unk1|unk2|unk3|unk4|unk5|unk6|unk7|unk8|unk9|unk10|unk11|unk12|unk13|unk14|unk15
data,field_gk_para_add,d15104,4,16,id|unk1|unk2|unk3|unk4|unk5|unk6|unk7|unk8|unk9|unk10|unk11|unk12|unk13|unk14|unk15
data,field_gk_para_add,d15105,8,16,id|unk1|unk2|unk3|unk4|unk5|unk6|unk7|unk8|unk9|unk10|unk11|unk12|unk13|unk14|unk15
data,field_gk_para_add,d15106,2,16,id|unk1|unk2|unk3|unk4|unk5|unk6|unk7|unk8|unk9|unk10|unk11|unk12|unk13|unk14|unk15
data,field_gk_para_add,d15107,2,16,id|unk1|unk2|unk3|unk4|unk5|unk6|unk7|unk8|unk9|unk10|unk11|unk12|unk13|unk14|unk15
data,field_gk_para_add,d15108,0,16,id|unk1|unk2|unk3|unk4|unk5|unk6|unk7|unk8|unk9|unk10|unk11|unk12|unk13|unk14|unk15
data,field_gk_para_add,d15109,3,16,id|unk1|unk2|unk3|unk4|unk5|unk6|unk7|unk8|unk9|unk10|unk11|unk12|unk13|unk14|unk15
data,field_gk_para_add,d15110,0,16,id|unk1|unk2|unk3|unk4|unk5|unk6|unk7|unk8|unk9|unk10|unk11|unk12|unk13|unk14|unk15
data,field_gk_para_add,d15112,9,16,id|unk1|unk2|unk3|unk4|unk5|unk6|unk7|unk8|unk9|unk10|unk11|unk12|unk13|unk14|unk15
data,field_gk_para_add,d15113,1,16,id|unk1|unk2|unk3|unk4|unk5|unk6|unk7|unk8|unk9|unk10|unk11|unk12|unk13|unk14|unk15
data,field_gk_para_add,d15114,7,16,id|unk1|unk2|unk3|unk4|unk5|unk6|unk7|unk8|unk9|unk10|unk11|unk12|unk13|unk14|unk15
data,field_gk_para_add,d15115,2,16,id|unk1|unk2|unk3|unk4|unk5|unk6|unk7|unk8|unk9|unk10|unk11|unk12|unk13|unk14|unk15
data,field_gk_para_add,d15116,7,16,id|unk1|unk2|unk3|unk4|unk5|unk6|unk7|unk8|unk9|unk10|unk11|unk12|unk13|unk14|unk15
data,field_gk_para_add,d15117,0,16,id|unk1|unk2|unk3|unk4|unk5|unk6|unk7|unk8|unk9|unk10|unk11|unk12|unk13|unk14|unk15
data,field_gk_para_add,d15118,0,16,id|unk1|unk2|unk3|unk4|unk5|unk6|unk7|unk8|unk9|unk10|unk11|unk12|unk13|unk14|unk15
data,field_gk_para_add,d15119,1,16,id|unk1|unk2|unk3|unk4|unk5|unk6|unk7|unk8|unk9|unk10|unk11|unk12|unk13|unk14|unk15
data,field_gk_para_add,d15120,0,16,id|unk1|unk2|unk3|unk4|unk5|unk6|unk7|unk8|unk9|unk10|unk11|unk12|unk13|unk14|unk15
data,field_gk_para_add,d15122,6,16,id|unk1|unk2|unk3|unk4|unk5|unk6|unk7|unk8|unk9|unk10|unk11|unk12|unk13|unk14|unk15
data,field_gk_para_add,d15123,7,16,id|unk1|unk2|unk3|unk4|unk5|unk6|unk7|unk8|unk9|unk10|unk11|unk12|unk13|unk14|unk15
data,field_gk_para_add,d15124,4,16,id|unk1|unk2|unk3|unk4|unk5|unk6|unk7|unk8|unk9|unk10|unk11|unk12|unk13|unk14|unk15
data,field_gk_para_add,d15125,11,16,id|unk1|unk2|unk3|unk4|unk5|unk6|unk7|unk8|unk9|unk10|unk11|unk12|unk13|unk14|unk15
data,field_gk_para_add,d15126,3,16,id|unk1|unk2|unk3|unk4|unk5|unk6|unk7|unk8|unk9|unk10|unk11|unk12|unk13|unk14|unk15
data,field_gk_para_add,d15127,3,16,id|unk1|unk2|unk3|unk4|unk5|unk6|unk7|unk8|unk9|unk10|unk11|unk12|unk13|unk14|unk15
data,field_gk_para_add,d15128,2,16,id|unk1|unk2|unk3|unk4|unk5|unk6|unk7|unk8|unk9|unk10|unk11|unk12|unk13|unk14|unk15
data,field_gk_para_add,d15129,2,16,id|unk1|unk2|unk3|unk4|unk5|unk6|unk7|unk8|unk9|unk10|unk11|unk12|unk13|unk14|unk15
data,field_gk_para_add,d15202,5,16,id|unk1|unk2|unk3|unk4|unk5|unk6|unk7|unk8|unk9|unk10|unk11|unk12|unk13|unk14|unk15
data,field_gk_para_add,d15203,6,16,id|unk1|unk2|unk3|unk4|unk5|unk6|unk7|unk8|unk9|unk10|unk11|unk12|unk13|unk14|unk15
data,field_gk_para_add,d15204,7,16,id|unk1|unk2|unk3|unk4|unk5|unk6|unk7|unk8|unk9|unk10|unk11|unk12|unk13|unk14|unk15
data,field_gk_para_add,d15205,0,16,id|unk1|unk2|unk3|unk4|unk5|unk6|unk7|unk8|unk9|unk10|unk11|unk12|unk13|unk14|unk15
data,field_gk_para_add,d15206,0,16,id|unk1|unk2|unk3|unk4|unk5|unk6|unk7|unk8|unk9|unk10|unk11|unk12|unk13|unk14|unk15
data,field_gk_para_add,d15207,3,16,id|unk1|unk2|unk3|unk4|unk5|unk6|unk7|unk8|unk9|unk10|unk11|unk12|unk13|unk14|unk15
data,field_gk_para_add,d15208,3,16,id|unk1|unk2|unk3|unk4|unk5|unk6|unk7|unk8|unk9|unk10|unk11|unk12|unk13|unk14|unk15
data,field_gk_para_add,d15209,10,16,id|unk1|unk2|unk3|unk4|unk5|unk6|unk7|unk8|unk9|unk10|unk11|unk12|unk13|unk14|unk15
data,field_gk_para_add,d15210,8,16,id|unk1|unk2|unk3|unk4|unk5|unk6|unk7|unk8|unk9|unk10|unk11|unk12|unk13|unk14|unk15
data,field_gk_para_add,d15212,9,16,id|unk1|unk2|unk3|unk4|unk5|unk6|unk7|unk8|unk9|unk10|unk11|unk12|unk13|unk14|unk15
data,field_gk_para_add,d15213,7,16,id|unk1|unk2|unk3|unk4|unk5|unk6|unk7|unk8|unk9|unk10|unk11|unk12|unk13|unk14|unk15
data,field_gk_para_add,d15214,2,16,id|unk1|unk2|unk3|unk4|unk5|unk6|unk7|unk8|unk9|unk10|unk11|unk12|unk13|unk14|unk15
data,field_gk_para_add,d15215,1,16,id|unk1|unk2|unk3|unk4|unk5|unk6|unk7|unk8|unk9|unk10|unk11|unk12|unk13|unk14|unk15
data,field_gk_para_add,d15216,7,16,id|unk1|unk2|unk3|unk4|unk5|unk6|unk7|unk8|unk9|unk10|unk11|unk12|unk13|unk14|unk15
data,field_gk_para_add,d15217,0,16,id|unk1|unk2|unk3|unk4|unk5|unk6|unk7|unk8|unk9|unk10|unk11|unk12|unk13|unk14|unk15
data,field_gk_para_add,d15218,0,16,id|unk1|unk2|unk3|unk4|unk5|unk6|unk7|unk8|unk9|unk10|unk11|unk12|unk13|unk14|unk15
data,field_gk_para_add,d15219,14,16,id|unk1|unk2|unk3|unk4|unk5|unk6|unk7|unk8|unk9|unk10|unk11|unk12|unk13|unk14|unk15
data,field_gk_para_add,d15220,3,16,id|unk1|unk2|unk3|unk4|unk5|unk6|unk7|unk8|unk9|unk10|unk11|unk12|unk13|unk14|unk15
data,field_gk_para_add,d15222,1,16,id|unk1|unk2|unk3|unk4|unk5|unk6|unk7|unk8|unk9|unk10|unk11|unk12|unk13|unk14|unk15
data,field_gk_para_add,d15223,1,16,id|unk1|unk2|unk3|unk4|unk5|unk6|unk7|unk8|unk9|unk10|unk11|unk12|unk13|unk14|unk15
data,field_gk_para_add,d15224,7,16,id|unk1|unk2|unk3|unk4|unk5|unk6|unk7|unk8|unk9|unk10|unk11|unk12|unk13|unk14|unk15
data,field_gk_para_add,d15225,24,16,id|unk1|unk2|unk3|unk4|unk5|unk6|unk7|unk8|unk9|unk10|unk11|unk12|unk13|unk14|unk15
data,field_gk_para_add,d15226,16,16,id|unk1|unk2|unk3|unk4|unk5|unk6|unk7|unk8|unk9|unk10|unk11|unk12|unk13|unk14|unk15
data,field_gk_para_add,d15227,3,16,id|unk1|unk2|unk3|unk4|unk5|unk6|unk7|unk8|unk9|unk10|unk11|unk12|unk13|unk14|unk15
data,field_gk_para_add,d15228,2,16,id|unk1|unk2|unk3|unk4|unk5|unk6|unk7|unk8|unk9|unk10|unk11|unk12|unk13|unk14|unk15
data,field_gk_para_add,d15229,0,16,id|unk1|unk2|unk3|unk4|unk5|unk6|unk7|unk8|unk9|unk10|unk11|unk12|unk13|unk14|unk15
data,field_gk_para_add,d1701,2,16,id|unk1|unk2|unk3|unk4|unk5|unk6|unk7|unk8|unk9|unk10|unk11|unk12|unk13|unk14|unk15
data,field_gk_para_add,d1713,2,16,id|unk1|unk2|unk3|unk4|unk5|unk6|unk7|unk8|unk9|unk10|unk11|unk12|unk13|unk14|unk15
data,field_gk_para_add,d1801,3,16,id|unk1|unk2|unk3|unk4|unk5|unk6|unk7|unk8|unk9|unk10|unk11|unk12|unk13|unk14|unk15
data,field_gk_para_add,d1802,11,16,id|unk1|unk2|unk3|unk4|unk5|unk6|unk7|unk8|unk9|unk10|unk11|unk12|unk13|unk14|unk15
data,field_gk_para_add,d1803,8,16,id|unk1|unk2|unk3|unk4|unk5|unk6|unk7|unk8|unk9|unk10|unk11|unk12|unk13|unk14|unk15
data,field_gk_para_add,d2001,4,16,id|unk1|unk2|unk3|unk4|unk5|unk6|unk7|unk8|unk9|unk10|unk11|unk12|unk13|unk14|unk15
data,field_gk_para_add,d2002,9,16,id|unk1|unk2|unk3|unk4|unk5|unk6|unk7|unk8|unk9|unk10|unk11|unk12|unk13|unk14|unk15
data,field_gk_para_add,d2003,15,16,id|unk1|unk2|unk3|unk4|unk5|unk6|unk7|unk8|unk9|unk10|unk11|unk12|unk13|unk14|unk15
data,field_gk_para_add,d2004,2,16,id|unk1|unk2|unk3|unk4|unk5|unk6|unk7|unk8|unk9|unk10|unk11|unk12|unk13|unk14|unk15
data,field_gk_para_add,d2304,1,16,id|unk1|unk2|unk3|unk4|unk5|unk6|unk7|unk8|unk9|unk10|unk11|unk12|unk13|unk14|unk15
data,field_gk_para_add,d3001,1,16,id|unk1|unk2|unk3|unk4|unk5|unk6|unk7|unk8|unk9|unk10|unk11|unk12|unk13|unk14|unk15
data,field_gk_para_add,d3002,2,16,id|unk1|unk2|unk3|unk4|unk5|unk6|unk7|unk8|unk9|unk10|unk11|unk12|unk13|unk14|unk15
data,field_gk_para_add,d3003,1,16,id|unk1|unk2|unk3|unk4|unk5|unk6|unk7|unk8|unk9|unk10|unk11|unk12|unk13|unk14|unk15
data,field_gk_para_add,d3501,4,16,id|unk1|unk2|unk3|unk4|unk5|unk6|unk7|unk8|unk9|unk10|unk11|unk12|unk13|unk14|unk15
data,field_gk_para_add,d3502,4,16,id|unk1|unk2|unk3|unk4|unk5|unk6|unk7|unk8|unk9|unk10|unk11|unk12|unk13|unk14|unk15
data,field_gk_para_add,d3503,2,16,id|unk1|unk2|unk3|unk4|unk5|unk6|unk7|unk8|unk9|unk10|unk11|unk12|unk13|unk14|unk15
data,field_gk_para_add,d3601,2,16,id|unk1|unk2|unk3|unk4|unk5|unk6|unk7|unk8|unk9|unk10|unk11|unk12|unk13|unk14|unk15
data,field_gk_para_add,d3602,4,16,id|unk1|unk2|unk3|unk4|unk5|unk6|unk7|unk8|unk9|unk10|unk11|unk12|unk13|unk14|unk15
data,field_gk_para_add,d3701,5,16,id|unk1|unk2|unk3|unk4|unk5|unk6|unk7|unk8|unk9|unk10|unk11|unk12|unk13|unk14|unk15
data,field_gk_para_add,d3702,4,16,id|unk1|unk2|unk3|unk4|unk5|unk6|unk7|unk8|unk9|unk10|unk11|unk12|unk13|unk14|unk15
data,field_gk_para_add,d3801,9,16,id|unk1|unk2|unk3|unk4|unk5|unk6|unk7|unk8|unk9|unk10|unk11|unk12|unk13|unk14|unk15
data,field_gk_para_add,d3802,9,16,id|unk1|unk2|unk3|unk4|unk5|unk6|unk7|unk8|unk9|unk10|unk11|unk12|unk13|unk14|unk15
data,field_gk_para_add,d3803,8,16,id|unk1|unk2|unk3|unk4|unk5|unk6|unk7|unk8|unk9|unk10|unk11|unk12|unk13|unk14|unk15
data,field_gk_para_add,d3901,13,16,id|unk1|unk2|unk3|unk4|unk5|unk6|unk7|unk8|unk9|unk10|unk11|unk12|unk13|unk14|unk15
data,field_gk_para_add,d3902,9,16,id|unk1|unk2|unk3|unk4|unk5|unk6|unk7|unk8|unk9|unk10|unk11|unk12|unk13|unk14|unk15
data,field_gk_para_add,d4001,3,16,id|unk1|unk2|unk3|unk4|unk5|unk6|unk7|unk8|unk9|unk10|unk11|unk12|unk13|unk14|unk15
data,field_gk_para_add,d4002,2,16,id|unk1|unk2|unk3|unk4|unk5|unk6|unk7|unk8|unk9|unk10|unk11|unk12|unk13|unk14|unk15
data,field_gk_para_add,d4101,7,16,id|unk1|unk2|unk3|unk4|unk5|unk6|unk7|unk8|unk9|unk10|unk11|unk12|unk13|unk14|unk15
data,field_gk_para_add,d4102,4,16,id|unk1|unk2|unk3|unk4|unk5|unk6|unk7|unk8|unk9|unk10|unk11|unk12|unk13|unk14|unk15
data,field_gk_para_add,d4103,8,16,id|unk1|unk2|unk3|unk4|unk5|unk6|unk7|unk8|unk9|unk10|unk11|unk12|unk13|unk14|unk15
data,field_gk_para_add,d4201,5,16,id|unk1|unk2|unk3|unk4|unk5|unk6|unk7|unk8|unk9|unk10|unk11|unk12|unk13|unk14|unk15
data,field_gk_para_add,d4202,9,16,id|unk1|unk2|unk3|unk4|unk5|unk6|unk7|unk8|unk9|unk10|unk11|unk12|unk13|unk14|unk15
data,field_gk_para_add,d4203,6,16,id|unk1|unk2|unk3|unk4|unk5|unk6|unk7|unk8|unk9|unk10|unk11|unk12|unk13|unk14|unk15
data,field_gk_para_add,d4301,4,16,id|unk1|unk2|unk3|unk4|unk5|unk6|unk7|unk8|unk9|unk10|unk11|unk12|unk13|unk14|unk15
data,field_gk_para_add,d4302,3,16,id|unk1|unk2|unk3|unk4|unk5|unk6|unk7|unk8|unk9|unk10|unk11|unk12|unk13|unk14|unk15
data,field_gk_para_add,d4401,2,16,id|unk1|unk2|unk3|unk4|unk5|unk6|unk7|unk8|unk9|unk10|unk11|unk12|unk13|unk14|unk15
data,field_gk_para_add,d4402,1,16,id|unk1|unk2|unk3|unk4|unk5|unk6|unk7|unk8|unk9|unk10|unk11|unk12|unk13|unk14|unk15
data,field_gk_para_add,d4501,5,16,id|unk1|unk2|unk3|unk4|unk5|unk6|unk7|unk8|unk9|unk10|unk11|unk12|unk13|unk14|unk15
data,field_gk_para_add,d4502,5,16,id|unk1|unk2|unk3|unk4|unk5|unk6|unk7|unk8|unk9|unk10|unk11|unk12|unk13|unk14|unk15
data,field_gk_para_add,d9001,1,16,id|unk1|unk2|unk3|unk4|unk5|unk6|unk7|unk8|unk9|unk10|unk11|unk12|unk13|unk14|unk15
data,field_gk_para_add,d9002,4,16,id|unk1|unk2|unk3|unk4|unk5|unk6|unk7|unk8|unk9|unk10|unk11|unk12|unk13|unk14|unk15
data,field_gk_para_add,d9101,3,16,id|unk1|unk2|unk3|unk4|unk5|unk6|unk7|unk8|unk9|unk10|unk11|unk12|unk13|unk14|unk15
data,field_gk_para_add,d9201,3,16,id|unk1|unk2|unk3|unk4|unk5|unk6|unk7|unk8|unk9|unk10|unk11|unk12|unk13|unk14|unk15
data,field_gk_para_add,d9202,3,16,id|unk1|unk2|unk3|unk4|unk5|unk6|unk7|unk8|unk9|unk10|unk11|unk12|unk13|unk14|unk15
data,field_gk_para_add,d9301,1,16,id|unk1|unk2|unk3|unk4|unk5|unk6|unk7|unk8|unk9|unk10|unk11|unk12|unk13|unk14|unk15
data,field_gk_para_add,d9402,2,16,id|unk1|unk2|unk3|unk4|unk5|unk6|unk7|unk8|unk9|unk10|unk11|unk12|unk13|unk14|unk15
data,field_gk_para_add,d9501,1,16,id|unk1|unk2|unk3|unk4|unk5|unk6|unk7|unk8|unk9|unk10|unk11|unk12|unk13|unk14|unk15
data,field_gk_para_add,t0101,2,16,id|unk1|unk2|unk3|unk4|unk5|unk6|unk7|unk8|unk9|unk10|unk11|unk12|unk13|unk14|unk15
data,field_gk_para_add,t0102,5,16,id|unk1|unk2|unk3|unk4|unk5|unk6|unk7|unk8|unk9|unk10|unk11|unk12|unk13|unk14|unk15
data,field_gk_para_add,t0201,3,16,id|unk1|unk2|unk3|unk4|unk5|unk6|unk7|unk8|unk9|unk10|unk11|unk12|unk13|unk14|unk15
data,field_gk_para_add,t0301,2,16,id|unk1|unk2|unk3|unk4|unk5|unk6|unk7|unk8|unk9|unk10|unk11|unk12|unk13|unk14|unk15
data,field_gk_para_add,t0302,2,16,id|unk1|unk2|unk3|unk4|unk5|unk6|unk7|unk8|unk9|unk10|unk11|unk12|unk13|unk14|unk15
data,field_gk_para_add,t0303,5,16,id|unk1|unk2|unk3|unk4|unk5|unk6|unk7|unk8|unk9|unk10|unk11|unk12|unk13|unk14|unk15
data,field_gk_para_add,t0401,9,16,id|unk1|unk2|unk3|unk4|unk5|unk6|unk7|unk8|unk9|unk10|unk11|unk12|unk13|unk14|unk15
data,field_gk_para_add,t0402,10,16,id|unk1|unk2|unk3|unk4|unk5|unk6|unk7|unk8|unk9|unk10|unk11|unk12|unk13|unk14|unk15
data,field_gk_para_add,t0403,9,16,id|unk1|unk2|unk3|unk4|unk5|unk6|unk7|unk8|unk9|unk10|unk11|unk12|unk13|unk14|unk15
data,field_gk_para_add,t0404,1,16,id|unk1|unk2|unk3|unk4|unk5|unk6|unk7|unk8|unk9|unk10|unk11|unk12|unk13|unk14|unk15
data,field_gk_para_add,t0405,3,16,id|unk1|unk2|unk3|unk4|unk5|unk6|unk7|unk8|unk9|unk10|unk11|unk12|unk13|unk14|unk15
data,field_gk_para_add,t0407,4,16,id|unk1|unk2|unk3|unk4|unk5|unk6|unk7|unk8|unk9|unk10|unk11|unk12|unk13|unk14|unk15
data,field_gk_para_add,t0408,1,16,id|unk1|unk2|unk3|unk4|unk5|unk6|unk7|unk8|unk9|unk10|unk11|unk12|unk13|unk14|unk15
data,field_gk_para_add,t0501,5,16,id|unk1|unk2|unk3|unk4|unk5|unk6|unk7|unk8|unk9|unk10|unk11|unk12|unk13|unk14|unk15
data,field_gk_para_add,t0502,3,16,id|unk1|unk2|unk3|unk4|unk5|unk6|unk7|unk8|unk9|unk10|unk11|unk12|unk13|unk14|unk15
data,field_gk_para_add,t0503,4,16,id|unk1|unk2|unk3|unk4|unk5|unk6|unk7|unk8|unk9|unk10|unk11|unk12|unk13|unk14|unk15
data,field_gk_para_add,t0504,4,16,id|unk1|unk2|unk3|unk4|unk5|unk6|unk7|unk8|unk9|unk10|unk11|unk12|unk13|unk14|unk15
data,field_gk_para_add,t0505,1,16,id|unk1|unk2|unk3|unk4|unk5|unk6|unk7|unk8|unk9|unk10|unk11|unk12|unk13|unk14|unk15
data,field_gk_para_add,t0506,3,16,id|unk1|unk2|unk3|unk4|unk5|unk6|unk7|unk8|unk9|unk10|unk11|unk12|unk13|unk14|unk15
data,field_gk_para_add,t0507,1,16,id|unk1|unk2|unk3|unk4|unk5|unk6|unk7|unk8|unk9|unk10|unk11|unk12|unk13|unk14|unk15
data,field_gk_para_add,t0508,1,16,id|unk1|unk2|unk3|unk4|unk5|unk6|unk7|unk8|unk9|unk10|unk11|unk12|unk13|unk14|unk15
data,field_gk_para_add,t0509,1,16,id|unk1|unk2|unk3|unk4|unk5|unk6|unk7|unk8|unk9|unk10|unk11|unk12|unk13|unk14|unk15
data,field_gk_para_add,t0510,1,16,id|unk1|unk2|unk3|unk4|unk5|unk6|unk7|unk8|unk9|unk10|unk11|unk12|unk13|unk14|unk15
data,field_gk_para_add,t0511,3,16,id|unk1|unk2|unk3|unk4|unk5|unk6|unk7|unk8|unk9|unk10|unk11|unk12|unk13|unk14|unk15
data,field_gk_para_add,t0512,2,16,id|unk1|unk2|unk3|unk4|unk5|unk6|unk7|unk8|unk9|unk10|unk11|unk12|unk13|unk14|unk15
data,field_gk_para_add,t0801,3,16,id|unk1|unk2|unk3|unk4|unk5|unk6|unk7|unk8|unk9|unk10|unk11|unk12|unk13|unk14|unk15
data,field_gk_para_add,t0901,1,16,id|unk1|unk2|unk3|unk4|unk5|unk6|unk7|unk8|unk9|unk10|unk11|unk12|unk13|unk14|unk15
data,field_gk_para_add,t1101,1,16,id|unk1|unk2|unk3|unk4|unk5|unk6|unk7|unk8|unk9|unk10|unk11|unk12|unk13|unk14|unk15
data,field_gk_para_add,t1102,3,16,id|unk1|unk2|unk3|unk4|unk5|unk6|unk7|unk8|unk9|unk10|unk11|unk12|unk13|unk14|unk15
data,field_gk_para_add,t2001,9,16,id|unk1|unk2|unk3|unk4|unk5|unk6|unk7|unk8|unk9|unk10|unk11|unk12|unk13|unk14|unk15
data,field_gk_para_add,t2101,1,16,id|unk1|unk2|unk3|unk4|unk5|unk6|unk7|unk8|unk9|unk10|unk11|unk12|unk13|unk14|unk15
data,field_gk_para_add,t2201,1,16,id|unk1|unk2|unk3|unk4|unk5|unk6|unk7|unk8|unk9|unk10|unk11|unk12|unk13|unk14|unk15
data,field_gk_para_add,t2301,1,16,id|unk1|unk2|unk3|unk4|unk5|unk6|unk7|unk8|unk9|unk10|unk11|unk12|unk13|unk14|unk15
data,field_gk_para_add,t2401,2,16,id|unk1|unk2|unk3|unk4|unk5|unk6|unk7|unk8|unk9|unk10|unk11|unk12|unk13|unk14|unk15
data,field_gk_para_add,t2403,4,16,id|unk1|unk2|unk3|unk4|unk5|unk6|unk7|unk8|unk9|unk10|unk11|unk12|unk13|unk14|unk15
data,field_gk_para_add,t2404,3,16,id|unk1|unk2|unk3|unk4|unk5|unk6|unk7|unk8|unk9|unk10|unk11|unk12|unk13|unk14|unk15
data,field_gk_para_add,t2405,1,16,id|unk1|unk2|unk3|unk4|unk5|unk6|unk7|unk8|unk9|unk10|unk11|unk12|unk13|unk14|unk15
data,field_gk_para_add,t2406,1,16,id|unk1|unk2|unk3|unk4|unk5|unk6|unk7|unk8|unk9|unk10|unk11|unk12|unk13|unk14|unk15
data,field_gk_para_add,t2501,1,16,id|unk1|unk2|unk3|unk4|unk5|unk6|unk7|unk8|unk9|unk10|unk11|unk12|unk13|unk14|unk15
data,field_gk_para_add,t3001,8,16,id|unk1|unk2|unk3|unk4|unk5|unk6|unk7|unk8|unk9|unk10|unk11|unk12|unk13|unk14|unk15
data,field_gk_para_add,t5001,6,16,id|unk1|unk2|unk3|unk4|unk5|unk6|unk7|unk8|unk9|unk10|unk11|unk12|unk13|unk14|unk15
data,field_gk_para_add,t5002,4,16,id|unk1|unk2|unk3|unk4|unk5|unk6|unk7|unk8|unk9|unk10|unk11|unk12|unk13|unk14|unk15
data,field_gk_para_add,t5003,7,16,id|unk1|unk2|unk3|unk4|unk5|unk6|unk7|unk8|unk9|unk10|unk11|unk12|unk13|unk14|unk15
data,field_gk_para_add,t5004,1,16,id|unk1|unk2|unk3|unk4|unk5|unk6|unk7|unk8|unk9|unk10|unk11|unk12|unk13|unk14|unk15
data,field_gk_para_add,t5005,3,16,id|unk1|unk2|unk3|unk4|unk5|unk6|unk7|unk8|unk9|unk10|unk11|unk12|unk13|unk14|unk15
data,field_npc_para,d0101,5,21,id|name1|model|variation|unk3|pose|unk5|rotation|actionIcon|unk8|interactable|unk10|unk11|unk12|unk13|unk15|unk17|unk18|unk19|interactionRange|unk21
data,field_npc_para,d0102,2,21,id|name1|model|variation|unk3|pose|unk5|rotation|actionIcon|unk8|interactable|unk10|unk11|unk12|unk13|unk15|unk17|unk18|unk19|interactionRange|unk21
data,field_npc_para,d0103,9,21,id|name1|model|variation|unk3|pose|unk5|rotation|actionIcon|unk8|interactable|unk10|unk11|unk12|unk13|unk15|unk17|unk18|unk19|interactionRange|unk21
data,field_npc_para,d0104,20,21,id|name1|model|variation|unk3|pose|unk5|rotation|actionIcon|unk8|interactable|unk10|unk11|unk12|unk13|unk15|unk17|unk18|unk19|interactionRange|unk21
data,field_npc_para,d0105,4,21,id|name1|model|variation|unk3|pose|unk5|rotation|actionIcon|unk8|interactable|unk10|unk11|unk12|unk13|unk15|unk17|unk18|unk19|interactionRange|unk21
data,field_npc_para,d0201,25,21,id|name1|model|variation|unk3|pose|unk5|rotation|actionIcon|unk8|interactable|unk10|unk11|unk12|unk13|unk15|unk17|unk18|unk19|interactionRange|unk21
data,field_npc_para,d0202,12,21,id|name1|model|variation|unk3|pose|unk5|rotation|actionIcon|unk8|interactable|unk10|unk11|unk12|unk13|unk15|unk17|unk18|unk19|interactionRange|unk21
data,field_npc_para,d0203,14,21,id|name1|model|variation|unk3|pose|unk5|rotation|actionIcon|unk8|interactable|unk10|unk11|unk12|unk13|unk15|unk17|unk18|unk19|interactionRange|unk21
data,field_npc_para,d0204,3,21,id|name1|model|variation|unk3|pose|unk5|rotation|actionIcon|unk8|interactable|unk10|unk11|unk12|unk13|unk15|unk17|unk18|unk19|interactionRange|unk21
data,field_npc_para,d0205,8,21,id|name1|model|variation|unk3|pose|unk5|rotation|actionIcon|unk8|interactable|unk10|unk11|unk12|unk13|unk15|unk17|unk18|unk19|interactionRange|unk21
data,field_npc_para,d0301,27,21,id|name1|model|variation|unk3|pose|unk5|rotation|actionIcon|unk8|interactable|unk10|unk11|unk12|unk13|unk15|unk17|unk18|unk19|interactionRange|unk21
data,field_npc_para,d0401,25,21,id|name1|model|variation|unk3|pose|unk5|rotation|actionIcon|unk8|interactable|unk10|unk11|unk12|unk13|unk15|unk17|unk18|unk19|interactionRange|unk21
data,field_npc_para,d0402,19,21,id|name1|model|variation|unk3|pose|unk5|rotation|actionIcon|unk8|interactable|unk10|unk11|unk12|unk13|unk15|unk17|unk18|unk19|interactionRange|unk21
data,field_npc_para,d0403,13,21,id|name1|model|variation|unk3|pose|unk5|rotation|actionIcon|unk8|interactable|unk10|unk11|unk12|unk13|unk15|unk17|unk18|unk19|interactionRange|unk21
data,field_npc_para,d0404,7,21,id|name1|model|variation|unk3|pose|unk5|rotation|actionIcon|unk8|interactable|unk10|unk11|unk12|unk13|unk15|unk17|unk18|unk19|interactionRange|unk21
data,field_npc_para,d0405,5,21,id|name1|model|variation|unk3|pose|unk5|rotation|actionIcon|unk8|interactable|unk10|unk11|unk12|unk13|unk15|unk17|unk18|unk19|interactionRange|unk21
data,field_npc_para,d0501,26,21,id|name1|model|variation|unk3|pose|unk5|rotation|actionIcon|unk8|interactable|unk10|unk11|unk12|unk13|unk15|unk17|unk18|unk19|interactionRange|unk21
data,field_npc_para,d0502,12,21,id|name1|model|variation|unk3|pose|unk5|rotation|actionIcon|unk8|interactable|unk10|unk11|unk12|unk13|unk15|unk17|unk18|unk19|interactionRange|unk21
data,field_npc_para,d0503,12,21,id|name1|model|variation|unk3|pose|unk5|rotation|actionIcon|unk8|interactable|unk10|unk11|unk12|unk13|unk15|unk17|unk18|unk19|interactionRange|unk21
data,field_npc_para,d0504,7,21,id|name1|model|variation|unk3|pose|unk5|rotation|actionIcon|unk8|interactable|unk10|unk11|unk12|unk13|unk15|unk17|unk18|unk19|interactionRange|unk21
data,field_npc_para,d0505,1,21,id|name1|model|variation|unk3|pose|unk5|rotation|actionIcon|unk8|interactable|unk10|unk11|unk12|unk13|unk15|unk17|unk18|unk19|interactionRange|unk21
data,field_npc_para,d0506,0,21,id|name1|model|variation|unk3|pose|unk5|rotation|actionIcon|unk8|interactable|unk10|unk11|unk12|unk13|unk15|unk17|unk18|unk19|interactionRange|unk21
data,field_npc_para,d0601,23,21,id|name1|model|variation|unk3|pose|unk5|rotation|actionIcon|unk8|interactable|unk10|unk11|unk12|unk13|unk15|unk17|unk18|unk19|interactionRange|unk21
data,field_npc_para,d0602,12,21,id|name1|model|variation|unk3|pose|unk5|rotation|actionIcon|unk8|interactable|unk10|unk11|unk12|unk13|unk15|unk17|unk18|unk19|interactionRange|unk21
data,field_npc_para,d0603,18,21,id|name1|model|variation|unk3|pose|unk5|rotation|actionIcon|unk8|interactable|unk10|unk11|unk12|unk13|unk15|unk17|unk18|unk19|interactionRange|unk21
data,field_npc_para,d0701,23,21,id|name1|model|variation|unk3|pose|unk5|rotation|actionIcon|unk8|interactable|unk10|unk11|unk12|unk13|unk15|unk17|unk18|unk19|interactionRange|unk21
data,field_npc_para,d0702,6,21,id|name1|model|variation|unk3|pose|unk5|rotation|actionIcon|unk8|interactable|unk10|unk11|unk12|unk13|unk15|unk17|unk18|unk19|interactionRange|unk21
data,field_npc_para,d0704,1,21,id|name1|model|variation|unk3|pose|unk5|rotation|actionIcon|unk8|interactable|unk10|unk11|unk12|unk13|unk15|unk17|unk18|unk19|interactionRange|unk21
data,field_npc_para,d0705,1,21,id|name1|model|variation|unk3|pose|unk5|rotation|actionIcon|unk8|interactable|unk10|unk11|unk12|unk13|unk15|unk17|unk18|unk19|interactionRange|unk21
data,field_npc_para,d0706,1,21,id|name1|model|variation|unk3|pose|unk5|rotation|actionIcon|unk8|interactable|unk10|unk11|unk12|unk13|unk15|unk17|unk18|unk19|interactionRange|unk21
data,field_npc_para,d0707,1,21,id|name1|model|variation|unk3|pose|unk5|rotation|actionIcon|unk8|interactable|unk10|unk11|unk12|unk13|unk15|unk17|unk18|unk19|interactionRange|unk21
data,field_npc_para,d0901,30,21,id|name1|model|variation|unk3|pose|unk5|rotation|actionIcon|unk8|interactable|unk10|unk11|unk12|unk13|unk15|unk17|unk18|unk19|interactionRange|unk21
data,field_npc_para,d1001,4,21,id|name1|model|variation|unk3|pose|unk5|rotation|actionIcon|unk8|interactable|unk10|unk11|unk12|unk13|unk15|unk17|unk18|unk19|interactionRange|unk21
data,field_npc_para,d1101,21,21,id|name1|model|variation|unk3|pose|unk5|rotation|actionIcon|unk8|interactable|unk10|unk11|unk12|unk13|unk15|unk17|unk18|unk19|interactionRange|unk21
data,field_npc_para,d1103,1,21,id|name1|model|variation|unk3|pose|unk5|rotation|actionIcon|unk8|interactable|unk10|unk11|unk12|unk13|unk15|unk17|unk18|unk19|interactionRange|unk21
data,field_npc_para,d1104,1,21,id|name1|model|variation|unk3|pose|unk5|rotation|actionIcon|unk8|interactable|unk10|unk11|unk12|unk13|unk15|unk17|unk18|unk19|interactionRange|unk21
data,field_npc_para,d1105,4,21,id|name1|model|variation|unk3|pose|unk5|rotation|actionIcon|unk8|interactable|unk10|unk11|unk12|unk13|unk15|unk17|unk18|unk19|interactionRange|unk21
data,field_npc_para,d1106,1,21,id|name1|model|variation|unk3|pose|unk5|rotation|actionIcon|unk8|interactable|unk10|unk11|unk12|unk13|unk15|unk17|unk18|unk19|interactionRange|unk21
data,field_npc_para,d1110,3,21,id|name1|model|variation|unk3|pose|unk5|rotation|actionIcon|unk8|interactable|unk10|unk11|unk12|unk13|unk15|unk17|unk18|unk19|interactionRange|unk21
data,field_npc_para,d1201,38,21,id|name1|model|variation|unk3|pose|unk5|rotation|actionIcon|unk8|interactable|unk10|unk11|unk12|unk13|unk15|unk17|unk18|unk19|interactionRange|unk21
data,field_npc_para,d1203,11,21,id|name1|model|variation|unk3|pose|unk5|rotation|actionIcon|unk8|interactable|unk10|unk11|unk12|unk13|unk15|unk17|unk18|unk19|interactionRange|unk21
data,field_npc_para,d1301,14,21,id|name1|model|variation|unk3|pose|unk5|rotation|actionIcon|unk8|interactable|unk10|unk11|unk12|unk13|unk15|unk17|unk18|unk19|interactionRange|unk21
data,field_npc_para,d1302,3,21,id|name1|model|variation|unk3|pose|unk5|rotation|actionIcon|unk8|interactable|unk10|unk11|unk12|unk13|unk15|unk17|unk18|unk19|interactionRange|unk21
data,field_npc_para,d1303,1,21,id|name1|model|variation|unk3|pose|unk5|rotation|actionIcon|unk8|interactable|unk10|unk11|unk12|unk13|unk15|unk17|unk18|unk19|interactionRange|unk21
data,field_npc_para,d1401,3,21,id|name1|model|variation|unk3|pose|unk5|rotation|actionIcon|unk8|interactable|unk10|unk11|unk12|unk13|unk15|unk17|unk18|unk19|interactionRange|unk21
data,field_npc_para,d1408,1,21,id|name1|model|variation|unk3|pose|unk5|rotation|actionIcon|unk8|interactable|unk10|unk11|unk12|unk13|unk15|unk17|unk18|unk19|interactionRange|unk21
data,field_npc_para,d1417,15,21,id|name1|model|variation|unk3|pose|unk5|rotation|actionIcon|unk8|interactable|unk10|unk11|unk12|unk13|unk15|unk17|unk18|unk19|interactionRange|unk21
data,field_npc_para,d1501,24,21,id|name1|model|variation|unk3|pose|unk5|rotation|actionIcon|unk8|interactable|unk10|unk11|unk12|unk13|unk15|unk17|unk18|unk19|interactionRange|unk21
data,field_npc_para,d1502,1,21,id|name1|model|variation|unk3|pose|unk5|rotation|actionIcon|unk8|interactable|unk10|unk11|unk12|unk13|unk15|unk17|unk18|unk19|interactionRange|unk21
data,field_npc_para,d1503,7,21,id|name1|model|variation|unk3|pose|unk5|rotation|actionIcon|unk8|interactable|unk10|unk11|unk12|unk13|unk15|unk17|unk18|unk19|interactionRange|unk21
data,field_npc_para,d1602,4,21,id|name1|model|variation|unk3|pose|unk5|rotation|actionIcon|unk8|interactable|unk10|unk11|unk12|unk13|unk15|unk17|unk18|unk19|interactionRange|unk21
data,field_npc_para,d1701,9,21,id|name1|model|variation|unk3|pose|unk5|rotation|actionIcon|unk8|interactable|unk10|unk11|unk12|unk13|unk15|unk17|unk18|unk19|interactionRange|unk21
data,field_npc_para,d1802,2,21,id|name1|model|variation|unk3|pose|unk5|rotation|actionIcon|unk8|interactable|unk10|unk11|unk12|unk13|unk15|unk17|unk18|unk19|interactionRange|unk21
data,field_npc_para,d1803,2,21,id|name1|model|variation|unk3|pose|unk5|rotation|actionIcon|unk8|interactable|unk10|unk11|unk12|unk13|unk15|unk17|unk18|unk19|interactionRange|unk21
data,field_npc_para,d2001,1,21,id|name1|model|variation|unk3|pose|unk5|rotation|actionIcon|unk8|interactable|unk10|unk11|unk12|unk13|unk15|unk17|unk18|unk19|interactionRange|unk21
data,field_npc_para,d2002,2,21,id|name1|model|variation|unk3|pose|unk5|rotation|actionIcon|unk8|interactable|unk10|unk11|unk12|unk13|unk15|unk17|unk18|unk19|interactionRange|unk21
data,field_npc_para,d2003,7,21,id|name1|model|variation|unk3|pose|unk5|rotation|actionIcon|unk8|interactable|unk10|unk11|unk12|unk13|unk15|unk17|unk18|unk19|interactionRange|unk21
data,field_npc_para,d2004,18,21,id|name1|model|variation|unk3|pose|unk5|rotation|actionIcon|unk8|interactable|unk10|unk11|unk12|unk13|unk15|unk17|unk18|unk19|interactionRange|unk21
data,field_npc_para,d2101,1,21,id|name1|model|variation|unk3|pose|unk5|rotation|actionIcon|unk8|interactable|unk10|unk11|unk12|unk13|unk15|unk17|unk18|unk19|interactionRange|unk21
data,field_npc_para,d2201,1,21,id|name1|model|variation|unk3|pose|unk5|rotation|actionIcon|unk8|interactable|unk10|unk11|unk12|unk13|unk15|unk17|unk18|unk19|interactionRange|unk21
data,field_npc_para,d2301,2,21,id|name1|model|variation|unk3|pose|unk5|rotation|actionIcon|unk8|interactable|unk10|unk11|unk12|unk13|unk15|unk17|unk18|unk19|interactionRange|unk21
data,field_npc_para,d2303,4,21,id|name1|model|variation|unk3|pose|unk5|rotation|actionIcon|unk8|interactable|unk10|unk11|unk12|unk13|unk15|unk17|unk18|unk19|interactionRange|unk21
data,field_npc_para,d2304,1,21,id|name1|model|variation|unk3|pose|unk5|rotation|actionIcon|unk8|interactable|unk10|unk11|unk12|unk13|unk15|unk17|unk18|unk19|interactionRange|unk21
data,field_npc_para,d2401,12,21,id|name1|model|variation|unk3|pose|unk5|rotation|actionIcon|unk8|interactable|unk10|unk11|unk12|unk13|unk15|unk17|unk18|unk19|interactionRange|unk21
data,field_npc_para,d3002,1,21,id|name1|model|variation|unk3|pose|unk5|rotation|actionIcon|unk8|interactable|unk10|unk11|unk12|unk13|unk15|unk17|unk18|unk19|interactionRange|unk21
data,field_npc_para,d3003,10,21,id|name1|model|variation|unk3|pose|unk5|rotation|actionIcon|unk8|interactable|unk10|unk11|unk12|unk13|unk15|unk17|unk18|unk19|interactionRange|unk21
data,field_npc_para,d3201,9,21,id|name1|model|variation|unk3|pose|unk5|rotation|actionIcon|unk8|interactable|unk10|unk11|unk12|unk13|unk15|unk17|unk18|unk19|interactionRange|unk21
data,field_npc_para,d3502,3,21,id|name1|model|variation|unk3|pose|unk5|rotation|actionIcon|unk8|interactable|unk10|unk11|unk12|unk13|unk15|unk17|unk18|unk19|interactionRange|unk21
data,field_npc_para,d3503,1,21,id|name1|model|variation|unk3|pose|unk5|rotation|actionIcon|unk8|interactable|unk10|unk11|unk12|unk13|unk15|unk17|unk18|unk19|interactionRange|unk21
data,field_npc_para,d3602,1,21,id|name1|model|variation|unk3|pose|unk5|rotation|actionIcon|unk8|interactable|unk10|unk11|unk12|unk13|unk15|unk17|unk18|unk19|interactionRange|unk21
data,field_npc_para,d3701,2,21,id|name1|model|variation|unk3|pose|unk5|rotation|actionIcon|unk8|interactable|unk10|unk11|unk12|unk13|unk15|unk17|unk18|unk19|interactionRange|unk21
data,field_npc_para,d3702,5,21,id|name1|model|variation|unk3|pose|unk5|rotation|actionIcon|unk8|interactable|unk10|unk11|unk12|unk13|unk15|unk17|unk18|unk19|interactionRange|unk21
data,field_npc_para,d3801,3,21,id|name1|model|variation|unk3|pose|unk5|rotation|actionIcon|unk8|interactable|unk10|unk11|unk12|unk13|unk15|unk17|unk18|unk19|interactionRange|unk21
data,field_npc_para,d3901,4,21,id|name1|model|variation|unk3|pose|unk5|rotation|actionIcon|unk8|interactable|unk10|unk11|unk12|unk13|unk15|unk17|unk18|unk19|interactionRange|unk21
data,field_npc_para,d3902,2,21,id|name1|model|variation|unk3|pose|unk5|rotation|actionIcon|unk8|interactable|unk10|unk11|unk12|unk13|unk15|unk17|unk18|unk19|interactionRange|unk21
data,field_npc_para,d4002,3,21,id|name1|model|variation|unk3|pose|unk5|rotation|actionIcon|unk8|interactable|unk10|unk11|unk12|unk13|unk15|unk17|unk18|unk19|interactionRange|unk21
data,field_npc_para,d4101,1,21,id|name1|model|variation|unk3|pose|unk5|rotation|actionIcon|unk8|interactable|unk10|unk11|unk12|unk13|unk15|unk17|unk18|unk19|interactionRange|unk21
data,field_npc_para,d4102,2,21,id|name1|model|variation|unk3|pose|unk5|rotation|actionIcon|unk8|interactable|unk10|unk11|unk12|unk13|unk15|unk17|unk18|unk19|interactionRange|unk21
data,field_npc_para,d4201,2,21,id|name1|model|variation|unk3|pose|unk5|rotation|actionIcon|unk8|interactable|unk10|unk11|unk12|unk13|unk15|unk17|unk18|unk19|interactionRange|unk21
data,field_npc_para,d4302,3,21,id|name1|model|variation|unk3|pose|unk5|rotation|actionIcon|unk8|interactable|unk10|unk11|unk12|unk13|unk15|unk17|unk18|unk19|interactionRange|unk21
data,field_npc_para,d4402,2,21,id|name1|model|variation|unk3|pose|unk5|rotation|actionIcon|unk8|interactable|unk10|unk11|unk12|unk13|unk15|unk17|unk18|unk19|interactionRange|unk21
data,field_npc_para,d4501,1,21,id|name1|model|variation|unk3|pose|unk5|rotation|actionIcon|unk8|interactable|unk10|unk11|unk12|unk13|unk15|unk17|unk18|unk19|interactionRange|unk21
data,field_npc_para,d4502,2,21,id|name1|model|variation|unk3|pose|unk5|rotation|actionIcon|unk8|interactable|unk10|unk11|unk12|unk13|unk15|unk17|unk18|unk19|interactionRange|unk21
data,field_npc_para,d6101,1,21,id|name1|model|variation|unk3|pose|unk5|rotation|actionIcon|unk8|interactable|unk10|unk11|unk12|unk13|unk15|unk17|unk18|unk19|interactionRange|unk21
data,field_npc_para,d7201,1,21,id|name1|model|variation|unk3|pose|unk5|rotation|actionIcon|unk8|interactable|unk10|unk11|unk12|unk13|unk15|unk17|unk18|unk19|interactionRange|unk21
data,field_npc_para,d9001,63,21,id|name1|model|variation|unk3|pose|unk5|rotation|actionIcon|unk8|interactable|unk10|unk11|unk12|unk13|unk15|unk17|unk18|unk19|interactionRange|unk21
data,field_npc_para,d9002,29,21,id|name1|model|variation|unk3|pose|unk5|rotation|actionIcon|unk8|interactable|unk10|unk11|unk12|unk13|unk15|unk17|unk18|unk19|interactionRange|unk21
data,field_npc_para,d9101,72,21,id|name1|model|variation|unk3|pose|unk5|rotation|actionIcon|unk8|interactable|unk10|unk11|unk12|unk13|unk15|unk17|unk18|unk19|interactionRange|unk21
data,field_npc_para,d9201,83,21,id|name1|model|variation|unk3|pose|unk5|rotation|actionIcon|unk8|interactable|unk10|unk11|unk12|unk13|unk15|unk17|unk18|unk19|interactionRange|unk21
data,field_npc_para,d9202,36,21,id|name1|model|variation|unk3|pose|unk5|rotation|actionIcon|unk8|interactable|unk10|unk11|unk12|unk13|unk15|unk17|unk18|unk19|interactionRange|unk21
data,field_npc_para,d9301,24,21,id|name1|model|variation|unk3|pose|unk5|rotation|actionIcon|unk8|interactable|unk10|unk11|unk12|unk13|unk15|unk17|unk18|unk19|interactionRange|unk21
data,field_npc_para,d9401,18,21,id|name1|model|variation|unk3|pose|unk5|rotation|actionIcon|unk8|interactable|unk10|unk11|unk12|unk13|unk15|unk17|unk18|unk19|interactionRange|unk21
data,field_npc_para,d9402,9,21,id|name1|model|variation|unk3|pose|unk5|rotation|actionIcon|unk8|interactable|unk10|unk11|unk12|unk13|unk15|unk17|unk18|unk19|interactionRange|unk21
data,field_npc_para,RandomCar,15,2,id|someName
data,field_npc_para,RandomMob,11,2,id|someName
data,field_npc_para,t0101,45,21,id|name|model|variation|unk3|fn0X_anim|unk5|rotation|actionIcon|unk8|interactable|unk10|unk11|unk12|unk13|unk15|unk17|unk18|unk19|interactionRange|unk21
data,field_npc_para,t0102,48,21,id|name1|model|variation|unk3|pose|unk5|rotation|actionIcon|unk8|interactable|unk10|unk11|unk12|unk13|unk15|unk17|unk18|unk19|interactionRange|unk21
data,field_npc_para,t0201,44,21,id|name1|model|variation|unk3|pose|unk5|rotation|actionIcon|unk8|interactable|unk10|unk11|unk12|unk13|unk15|unk17|unk18|unk19|interactionRange|unk21
data,field_npc_para,t0301,36,21,id|name1|model|variation|unk3|pose|unk5|rotation|actionIcon|unk8|interactable|unk10|unk11|unk12|unk13|unk15|unk17|unk18|unk19|interactionRange|unk21
data,field_npc_para,t0302,9,21,id|name1|model|variation|unk3|pose|unk5|rotation|actionIcon|unk8|interactable|unk10|unk11|unk12|unk13|unk15|unk17|unk18|unk19|interactionRange|unk21
data,field_npc_para,t0303,21,21,id|name1|model|variation|unk3|pose|unk5|rotation|actionIcon|unk8|interactable|unk10|unk11|unk12|unk13|unk15|unk17|unk18|unk19|interactionRange|unk21
data,field_npc_para,t0401,27,21,id|name1|model|variation|unk3|pose|unk5|rotation|actionIcon|unk8|interactable|unk10|unk11|unk12|unk13|unk15|unk17|unk18|unk19|interactionRange|unk21
data,field_npc_para,t0402,21,21,id|name1|model|variation|unk3|pose|unk5|rotation|actionIcon|unk8|interactable|unk10|unk11|unk12|unk13|unk15|unk17|unk18|unk19|interactionRange|unk21
data,field_npc_para,t0403,2,21,id|name1|model|variation|unk3|pose|unk5|rotation|actionIcon|unk8|interactable|unk10|unk11|unk12|unk13|unk15|unk17|unk18|unk19|interactionRange|unk21
data,field_npc_para,t0404,1,21,id|name1|model|variation|unk3|pose|unk5|rotation|actionIcon|unk8|interactable|unk10|unk11|unk12|unk13|unk15|unk17|unk18|unk19|interactionRange|unk21
data,field_npc_para,t0501,27,21,id|name1|model|variation|unk3|pose|unk5|rotation|actionIcon|unk8|interactable|unk10|unk11|unk12|unk13|unk15|unk17|unk18|unk19|interactionRange|unk21
data,field_npc_para,t0502,7,21,id|name1|model|variation|unk3|pose|unk5|rotation|actionIcon|unk8|interactable|unk10|unk11|unk12|unk13|unk15|unk17|unk18|unk19|interactionRange|unk21
data,field_npc_para,t0503,9,21,id|name1|model|variation|unk3|pose|unk5|rotation|actionIcon|unk8|interactable|unk10|unk11|unk12|unk13|unk15|unk17|unk18|unk19|interactionRange|unk21
data,field_npc_para,t0504,19,21,id|name1|model|variation|unk3|pose|unk5|rotation|actionIcon|unk8|interactable|unk10|unk11|unk12|unk13|unk15|unk17|unk18|unk19|interactionRange|unk21
data,field_npc_para,t0505,15,21,id|name1|model|variation|unk3|pose|unk5|rotation|actionIcon|unk8|interactable|unk10|unk11|unk12|unk13|unk15|unk17|unk18|unk19|interactionRange|unk21
data,field_npc_para,t0506,12,21,id|name1|model|variation|unk3|pose|unk5|rotation|actionIcon|unk8|interactable|unk10|unk11|unk12|unk13|unk15|unk17|unk18|unk19|interactionRange|unk21
data,field_npc_para,t0507,9,21,id|name1|model|variation|unk3|pose|unk5|rotation|actionIcon|unk8|interactable|unk10|unk11|unk12|unk13|unk15|unk17|unk18|unk19|interactionRange|unk21
data,field_npc_para,t0508,10,21,id|name1|model|variation|unk3|pose|unk5|rotation|actionIcon|unk8|interactable|unk10|unk11|unk12|unk13|unk15|unk17|unk18|unk19|interactionRange|unk21
data,field_npc_para,t0509,14,21,id|name1|model|variation|unk3|pose|unk5|rotation|actionIcon|unk8|interactable|unk10|unk11|unk12|unk13|unk15|unk17|unk18|unk19|interactionRange|unk21
data,field_npc_para,t0510,7,21,id|name1|model|variation|unk3|pose|unk5|rotation|actionIcon|unk8|interactable|unk10|unk11|unk12|unk13|unk15|unk17|unk18|unk19|interactionRange|unk21
data,field_npc_para,t0511,7,21,id|name1|model|variation|unk3|pose|unk5|rotation|actionIcon|unk8|interactable|unk10|unk11|unk12|unk13|unk15|unk17|unk18|unk19|interactionRange|unk21
data,field_npc_para,t0512,10,21,id|name1|model|variation|unk3|pose|unk5|rotation|actionIcon|unk8|interactable|unk10|unk11|unk12|unk13|unk15|unk17|unk18|unk19|interactionRange|unk21
data,field_npc_para,t0601,14,21,id|name1|model|variation|unk3|pose|unk5|rotation|actionIcon|unk8|interactable|unk10|unk11|unk12|unk13|unk15|unk17|unk18|unk19|interactionRange|unk21
data,field_npc_para,t1001,9,21,id|name1|model|variation|unk3|pose|unk5|rotation|actionIcon|unk8|interactable|unk10|unk11|unk12|unk13|unk15|unk17|unk18|unk19|interactionRange|unk21
data,field_npc_para,t1101,2,21,id|name1|model|variation|unk3|pose|unk5|rotation|actionIcon|unk8|interactable|unk10|unk11|unk12|unk13|unk15|unk17|unk18|unk19|interactionRange|unk21
data,field_npc_para,t1102,12,21,id|name1|model|variation|unk3|pose|unk5|rotation|actionIcon|unk8|interactable|unk10|unk11|unk12|unk13|unk15|unk17|unk18|unk19|interactionRange|unk21
data,field_npc_para,t1201,1,21,id|name1|model|variation|unk3|pose|unk5|rotation|actionIcon|unk8|interactable|unk10|unk11|unk12|unk13|unk15|unk17|unk18|unk19|interactionRange|unk21
data,field_npc_para,t2001,35,21,id|name1|model|variation|unk3|pose|unk5|rotation|actionIcon|unk8|interactable|unk10|unk11|unk12|unk13|unk15|unk17|unk18|unk19|interactionRange|unk21
data,field_npc_para,t2101,12,21,id|name1|model|variation|unk3|pose|unk5|rotation|actionIcon|unk8|interactable|unk10|unk11|unk12|unk13|unk15|unk17|unk18|unk19|interactionRange|unk21
data,field_npc_para,t2201,15,21,id|name1|model|variation|unk3|pose|unk5|rotation|actionIcon|unk8|interactable|unk10|unk11|unk12|unk13|unk15|unk17|unk18|unk19|interactionRange|unk21
data,field_npc_para,t2301,8,21,id|name1|model|variation|unk3|pose|unk5|rotation|actionIcon|unk8|interactable|unk10|unk11|unk12|unk13|unk15|unk17|unk18|unk19|interactionRange|unk21
data,field_npc_para,t2401,16,21,id|name1|model|variation|unk3|pose|unk5|rotation|actionIcon|unk8|interactable|unk10|unk11|unk12|unk13|unk15|unk17|unk18|unk19|interactionRange|unk21
data,field_npc_para,t2403,5,21,id|name1|model|variation|unk3|pose|unk5|rotation|actionIcon|unk8|interactable|unk10|unk11|unk12|unk13|unk15|unk17|unk18|unk19|interactionRange|unk21
data,field_npc_para,t2405,32,21,id|name1|model|variation|unk3|pose|unk5|rotation|actionIcon|unk8|interactable|unk10|unk11|unk12|unk13|unk15|unk17|unk18|unk19|interactionRange|unk21
data,field_npc_para,t2501,21,21,id|name1|model|variation|unk3|pose|unk5|rotation|actionIcon|unk8|interactable|unk10|unk11|unk12|unk13|unk15|unk17|unk18|unk19|interactionRange|unk21
data,field_npc_para,t3001,3,21,id|name1|model|variation|unk3|pose|unk5|rotation|actionIcon|unk8|interactable|unk10|unk11|unk12|unk13|unk15|unk17|unk18|unk19|interactionRange|unk21
data,field_npc_para_add,d0101,5,21,id|name1|model|variation|unk3|pose|unk5|rotation|actionIcon|unk8|interactable|unk10|unk11|unk12|unk13|unk15|unk17|unk18|unk19|interactionRange|unk21
data,field_npc_para_add,d0102,2,21,id|name1|model|variation|unk3|pose|unk5|rotation|actionIcon|unk8|interactable|unk10|unk11|unk12|unk13|unk15|unk17|unk18|unk19|interactionRange|unk21
data,field_npc_para_add,d0103,9,21,id|name1|model|variation|unk3|pose|unk5|rotation|actionIcon|unk8|interactable|unk10|unk11|unk12|unk13|unk15|unk17|unk18|unk19|interactionRange|unk21
data,field_npc_para_add,d0104,20,21,id|name1|model|variation|unk3|pose|unk5|rotation|actionIcon|unk8|interactable|unk10|unk11|unk12|unk13|unk15|unk17|unk18|unk19|interactionRange|unk21
data,field_npc_para_add,d0105,4,21,id|name1|model|variation|unk3|pose|unk5|rotation|actionIcon|unk8|interactable|unk10|unk11|unk12|unk13|unk15|unk17|unk18|unk19|interactionRange|unk21
data,field_npc_para_add,d0109,1,21,id|name1|model|variation|unk3|pose|unk5|rotation|actionIcon|unk8|interactable|unk10|unk11|unk12|unk13|unk15|unk17|unk18|unk19|interactionRange|unk21
data,field_npc_para_add,d0111,2,21,id|name1|model|variation|unk3|pose|unk5|rotation|actionIcon|unk8|interactable|unk10|unk11|unk12|unk13|unk15|unk17|unk18|unk19|interactionRange|unk21
data,field_npc_para_add,d0201,3,21,id|name1|model|variation|unk3|pose|unk5|rotation|actionIcon|unk8|interactable|unk10|unk11|unk12|unk13|unk15|unk17|unk18|unk19|interactionRange|unk21
data,field_npc_para_add,d0202,6,21,id|name1|model|variation|unk3|pose|unk5|rotation|actionIcon|unk8|interactable|unk10|unk11|unk12|unk13|unk15|unk17|unk18|unk19|interactionRange|unk21
data,field_npc_para_add,d0203,14,21,id|name1|model|variation|unk3|pose|unk5|rotation|actionIcon|unk8|interactable|unk10|unk11|unk12|unk13|unk15|unk17|unk18|unk19|interactionRange|unk21
data,field_npc_para_add,d0204,3,21,id|name1|model|variation|unk3|pose|unk5|rotation|actionIcon|unk8|interactable|unk10|unk11|unk12|unk13|unk15|unk17|unk18|unk19|interactionRange|unk21
data,field_npc_para_add,d0205,5,21,id|name1|model|variation|unk3|pose|unk5|rotation|actionIcon|unk8|interactable|unk10|unk11|unk12|unk13|unk15|unk17|unk18|unk19|interactionRange|unk21
data,field_npc_para_add,d0301,14,21,id|name1|model|variation|unk3|pose|unk5|rotation|actionIcon|unk8|interactable|unk10|unk11|unk12|unk13|unk15|unk17|unk18|unk19|interactionRange|unk21
data,field_npc_para_add,d0401,28,21,id|name1|model|variation|unk3|pose|unk5|rotation|actionIcon|unk8|interactable|unk10|unk11|unk12|unk13|unk15|unk17|unk18|unk19|interactionRange|unk21
data,field_npc_para_add,d0402,22,21,id|name1|model|variation|unk3|pose|unk5|rotation|actionIcon|unk8|interactable|unk10|unk11|unk12|unk13|unk15|unk17|unk18|unk19|interactionRange|unk21
data,field_npc_para_add,d0403,8,21,id|name1|model|variation|unk3|pose|unk5|rotation|actionIcon|unk8|interactable|unk10|unk11|unk12|unk13|unk15|unk17|unk18|unk19|interactionRange|unk21
data,field_npc_para_add,d0404,15,21,id|name1|model|variation|unk3|pose|unk5|rotation|actionIcon|unk8|interactable|unk10|unk11|unk12|unk13|unk15|unk17|unk18|unk19|interactionRange|unk21
data,field_npc_para_add,d0405,3,21,id|name1|model|variation|unk3|pose|unk5|rotation|actionIcon|unk8|interactable|unk10|unk11|unk12|unk13|unk15|unk17|unk18|unk19|interactionRange|unk21
data,field_npc_para_add,d0501,28,21,id|name1|model|variation|unk3|pose|unk5|rotation|actionIcon|unk8|interactable|unk10|unk11|unk12|unk13|unk15|unk17|unk18|unk19|interactionRange|unk21
data,field_npc_para_add,d0502,12,21,id|name1|model|variation|unk3|pose|unk5|rotation|actionIcon|unk8|interactable|unk10|unk11|unk12|unk13|unk15|unk17|unk18|unk19|interactionRange|unk21
data,field_npc_para_add,d0503,11,21,id|name1|model|variation|unk3|pose|unk5|rotation|actionIcon|unk8|interactable|unk10|unk11|unk12|unk13|unk15|unk17|unk18|unk19|interactionRange|unk21
data,field_npc_para_add,d0504,3,21,id|name1|model|variation|unk3|pose|unk5|rotation|actionIcon|unk8|interactable|unk10|unk11|unk12|unk13|unk15|unk17|unk18|unk19|interactionRange|unk21
data,field_npc_para_add,d0505,1,21,id|name1|model|variation|unk3|pose|unk5|rotation|actionIcon|unk8|interactable|unk10|unk11|unk12|unk13|unk15|unk17|unk18|unk19|interactionRange|unk21
data,field_npc_para_add,d0506,0,21,id|name1|model|variation|unk3|pose|unk5|rotation|actionIcon|unk8|interactable|unk10|unk11|unk12|unk13|unk15|unk17|unk18|unk19|interactionRange|unk21
data,field_npc_para_add,d0601,2,21,id|name1|model|variation|unk3|pose|unk5|rotation|actionIcon|unk8|interactable|unk10|unk11|unk12|unk13|unk15|unk17|unk18|unk19|interactionRange|unk21
data,field_npc_para_add,d0602,2,21,id|name1|model|variation|unk3|pose|unk5|rotation|actionIcon|unk8|interactable|unk10|unk11|unk12|unk13|unk15|unk17|unk18|unk19|interactionRange|unk21
data,field_npc_para_add,d0603,20,21,id|name1|model|variation|unk3|pose|unk5|rotation|actionIcon|unk8|interactable|unk10|unk11|unk12|unk13|unk15|unk17|unk18|unk19|interactionRange|unk21
data,field_npc_para_add,d0701,24,21,id|name1|model|variation|unk3|pose|unk5|rotation|actionIcon|unk8|interactable|unk10|unk11|unk12|unk13|unk15|unk17|unk18|unk19|interactionRange|unk21
data,field_npc_para_add,d0702,8,21,id|name1|model|variation|unk3|pose|unk5|rotation|actionIcon|unk8|interactable|unk10|unk11|unk12|unk13|unk15|unk17|unk18|unk19|interactionRange|unk21
data,field_npc_para_add,d0703,1,21,id|name1|model|variation|unk3|pose|unk5|rotation|actionIcon|unk8|interactable|unk10|unk11|unk12|unk13|unk15|unk17|unk18|unk19|interactionRange|unk21
data,field_npc_para_add,d0704,1,21,id|name1|model|variation|unk3|pose|unk5|rotation|actionIcon|unk8|interactable|unk10|unk11|unk12|unk13|unk15|unk17|unk18|unk19|interactionRange|unk21
data,field_npc_para_add,d0705,1,21,id|name1|model|variation|unk3|pose|unk5|rotation|actionIcon|unk8|interactable|unk10|unk11|unk12|unk13|unk15|unk17|unk18|unk19|interactionRange|unk21
data,field_npc_para_add,d0706,1,21,id|name1|model|variation|unk3|pose|unk5|rotation|actionIcon|unk8|interactable|unk10|unk11|unk12|unk13|unk15|unk17|unk18|unk19|interactionRange|unk21
data,field_npc_para_add,d0707,1,21,id|name1|model|variation|unk3|pose|unk5|rotation|actionIcon|unk8|interactable|unk10|unk11|unk12|unk13|unk15|unk17|unk18|unk19|interactionRange|unk21
data,field_npc_para_add,d0901,26,21,id|name1|model|variation|unk3|pose|unk5|rotation|actionIcon|unk8|interactable|unk10|unk11|unk12|unk13|unk15|unk17|unk18|unk19|interactionRange|unk21
data,field_npc_para_add,d1001,4,21,id|name1|model|variation|unk3|pose|unk5|rotation|actionIcon|unk8|interactable|unk10|unk11|unk12|unk13|unk15|unk17|unk18|unk19|interactionRange|unk21
data,field_npc_para_add,d10102,1,21,id|name1|model|variation|unk3|pose|unk5|rotation|actionIcon|unk8|interactable|unk10|unk11|unk12|unk13|unk15|unk17|unk18|unk19|interactionRange|unk21
data,field_npc_para_add,d10103,1,21,id|name1|model|variation|unk3|pose|unk5|rotation|actionIcon|unk8|interactable|unk10|unk11|unk12|unk13|unk15|unk17|unk18|unk19|interactionRange|unk21
data,field_npc_para_add,d10104,6,21,id|name1|model|variation|unk3|pose|unk5|rotation|actionIcon|unk8|interactable|unk10|unk11|unk12|unk13|unk15|unk17|unk18|unk19|interactionRange|unk21
data,field_npc_para_add,d10201,1,21,id|name1|model|variation|unk3|pose|unk5|rotation|actionIcon|unk8|interactable|unk10|unk11|unk12|unk13|unk15|unk17|unk18|unk19|interactionRange|unk21
data,field_npc_para_add,d10202,2,21,id|name1|model|variation|unk3|pose|unk5|rotation|actionIcon|unk8|interactable|unk10|unk11|unk12|unk13|unk15|unk17|unk18|unk19|interactionRange|unk21
data,field_npc_para_add,d10203,4,21,id|name1|model|variation|unk3|pose|unk5|rotation|actionIcon|unk8|interactable|unk10|unk11|unk12|unk13|unk15|unk17|unk18|unk19|interactionRange|unk21
data,field_npc_para_add,d10301,14,21,id|name1|model|variation|unk3|pose|unk5|rotation|actionIcon|unk8|interactable|unk10|unk11|unk12|unk13|unk15|unk17|unk18|unk19|interactionRange|unk21
data,field_npc_para_add,d10401,4,21,id|name1|model|variation|unk3|pose|unk5|rotation|actionIcon|unk8|interactable|unk10|unk11|unk12|unk13|unk15|unk17|unk18|unk19|interactionRange|unk21
data,field_npc_para_add,d10402,4,21,id|name1|model|variation|unk3|pose|unk5|rotation|actionIcon|unk8|interactable|unk10|unk11|unk12|unk13|unk15|unk17|unk18|unk19|interactionRange|unk21
data,field_npc_para_add,d10403,2,21,id|name1|model|variation|unk3|pose|unk5|rotation|actionIcon|unk8|interactable|unk10|unk11|unk12|unk13|unk15|unk17|unk18|unk19|interactionRange|unk21
data,field_npc_para_add,d10501,5,21,id|name1|model|variation|unk3|pose|unk5|rotation|actionIcon|unk8|interactable|unk10|unk11|unk12|unk13|unk15|unk17|unk18|unk19|interactionRange|unk21
data,field_npc_para_add,d10502,3,21,id|name1|model|variation|unk3|pose|unk5|rotation|actionIcon|unk8|interactable|unk10|unk11|unk12|unk13|unk15|unk17|unk18|unk19|interactionRange|unk21
data,field_npc_para_add,d10601,4,21,id|name1|model|variation|unk3|pose|unk5|rotation|actionIcon|unk8|interactable|unk10|unk11|unk12|unk13|unk15|unk17|unk18|unk19|interactionRange|unk21
data,field_npc_para_add,d10602,5,21,id|name1|model|variation|unk3|pose|unk5|rotation|actionIcon|unk8|interactable|unk10|unk11|unk12|unk13|unk15|unk17|unk18|unk19|interactionRange|unk21
data,field_npc_para_add,d10701,2,21,id|name1|model|variation|unk3|pose|unk5|rotation|actionIcon|unk8|interactable|unk10|unk11|unk12|unk13|unk15|unk17|unk18|unk19|interactionRange|unk21
data,field_npc_para_add,d10702,6,21,id|name1|model|variation|unk3|pose|unk5|rotation|actionIcon|unk8|interactable|unk10|unk11|unk12|unk13|unk15|unk17|unk18|unk19|interactionRange|unk21
data,field_npc_para_add,d10801,15,21,id|name1|model|variation|unk3|pose|unk5|rotation|actionIcon|unk8|interactable|unk10|unk11|unk12|unk13|unk15|unk17|unk18|unk19|interactionRange|unk21
data,field_npc_para_add,d10901,13,21,id|name1|model|variation|unk3|pose|unk5|rotation|actionIcon|unk8|interactable|unk10|unk11|unk12|unk13|unk15|unk17|unk18|unk19|interactionRange|unk21
data,field_npc_para_add,d11001,4,21,id|name1|model|variation|unk3|pose|unk5|rotation|actionIcon|unk8|interactable|unk10|unk11|unk12|unk13|unk15|unk17|unk18|unk19|interactionRange|unk21
data,field_npc_para_add,d11002,13,21,id|name1|model|variation|unk3|pose|unk5|rotation|actionIcon|unk8|interactable|unk10|unk11|unk12|unk13|unk15|unk17|unk18|unk19|interactionRange|unk21
data,field_npc_para_add,d1101,21,21,id|name1|model|variation|unk3|pose|unk5|rotation|actionIcon|unk8|interactable|unk10|unk11|unk12|unk13|unk15|unk17|unk18|unk19|interactionRange|unk21
data,field_npc_para_add,d1103,1,21,id|name1|model|variation|unk3|pose|unk5|rotation|actionIcon|unk8|interactable|unk10|unk11|unk12|unk13|unk15|unk17|unk18|unk19|interactionRange|unk21
data,field_npc_para_add,d1104,1,21,id|name1|model|variation|unk3|pose|unk5|rotation|actionIcon|unk8|interactable|unk10|unk11|unk12|unk13|unk15|unk17|unk18|unk19|interactionRange|unk21
data,field_npc_para_add,d1105,4,21,id|name1|model|variation|unk3|pose|unk5|rotation|actionIcon|unk8|interactable|unk10|unk11|unk12|unk13|unk15|unk17|unk18|unk19|interactionRange|unk21
data,field_npc_para_add,d1106,1,21,id|name1|model|variation|unk3|pose|unk5|rotation|actionIcon|unk8|interactable|unk10|unk11|unk12|unk13|unk15|unk17|unk18|unk19|interactionRange|unk21
data,field_npc_para_add,d1107,1,21,id|name1|model|variation|unk3|pose|unk5|rotation|actionIcon|unk8|interactable|unk10|unk11|unk12|unk13|unk15|unk17|unk18|unk19|interactionRange|unk21
data,field_npc_para_add,d1109,1,21,id|name1|model|variation|unk3|pose|unk5|rotation|actionIcon|unk8|interactable|unk10|unk11|unk12|unk13|unk15|unk17|unk18|unk19|interactionRange|unk21
data,field_npc_para_add,d1110,2,21,id|name1|model|variation|unk3|pose|unk5|rotation|actionIcon|unk8|interactable|unk10|unk11|unk12|unk13|unk15|unk17|unk18|unk19|interactionRange|unk21
data,field_npc_para_add,d1201,1,21,id|name1|model|variation|unk3|pose|unk5|rotation|actionIcon|unk8|interactable|unk10|unk11|unk12|unk13|unk15|unk17|unk18|unk19|interactionRange|unk21
data,field_npc_para_add,d1202,3,21,id|name1|model|variation|unk3|pose|unk5|rotation|actionIcon|unk8|interactable|unk10|unk11|unk12|unk13|unk15|unk17|unk18|unk19|interactionRange|unk21
data,field_npc_para_add,d1203,11,21,id|name1|model|variation|unk3|pose|unk5|rotation|actionIcon|unk8|interactable|unk10|unk11|unk12|unk13|unk15|unk17|unk18|unk19|interactionRange|unk21
data,field_npc_para_add,d12101,3,21,id|name1|model|variation|unk3|pose|unk5|rotation|actionIcon|unk8|interactable|unk10|unk11|unk12|unk13|unk15|unk17|unk18|unk19|interactionRange|unk21
data,field_npc_para_add,d12102,2,21,id|name1|model|variation|unk3|pose|unk5|rotation|actionIcon|unk8|interactable|unk10|unk11|unk12|unk13|unk15|unk17|unk18|unk19|interactionRange|unk21
data,field_npc_para_add,d12103,2,21,id|name1|model|variation|unk3|pose|unk5|rotation|actionIcon|unk8|interactable|unk10|unk11|unk12|unk13|unk15|unk17|unk18|unk19|interactionRange|unk21
data,field_npc_para_add,d12104,2,21,id|name1|model|variation|unk3|pose|unk5|rotation|actionIcon|unk8|interactable|unk10|unk11|unk12|unk13|unk15|unk17|unk18|unk19|interactionRange|unk21
data,field_npc_para_add,d12201,30,21,id|name1|model|variation|unk3|pose|unk5|rotation|actionIcon|unk8|interactable|unk10|unk11|unk12|unk13|unk15|unk17|unk18|unk19|interactionRange|unk21
data,field_npc_para_add,d12302,1,21,id|name1|model|variation|unk3|pose|unk5|rotation|actionIcon|unk8|interactable|unk10|unk11|unk12|unk13|unk15|unk17|unk18|unk19|interactionRange|unk21
data,field_npc_para_add,d12303,1,21,id|name1|model|variation|unk3|pose|unk5|rotation|actionIcon|unk8|interactable|unk10|unk11|unk12|unk13|unk15|unk17|unk18|unk19|interactionRange|unk21
data,field_npc_para_add,d12401,2,21,id|name1|model|variation|unk3|pose|unk5|rotation|actionIcon|unk8|interactable|unk10|unk11|unk12|unk13|unk15|unk17|unk18|unk19|interactionRange|unk21
data,field_npc_para_add,d12501,3,21,id|name1|model|variation|unk3|pose|unk5|rotation|actionIcon|unk8|interactable|unk10|unk11|unk12|unk13|unk15|unk17|unk18|unk19|interactionRange|unk21
data,field_npc_para_add,d12502,1,21,id|name1|model|variation|unk3|pose|unk5|rotation|actionIcon|unk8|interactable|unk10|unk11|unk12|unk13|unk15|unk17|unk18|unk19|interactionRange|unk21
data,field_npc_para_add,d12503,1,21,id|name1|model|variation|unk3|pose|unk5|rotation|actionIcon|unk8|interactable|unk10|unk11|unk12|unk13|unk15|unk17|unk18|unk19|interactionRange|unk21
data,field_npc_para_add,d12601,31,21,id|name1|model|variation|unk3|pose|unk5|rotation|actionIcon|unk8|interactable|unk10|unk11|unk12|unk13|unk15|unk17|unk18|unk19|interactionRange|unk21
data,field_npc_para_add,d12602,29,21,id|name1|model|variation|unk3|pose|unk5|rotation|actionIcon|unk8|interactable|unk10|unk11|unk12|unk13|unk15|unk17|unk18|unk19|interactionRange|unk21
data,field_npc_para_add,d12603,40,21,id|name1|model|variation|unk3|pose|unk5|rotation|actionIcon|unk8|interactable|unk10|unk11|unk12|unk13|unk15|unk17|unk18|unk19|interactionRange|unk21
data,field_npc_para_add,d12701,1,21,id|name1|model|variation|unk3|pose|unk5|rotation|actionIcon|unk8|interactable|unk10|unk11|unk12|unk13|unk15|unk17|unk18|unk19|interactionRange|unk21
data,field_npc_para_add,d12703,1,21,id|name1|model|variation|unk3|pose|unk5|rotation|actionIcon|unk8|interactable|unk10|unk11|unk12|unk13|unk15|unk17|unk18|unk19|interactionRange|unk21
data,field_npc_para_add,d12705,3,21,id|name1|model|variation|unk3|pose|unk5|rotation|actionIcon|unk8|interactable|unk10|unk11|unk12|unk13|unk15|unk17|unk18|unk19|interactionRange|unk21
data,field_npc_para_add,d12801,1,21,id|name1|model|variation|unk3|pose|unk5|rotation|actionIcon|unk8|interactable|unk10|unk11|unk12|unk13|unk15|unk17|unk18|unk19|interactionRange|unk21
data,field_npc_para_add,d12901,1,21,id|name1|model|variation|unk3|pose|unk5|rotation|actionIcon|unk8|interactable|unk10|unk11|unk12|unk13|unk15|unk17|unk18|unk19|interactionRange|unk21
data,field_npc_para_add,d1303,1,21,id|name1|model|variation|unk3|pose|unk5|rotation|actionIcon|unk8|interactable|unk10|unk11|unk12|unk13|unk15|unk17|unk18|unk19|interactionRange|unk21
data,field_npc_para_add,d1305,1,21,id|name1|model|variation|unk3|pose|unk5|rotation|actionIcon|unk8|interactable|unk10|unk11|unk12|unk13|unk15|unk17|unk18|unk19|interactionRange|unk21
data,field_npc_para_add,d13101,8,21,id|name1|model|variation|unk3|pose|unk5|rotation|actionIcon|unk8|interactable|unk10|unk11|unk12|unk13|unk15|unk17|unk18|unk19|interactionRange|unk21
data,field_npc_para_add,d13102,10,21,id|name1|model|variation|unk3|pose|unk5|rotation|actionIcon|unk8|interactable|unk10|unk11|unk12|unk13|unk15|unk17|unk18|unk19|interactionRange|unk21
data,field_npc_para_add,d13104,6,21,id|name1|model|variation|unk3|pose|unk5|rotation|actionIcon|unk8|interactable|unk10|unk11|unk12|unk13|unk15|unk17|unk18|unk19|interactionRange|unk21
data,field_npc_para_add,d13105,7,21,id|name1|model|variation|unk3|pose|unk5|rotation|actionIcon|unk8|interactable|unk10|unk11|unk12|unk13|unk15|unk17|unk18|unk19|interactionRange|unk21
data,field_npc_para_add,d13107,10,21,id|name1|model|variation|unk3|pose|unk5|rotation|actionIcon|unk8|interactable|unk10|unk11|unk12|unk13|unk15|unk17|unk18|unk19|interactionRange|unk21
data,field_npc_para_add,d13109,6,21,id|name1|model|variation|unk3|pose|unk5|rotation|actionIcon|unk8|interactable|unk10|unk11|unk12|unk13|unk15|unk17|unk18|unk19|interactionRange|unk21
data,field_npc_para_add,d13110,5,21,id|name1|model|variation|unk3|pose|unk5|rotation|actionIcon|unk8|interactable|unk10|unk11|unk12|unk13|unk15|unk17|unk18|unk19|interactionRange|unk21
data,field_npc_para_add,d13111,5,21,id|name1|model|variation|unk3|pose|unk5|rotation|actionIcon|unk8|interactable|unk10|unk11|unk12|unk13|unk15|unk17|unk18|unk19|interactionRange|unk21
data,field_npc_para_add,d13112,7,21,id|name1|model|variation|unk3|pose|unk5|rotation|actionIcon|unk8|interactable|unk10|unk11|unk12|unk13|unk15|unk17|unk18|unk19|interactionRange|unk21
data,field_npc_para_add,d13113,4,21,id|name1|model|variation|unk3|pose|unk5|rotation|actionIcon|unk8|interactable|unk10|unk11|unk12|unk13|unk15|unk17|unk18|unk19|interactionRange|unk21
data,field_npc_para_add,d13115,8,21,id|name1|model|variation|unk3|pose|unk5|rotation|actionIcon|unk8|interactable|unk10|unk11|unk12|unk13|unk15|unk17|unk18|unk19|interactionRange|unk21
data,field_npc_para_add,d13117,6,21,id|name1|model|variation|unk3|pose|unk5|rotation|actionIcon|unk8|interactable|unk10|unk11|unk12|unk13|unk15|unk17|unk18|unk19|interactionRange|unk21
data,field_npc_para_add,d13118,1,21,id|name1|model|variation|unk3|pose|unk5|rotation|actionIcon|unk8|interactable|unk10|unk11|unk12|unk13|unk15|unk17|unk18|unk19|interactionRange|unk21
data,field_npc_para_add,d13119,1,21,id|name1|model|variation|unk3|pose|unk5|rotation|actionIcon|unk8|interactable|unk10|unk11|unk12|unk13|unk15|unk17|unk18|unk19|interactionRange|unk21
data,field_npc_para_add,d13121,1,21,id|name1|model|variation|unk3|pose|unk5|rotation|actionIcon|unk8|interactable|unk10|unk11|unk12|unk13|unk15|unk17|unk18|unk19|interactionRange|unk21
data,field_npc_para_add,d13122,4,21,id|name1|model|variation|unk3|pose|unk5|rotation|actionIcon|unk8|interactable|unk10|unk11|unk12|unk13|unk15|unk17|unk18|unk19|interactionRange|unk21
data,field_npc_para_add,d1401,8,21,id|name1|model|variation|unk3|pose|unk5|rotation|actionIcon|unk8|interactable|unk10|unk11|unk12|unk13|unk15|unk17|unk18|unk19|interactionRange|unk21
data,field_npc_para_add,d1408,1,21,id|name1|model|variation|unk3|pose|unk5|rotation|actionIcon|unk8|interactable|unk10|unk11|unk12|unk13|unk15|unk17|unk18|unk19|interactionRange|unk21
data,field_npc_para_add,d1414,3,21,id|name1|model|variation|unk3|pose|unk5|rotation|actionIcon|unk8|interactable|unk10|unk11|unk12|unk13|unk15|unk17|unk18|unk19|interactionRange|unk21
data,field_npc_para_add,d1417,5,21,id|name1|model|variation|unk3|pose|unk5|rotation|actionIcon|unk8|interactable|unk10|unk11|unk12|unk13|unk15|unk17|unk18|unk19|interactionRange|unk21
data,field_npc_para_add,d1418,1,21,id|name1|model|variation|unk3|pose|unk5|rotation|actionIcon|unk8|interactable|unk10|unk11|unk12|unk13|unk15|unk17|unk18|unk19|interactionRange|unk21
data,field_npc_para_add,d15001,17,21,id|name1|model|variation|unk3|pose|unk5|rotation|actionIcon|unk8|interactable|unk10|unk11|unk12|unk13|unk15|unk17|unk18|unk19|interactionRange|unk21
data,field_npc_para_add,d1501,1,21,id|name1|model|variation|unk3|pose|unk5|rotation|actionIcon|unk8|interactable|unk10|unk11|unk12|unk13|unk15|unk17|unk18|unk19|interactionRange|unk21
data,field_npc_para_add,d15010,1,21,id|name1|model|variation|unk3|pose|unk5|rotation|actionIcon|unk8|interactable|unk10|unk11|unk12|unk13|unk15|unk17|unk18|unk19|interactionRange|unk21
data,field_npc_para_add,d1502,3,21,id|name1|model|variation|unk3|pose|unk5|rotation|actionIcon|unk8|interactable|unk10|unk11|unk12|unk13|unk15|unk17|unk18|unk19|interactionRange|unk21
data,field_npc_para_add,d15020,1,21,id|name1|model|variation|unk3|pose|unk5|rotation|actionIcon|unk8|interactable|unk10|unk11|unk12|unk13|unk15|unk17|unk18|unk19|interactionRange|unk21
data,field_npc_para_add,d1503,7,21,id|name1|model|variation|unk3|pose|unk5|rotation|actionIcon|unk8|interactable|unk10|unk11|unk12|unk13|unk15|unk17|unk18|unk19|interactionRange|unk21
data,field_npc_para_add,d15030,1,21,id|name1|model|variation|unk3|pose|unk5|rotation|actionIcon|unk8|interactable|unk10|unk11|unk12|unk13|unk15|unk17|unk18|unk19|interactionRange|unk21
data,field_npc_para_add,d15110,1,21,id|name1|model|variation|unk3|pose|unk5|rotation|actionIcon|unk8|interactable|unk10|unk11|unk12|unk13|unk15|unk17|unk18|unk19|interactionRange|unk21
data,field_npc_para_add,d15120,1,21,id|name1|model|variation|unk3|pose|unk5|rotation|actionIcon|unk8|interactable|unk10|unk11|unk12|unk13|unk15|unk17|unk18|unk19|interactionRange|unk21
data,field_npc_para_add,d15210,1,21,id|name1|model|variation|unk3|pose|unk5|rotation|actionIcon|unk8|interactable|unk10|unk11|unk12|unk13|unk15|unk17|unk18|unk19|interactionRange|unk21
data,field_npc_para_add,d15220,1,21,id|name1|model|variation|unk3|pose|unk5|rotation|actionIcon|unk8|interactable|unk10|unk11|unk12|unk13|unk15|unk17|unk18|unk19|interactionRange|unk21
data,field_npc_para_add,d1602,4,21,id|name1|model|variation|unk3|pose|unk5|rotation|actionIcon|unk8|interactable|unk10|unk11|unk12|unk13|unk15|unk17|unk18|unk19|interactionRange|unk21
data,field_npc_para_add,d1603,23,21,id|name1|model|variation|unk3|pose|unk5|rotation|actionIcon|unk8|interactable|unk10|unk11|unk12|unk13|unk15|unk17|unk18|unk19|interactionRange|unk21
data,field_npc_para_add,d1701,9,21,id|name1|model|variation|unk3|pose|unk5|rotation|actionIcon|unk8|interactable|unk10|unk11|unk12|unk13|unk15|unk17|unk18|unk19|interactionRange|unk21
data,field_npc_para_add,d1713,2,21,id|name1|model|variation|unk3|pose|unk5|rotation|actionIcon|unk8|interactable|unk10|unk11|unk12|unk13|unk15|unk17|unk18|unk19|interactionRange|unk21
data,field_npc_para_add,d1721,2,21,id|name1|model|variation|unk3|pose|unk5|rotation|actionIcon|unk8|interactable|unk10|unk11|unk12|unk13|unk15|unk17|unk18|unk19|interactionRange|unk21
data,field_npc_para_add,d1801,1,21,id|name1|model|variation|unk3|pose|unk5|rotation|actionIcon|unk8|interactable|unk10|unk11|unk12|unk13|unk15|unk17|unk18|unk19|interactionRange|unk21
data,field_npc_para_add,d1802,2,21,id|name1|model|variation|unk3|pose|unk5|rotation|actionIcon|unk8|interactable|unk10|unk11|unk12|unk13|unk15|unk17|unk18|unk19|interactionRange|unk21
data,field_npc_para_add,d2001,5,21,id|name1|model|variation|unk3|pose|unk5|rotation|actionIcon|unk8|interactable|unk10|unk11|unk12|unk13|unk15|unk17|unk18|unk19|interactionRange|unk21
data,field_npc_para_add,d2002,5,21,id|name1|model|variation|unk3|pose|unk5|rotation|actionIcon|unk8|interactable|unk10|unk11|unk12|unk13|unk15|unk17|unk18|unk19|interactionRange|unk21
data,field_npc_para_add,d2003,9,21,id|name1|model|variation|unk3|pose|unk5|rotation|actionIcon|unk8|interactable|unk10|unk11|unk12|unk13|unk15|unk17|unk18|unk19|interactionRange|unk21
data,field_npc_para_add,d2004,18,21,id|name1|model|variation|unk3|pose|unk5|rotation|actionIcon|unk8|interactable|unk10|unk11|unk12|unk13|unk15|unk17|unk18|unk19|interactionRange|unk21
data,field_npc_para_add,d2101,1,21,id|name1|model|variation|unk3|pose|unk5|rotation|actionIcon|unk8|interactable|unk10|unk11|unk12|unk13|unk15|unk17|unk18|unk19|interactionRange|unk21
data,field_npc_para_add,d2201,1,21,id|name1|model|variation|unk3|pose|unk5|rotation|actionIcon|unk8|interactable|unk10|unk11|unk12|unk13|unk15|unk17|unk18|unk19|interactionRange|unk21
data,field_npc_para_add,d2301,2,21,id|name1|model|variation|unk3|pose|unk5|rotation|actionIcon|unk8|interactable|unk10|unk11|unk12|unk13|unk15|unk17|unk18|unk19|interactionRange|unk21
data,field_npc_para_add,d2303,4,21,id|name1|model|variation|unk3|pose|unk5|rotation|actionIcon|unk8|interactable|unk10|unk11|unk12|unk13|unk15|unk17|unk18|unk19|interactionRange|unk21
data,field_npc_para_add,d2304,1,21,id|name1|model|variation|unk3|pose|unk5|rotation|actionIcon|unk8|interactable|unk10|unk11|unk12|unk13|unk15|unk17|unk18|unk19|interactionRange|unk21
data,field_npc_para_add,d2401,12,21,id|name1|model|variation|unk3|pose|unk5|rotation|actionIcon|unk8|interactable|unk10|unk11|unk12|unk13|unk15|unk17|unk18|unk19|interactionRange|unk21
data,field_npc_para_add,d3001,5,21,id|name1|model|variation|unk3|pose|unk5|rotation|actionIcon|unk8|interactable|unk10|unk11|unk12|unk13|unk15|unk17|unk18|unk19|interactionRange|unk21
data,field_npc_para_add,d3201,9,21,id|name1|model|variation|unk3|pose|unk5|rotation|actionIcon|unk8|interactable|unk10|unk11|unk12|unk13|unk15|unk17|unk18|unk19|interactionRange|unk21
data,field_npc_para_add,d3502,3,21,id|name1|model|variation|unk3|pose|unk5|rotation|actionIcon|unk8|interactable|unk10|unk11|unk12|unk13|unk15|unk17|unk18|unk19|interactionRange|unk21
data,field_npc_para_add,d3503,1,21,id|name1|model|variation|unk3|pose|unk5|rotation|actionIcon|unk8|interactable|unk10|unk11|unk12|unk13|unk15|unk17|unk18|unk19|interactionRange|unk21
data,field_npc_para_add,d3602,1,21,id|name1|model|variation|unk3|pose|unk5|rotation|actionIcon|unk8|interactable|unk10|unk11|unk12|unk13|unk15|unk17|unk18|unk19|interactionRange|unk21
data,field_npc_para_add,d3701,2,21,id|name1|model|variation|unk3|pose|unk5|rotation|actionIcon|unk8|interactable|unk10|unk11|unk12|unk13|unk15|unk17|unk18|unk19|interactionRange|unk21
data,field_npc_para_add,d3702,5,21,id|name1|model|variation|unk3|pose|unk5|rotation|actionIcon|unk8|interactable|unk10|unk11|unk12|unk13|unk15|unk17|unk18|unk19|interactionRange|unk21
data,field_npc_para_add,d3801,3,21,id|name1|model|variation|unk3|pose|unk5|rotation|actionIcon|unk8|interactable|unk10|unk11|unk12|unk13|unk15|unk17|unk18|unk19|interactionRange|unk21
data,field_npc_para_add,d3901,4,21,id|name1|model|variation|unk3|pose|unk5|rotation|actionIcon|unk8|interactable|unk10|unk11|unk12|unk13|unk15|unk17|unk18|unk19|interactionRange|unk21
data,field_npc_para_add,d3902,2,21,id|name1|model|variation|unk3|pose|unk5|rotation|actionIcon|unk8|interactable|unk10|unk11|unk12|unk13|unk15|unk17|unk18|unk19|interactionRange|unk21
data,field_npc_para_add,d4002,3,21,id|name1|model|variation|unk3|pose|unk5|rotation|actionIcon|unk8|interactable|unk10|unk11|unk12|unk13|unk15|unk17|unk18|unk19|interactionRange|unk21
data,field_npc_para_add,d4101,1,21,id|name1|model|variation|unk3|pose|unk5|rotation|actionIcon|unk8|interactable|unk10|unk11|unk12|unk13|unk15|unk17|unk18|unk19|interactionRange|unk21
data,field_npc_para_add,d4102,2,21,id|name1|model|variation|unk3|pose|unk5|rotation|actionIcon|unk8|interactable|unk10|unk11|unk12|unk13|unk15|unk17|unk18|unk19|interactionRange|unk21
data,field_npc_para_add,d4201,2,21,id|name1|model|variation|unk3|pose|unk5|rotation|actionIcon|unk8|interactable|unk10|unk11|unk12|unk13|unk15|unk17|unk18|unk19|interactionRange|unk21
data,field_npc_para_add,d4302,3,21,id|name1|model|variation|unk3|pose|unk5|rotation|actionIcon|unk8|interactable|unk10|unk11|unk12|unk13|unk15|unk17|unk18|unk19|interactionRange|unk21
data,field_npc_para_add,d4402,2,21,id|name1|model|variation|unk3|pose|unk5|rotation|actionIcon|unk8|interactable|unk10|unk11|unk12|unk13|unk15|unk17|unk18|unk19|interactionRange|unk21
data,field_npc_para_add,d4501,0,21,id|name1|model|variation|unk3|pose|unk5|rotation|actionIcon|unk8|interactable|unk10|unk11|unk12|unk13|unk15|unk17|unk18|unk19|interactionRange|unk21
data,field_npc_para_add,d4502,3,21,id|name1|model|variation|unk3|pose|unk5|rotation|actionIcon|unk8|interactable|unk10|unk11|unk12|unk13|unk15|unk17|unk18|unk19|interactionRange|unk21
data,field_npc_para_add,d6101,1,21,id|name1|model|variation|unk3|pose|unk5|rotation|actionIcon|unk8|interactable|unk10|unk11|unk12|unk13|unk15|unk17|unk18|unk19|interactionRange|unk21
data,field_npc_para_add,d6401,2,21,id|name1|model|variation|unk3|pose|unk5|rotation|actionIcon|unk8|interactable|unk10|unk11|unk12|unk13|unk15|unk17|unk18|unk19|interactionRange|unk21
data,field_npc_para_add,d7201,1,21,id|name1|model|variation|unk3|pose|unk5|rotation|actionIcon|unk8|interactable|unk10|unk11|unk12|unk13|unk15|unk17|unk18|unk19|interactionRange|unk21
data,field_npc_para_add,d9001,64,21,id|name1|model|variation|unk3|pose|unk5|rotation|actionIcon|unk8|interactable|unk10|unk11|unk12|unk13|unk15|unk17|unk18|unk19|interactionRange|unk21
data,field_npc_para_add,d9002,30,21,id|name1|model|variation|unk3|pose|unk5|rotation|actionIcon|unk8|interactable|unk10|unk11|unk12|unk13|unk15|unk17|unk18|unk19|interactionRange|unk21
data,field_npc_para_add,d9101,85,21,id|name1|model|variation|unk3|pose|unk5|rotation|actionIcon|unk8|interactable|unk10|unk11|unk12|unk13|unk15|unk17|unk18|unk19|interactionRange|unk21
data,field_npc_para_add,d9201,74,21,id|name1|model|variation|unk3|pose|unk5|rotation|actionIcon|unk8|interactable|unk10|unk11|unk12|unk13|unk15|unk17|unk18|unk19|interactionRange|unk21
data,field_npc_para_add,d9202,18,21,id|name1|model|variation|unk3|pose|unk5|rotation|actionIcon|unk8|interactable|unk10|unk11|unk12|unk13|unk15|unk17|unk18|unk19|interactionRange|unk21
data,field_npc_para_add,d9301,28,21,id|name1|model|variation|unk3|pose|unk5|rotation|actionIcon|unk8|interactable|unk10|unk11|unk12|unk13|unk15|unk17|unk18|unk19|interactionRange|unk21
data,field_npc_para_add,d9401,19,21,id|name1|model|variation|unk3|pose|unk5|rotation|actionIcon|unk8|interactable|unk10|unk11|unk12|unk13|unk15|unk17|unk18|unk19|interactionRange|unk21
data,field_npc_para_add,d9402,9,21,id|name1|model|variation|unk3|pose|unk5|rotation|actionIcon|unk8|interactable|unk10|unk11|unk12|unk13|unk15|unk17|unk18|unk19|interactionRange|unk21
data,field_npc_para_add,RandomCar,15,2,id|someName
data,field_npc_para_add,RandomMob,11,2,id|someName
data,field_npc_para_add,t0101,48,21,id|name|model|variation|unk3|fn0X_anim|unk5|rotation|actionIcon|unk8|interactable|unk10|unk11|unk12|unk13|unk15|unk17|unk18|unk19|interactionRange|unk21
data,field_npc_para_add,t0102,23,21,id|name1|model|variation|unk3|pose|unk5|rotation|actionIcon|unk8|interactable|unk10|unk11|unk12|unk13|unk15|unk17|unk18|unk19|interactionRange|unk21
data,field_npc_para_add,t0201,32,21,id|name1|model|variation|unk3|pose|unk5|rotation|actionIcon|unk8|interactable|unk10|unk11|unk12|unk13|unk15|unk17|unk18|unk19|interactionRange|unk21
data,field_npc_para_add,t0301,39,21,id|name1|model|variation|unk3|pose|unk5|rotation|actionIcon|unk8|interactable|unk10|unk11|unk12|unk13|unk15|unk17|unk18|unk19|interactionRange|unk21
data,field_npc_para_add,t0302,10,21,id|name1|model|variation|unk3|pose|unk5|rotation|actionIcon|unk8|interactable|unk10|unk11|unk12|unk13|unk15|unk17|unk18|unk19|interactionRange|unk21
data,field_npc_para_add,t0303,21,21,id|name1|model|variation|unk3|pose|unk5|rotation|actionIcon|unk8|interactable|unk10|unk11|unk12|unk13|unk15|unk17|unk18|unk19|interactionRange|unk21
data,field_npc_para_add,t0401,30,21,id|name1|model|variation|unk3|pose|unk5|rotation|actionIcon|unk8|interactable|unk10|unk11|unk12|unk13|unk15|unk17|unk18|unk19|interactionRange|unk21
data,field_npc_para_add,t0402,22,21,id|name1|model|variation|unk3|pose|unk5|rotation|actionIcon|unk8|interactable|unk10|unk11|unk12|unk13|unk15|unk17|unk18|unk19|interactionRange|unk21
data,field_npc_para_add,t0403,2,21,id|name1|model|variation|unk3|pose|unk5|rotation|actionIcon|unk8|interactable|unk10|unk11|unk12|unk13|unk15|unk17|unk18|unk19|interactionRange|unk21
data,field_npc_para_add,t0404,1,21,id|name1|model|variation|unk3|pose|unk5|rotation|actionIcon|unk8|interactable|unk10|unk11|unk12|unk13|unk15|unk17|unk18|unk19|interactionRange|unk21
data,field_npc_para_add,t0406,1,21,id|name1|model|variation|unk3|pose|unk5|rotation|actionIcon|unk8|interactable|unk10|unk11|unk12|unk13|unk15|unk17|unk18|unk19|interactionRange|unk21
data,field_npc_para_add,t0407,3,21,id|name1|model|variation|unk3|pose|unk5|rotation|actionIcon|unk8|interactable|unk10|unk11|unk12|unk13|unk15|unk17|unk18|unk19|interactionRange|unk21
data,field_npc_para_add,t0408,1,21,id|name1|model|variation|unk3|pose|unk5|rotation|actionIcon|unk8|interactable|unk10|unk11|unk12|unk13|unk15|unk17|unk18|unk19|interactionRange|unk21
data,field_npc_para_add,t0501,18,21,id|name1|model|variation|unk3|pose|unk5|rotation|actionIcon|unk8|interactable|unk10|unk11|unk12|unk13|unk15|unk17|unk18|unk19|interactionRange|unk21
data,field_npc_para_add,t0502,5,21,id|name1|model|variation|unk3|pose|unk5|rotation|actionIcon|unk8|interactable|unk10|unk11|unk12|unk13|unk15|unk17|unk18|unk19|interactionRange|unk21
data,field_npc_para_add,t0503,7,21,id|name1|model|variation|unk3|pose|unk5|rotation|actionIcon|unk8|interactable|unk10|unk11|unk12|unk13|unk15|unk17|unk18|unk19|interactionRange|unk21
data,field_npc_para_add,t0504,2,21,id|name1|model|variation|unk3|pose|unk5|rotation|actionIcon|unk8|interactable|unk10|unk11|unk12|unk13|unk15|unk17|unk18|unk19|interactionRange|unk21
data,field_npc_para_add,t0505,3,21,id|name1|model|variation|unk3|pose|unk5|rotation|actionIcon|unk8|interactable|unk10|unk11|unk12|unk13|unk15|unk17|unk18|unk19|interactionRange|unk21
data,field_npc_para_add,t0506,12,21,id|name1|model|variation|unk3|pose|unk5|rotation|actionIcon|unk8|interactable|unk10|unk11|unk12|unk13|unk15|unk17|unk18|unk19|interactionRange|unk21
data,field_npc_para_add,t0507,6,21,id|name1|model|variation|unk3|pose|unk5|rotation|actionIcon|unk8|interactable|unk10|unk11|unk12|unk13|unk15|unk17|unk18|unk19|interactionRange|unk21
data,field_npc_para_add,t0508,4,21,id|name1|model|variation|unk3|pose|unk5|rotation|actionIcon|unk8|interactable|unk10|unk11|unk12|unk13|unk15|unk17|unk18|unk19|interactionRange|unk21
data,field_npc_para_add,t0509,8,21,id|name1|model|variation|unk3|pose|unk5|rotation|actionIcon|unk8|interactable|unk10|unk11|unk12|unk13|unk15|unk17|unk18|unk19|interactionRange|unk21
data,field_npc_para_add,t0510,8,21,id|name1|model|variation|unk3|pose|unk5|rotation|actionIcon|unk8|interactable|unk10|unk11|unk12|unk13|unk15|unk17|unk18|unk19|interactionRange|unk21
data,field_npc_para_add,t0511,9,21,id|name1|model|variation|unk3|pose|unk5|rotation|actionIcon|unk8|interactable|unk10|unk11|unk12|unk13|unk15|unk17|unk18|unk19|interactionRange|unk21
data,field_npc_para_add,t0512,13,21,id|name1|model|variation|unk3|pose|unk5|rotation|actionIcon|unk8|interactable|unk10|unk11|unk12|unk13|unk15|unk17|unk18|unk19|interactionRange|unk21
data,field_npc_para_add,t0601,14,21,id|name1|model|variation|unk3|pose|unk5|rotation|actionIcon|unk8|interactable|unk10|unk11|unk12|unk13|unk15|unk17|unk18|unk19|interactionRange|unk21
data,field_npc_para_add,t1001,29,21,id|name1|model|variation|unk3|pose|unk5|rotation|actionIcon|unk8|interactable|unk10|unk11|unk12|unk13|unk15|unk17|unk18|unk19|interactionRange|unk21
data,field_npc_para_add,t1101,2,21,id|name1|model|variation|unk3|pose|unk5|rotation|actionIcon|unk8|interactable|unk10|unk11|unk12|unk13|unk15|unk17|unk18|unk19|interactionRange|unk21
data,field_npc_para_add,t1102,14,21,id|name1|model|variation|unk3|pose|unk5|rotation|actionIcon|unk8|interactable|unk10|unk11|unk12|unk13|unk15|unk17|unk18|unk19|interactionRange|unk21
data,field_npc_para_add,t1201,1,21,id|name1|model|variation|unk3|pose|unk5|rotation|actionIcon|unk8|interactable|unk10|unk11|unk12|unk13|unk15|unk17|unk18|unk19|interactionRange|unk21
data,field_npc_para_add,t2001,37,21,id|name1|model|variation|unk3|pose|unk5|rotation|actionIcon|unk8|interactable|unk10|unk11|unk12|unk13|unk15|unk17|unk18|unk19|interactionRange|unk21
data,field_npc_para_add,t2101,6,21,id|name1|model|variation|unk3|pose|unk5|rotation|actionIcon|unk8|interactable|unk10|unk11|unk12|unk13|unk15|unk17|unk18|unk19|interactionRange|unk21
data,field_npc_para_add,t2201,30,21,id|name1|model|variation|unk3|pose|unk5|rotation|actionIcon|unk8|interactable|unk10|unk11|unk12|unk13|unk15|unk17|unk18|unk19|interactionRange|unk21
data,field_npc_para_add,t2301,8,21,id|name1|model|variation|unk3|pose|unk5|rotation|actionIcon|unk8|interactable|unk10|unk11|unk12|unk13|unk15|unk17|unk18|unk19|interactionRange|unk21
data,field_npc_para_add,t2401,16,21,id|name1|model|variation|unk3|pose|unk5|rotation|actionIcon|unk8|interactable|unk10|unk11|unk12|unk13|unk15|unk17|unk18|unk19|interactionRange|unk21
data,field_npc_para_add,t2403,1,21,id|name1|model|variation|unk3|pose|unk5|rotation|actionIcon|unk8|interactable|unk10|unk11|unk12|unk13|unk15|unk17|unk18|unk19|interactionRange|unk21
data,field_npc_para_add,t2405,32,21,id|name1|model|variation|unk3|pose|unk5|rotation|actionIcon|unk8|interactable|unk10|unk11|unk12|unk13|unk15|unk17|unk18|unk19|interactionRange|unk21
data,field_npc_para_add,t2501,21,21,id|name1|model|variation|unk3|pose|unk5|rotation|actionIcon|unk8|interactable|unk10|unk11|unk12|unk13|unk15|unk17|unk18|unk19|interactionRange|unk21
data,field_npc_para_add,t3001,4,21,id|name1|model|variation|unk3|pose|unk5|rotation|actionIcon|unk8|interactable|unk10|unk11|unk12|unk13|unk15|unk17|unk18|unk19|interactionRange|unk21
data,field_npc_para_add,t5001,23,21,id|name1|model|variation|unk3|pose|unk5|rotation|actionIcon|unk8|interactable|unk10|unk11|unk12|unk13|unk15|unk17|unk18|unk19|interactionRange|unk21
data,field_npc_para_add,t5002,36,21,id|name1|model|variation|unk3|pose|unk5|rotation|actionIcon|unk8|interactable|unk10|unk11|unk12|unk13|unk15|unk17|unk18|unk19|interactionRange|unk21
data,field_npc_para_add,t5003,17,21,id|name1|model|variation|unk3|pose|unk5|rotation|actionIcon|unk8|interactable|unk10|unk11|unk12|unk13|unk15|unk17|unk18|unk19|interactionRange|unk21
data,field_npc_para_add,t5004,2,21,id|name1|model|variation|unk3|pose|unk5|rotation|actionIcon|unk8|interactable|unk10|unk11|unk12|unk13|unk15|unk17|unk18|unk19|interactionRange|unk21
data,field_npc_para_add,t5005,8,21,id|name1|model|variation|unk3|pose|unk5|rotation|actionIcon|unk8|interactable|unk10|unk11|unk12|unk13|unk15|unk17|unk18|unk19|interactionRange|unk21
data,field_se_para,d1601,5,7,id|unk1|unk2|unk3|unk4|unk5|unk6
data,field_se_para,t0201,2,7,id|unk1|unk2|unk3|unk4|unk5|unk6
data,field_se_para,t0511,1,7,id|unk1|unk2|unk3|unk4|unk5|unk6
data,field_tr_para,obj_tr,178,13,unk1|unk2|unk3|unk4|unk5|unk6|unk7|unk8|unk9|unk10|unk11|unk12|unk13
data,field_tr_para_add,obj_tr,422,13,unk1|unk2|unk3|unk4|unk5|unk6|unk7|unk8|unk9|unk10|unk11|unk12|unk13
data,field_visualizer_para_add,para,7,2,unk1|unk2
data,hackers_battle_battle,para,34,45,id|map_model|unk2|unk3|unk4|unk5|unk6|unk7|unk8|unk9|unk10|unk11|unk12|unk13|unk14|unk15|unk16|unk18|unk20|unk21|unk22|unk23|unk24|unk25|unk26|unk27|unk28|unk29|unk30|unk31|unk32|unk34|unk36|unk38|unk39|unk40|unk41|unk42|unk43|unk44|unk45|unk46|unk47|unk48|unk49
data,hackers_battle_result,para,34,17,id|unk1|unk2|unk3|unk4|unk5|unk6|unk7|unk8|unk9|unk10|unk11|unk12|unk13|unk14|unk15|unk16
data,hackers_memory_para,table,36,7,unk1|unk2|unk3|unk4|unk5|unk6|unk7
data,hacking_skill_conditions,Condition,20,11,id|unk1|unk2|unk3|unk4|unk5|unk6|unk7|unk8|unk9|unk10
data,hacking_skill_para,Sheet1,20,8,id|unk1|nameId|descriptionId|explainationId|conditionId|unk6|icon
data,help_icon,table,202,3,unk1|unk2|unk3
data,item_para,medal_price,6,2,id|price
data,item_para,table,1034,27,id|nameId|itemType?|sortValue|buyPrice|sellPrice|inBattle|inOverworld|unk8|effectType|effectValue|farmEffect1|farmValue1|farmEffect2|farmValue2|medalId?|medalRarity|medalUnk1|medalPrice|empty2?|keisukeSkin|takumiSkin|amiSkin|skinFlag|descriptionId|iconId|unk29
data,join_digimon_para,guest,34,8,id|digimon_id|unk1|unk2|unk3|unk4|unk5|unk6
data,join_digimon_para,party,15,9,id|digimon_id|level|unk2|Skill1|Skill2|Skill3|Skill4|ABI
data,join_digimon_para_add,guest,108,8,id|digimon_id|unk1|unk2|unk3|unk4|unk5|unk6
data,join_digimon_para_add,party,8,9,id|digimon_id|level|unk2|Skill1|Skill2|Skill3|Skill4|ABI
data,keyword_message_para,d0202_npc_0003,26,10,KeywordId|unk1|DialogueNormal1|DialogueNormal2|DialogueSequencePositiveMatch|DialogueIdUnk3|unk6|DialogueSequencePostUnlocking|DialogueKeywordUnknown|DialogueSequencePositiveMatchSFXPlayback
data,keyword_message_para,d0202_npc_0053,26,10,KeywordId|unk1|DialogueNormal1|DialogueNormal2|DialogueSequencePositiveMatch|DialogueIdUnk3|unk6|DialogueSequencePostUnlocking|DialogueKeywordUnknown|DialogueSequencePositiveMatchSFXPlayback
data,keyword_message_para,d0203_npc_0000,26,10,KeywordId|unk1|DialogueNormal1|DialogueNormal2|DialogueSequencePositiveMatch|DialogueIdUnk3|unk6|DialogueSequencePostUnlocking|DialogueKeywordUnknown|DialogueSequencePositiveMatchSFXPlayback
data,keyword_message_para,d0203_npc_0001,26,10,KeywordId|unk1|DialogueNormal1|DialogueNormal2|DialogueSequencePositiveMatch|DialogueIdUnk3|unk6|DialogueSequencePostUnlocking|DialogueKeywordUnknown|DialogueSequencePositiveMatchSFXPlayback
data,keyword_message_para,d0204_npc_0000,26,10,KeywordId|unk1|DialogueNormal1|DialogueNormal2|DialogueSequencePositiveMatch|DialogueIdUnk3|unk6|DialogueSequencePostUnlocking|DialogueKeywordUnknown|DialogueSequencePositiveMatchSFXPlayback
data,keyword_message_para,d0204_npc_0001,26,10,KeywordId|unk1|DialogueNormal1|DialogueNormal2|DialogueSequencePositiveMatch|DialogueIdUnk3|unk6|DialogueSequencePostUnlocking|DialogueKeywordUnknown|DialogueSequencePositiveMatchSFXPlayback
data,keyword_message_para,d0301_npc_0001,26,10,KeywordId|unk1|DialogueNormal1|DialogueNormal2|DialogueSequencePositiveMatch|DialogueIdUnk3|unk6|DialogueSequencePostUnlocking|DialogueKeywordUnknown|DialogueSequencePositiveMatchSFXPlayback
data,keyword_message_para,d0301_npc_0002,26,10,KeywordId|unk1|DialogueNormal1|DialogueNormal2|DialogueSequencePositiveMatch|DialogueIdUnk3|unk6|DialogueSequencePostUnlocking|DialogueKeywordUnknown|DialogueSequencePositiveMatchSFXPlayback
data,keyword_message_para,d0301_npc_0003,26,10,KeywordId|unk1|DialogueNormal1|DialogueNormal2|DialogueSequencePositiveMatch|DialogueIdUnk3|unk6|DialogueSequencePostUnlocking|DialogueKeywordUnknown|DialogueSequencePositiveMatchSFXPlayback
data,keyword_message_para,d0402_npc_0052,26,10,KeywordId|unk1|DialogueNormal1|DialogueNormal2|DialogueSequencePositiveMatch|DialogueIdUnk3|unk6|DialogueSequencePostUnlocking|DialogueKeywordUnknown|DialogueSequencePositiveMatchSFXPlayback
data,keyword_message_para,d0402_npc_0053,26,10,KeywordId|unk1|DialogueNormal1|DialogueNormal2|DialogueSequencePositiveMatch|DialogueIdUnk3|unk6|DialogueSequencePostUnlocking|DialogueKeywordUnknown|DialogueSequencePositiveMatchSFXPlayback
data,keyword_message_para,d0403_npc_0000,26,10,KeywordId|unk1|DialogueNormal1|DialogueNormal2|DialogueSequencePositiveMatch|DialogueIdUnk3|unk6|DialogueSequencePostUnlocking|DialogueKeywordUnknown|DialogueSequencePositiveMatchSFXPlayback
data,keyword_message_para,d0403_npc_0001,26,10,KeywordId|unk1|DialogueNormal1|DialogueNormal2|DialogueSequencePositiveMatch|DialogueIdUnk3|unk6|DialogueSequencePostUnlocking|DialogueKeywordUnknown|DialogueSequencePositiveMatchSFXPlayback
data,keyword_message_para,d0403_npc_0003,26,10,KeywordId|unk1|DialogueNormal1|DialogueNormal2|DialogueSequencePositiveMatch|DialogueIdUnk3|unk6|DialogueSequencePostUnlocking|DialogueKeywordUnknown|DialogueSequencePositiveMatchSFXPlayback
data,keyword_message_para,d0502_npc_0000,26,10,KeywordId|unk1|DialogueNormal1|DialogueNormal2|DialogueSequencePositiveMatch|DialogueIdUnk3|unk6|DialogueSequencePostUnlocking|DialogueKeywordUnknown|DialogueSequencePositiveMatchSFXPlayback
data,keyword_message_para,d0504_npc_0000,26,10,KeywordId|unk1|DialogueNormal1|DialogueNormal2|DialogueSequencePositiveMatch|DialogueIdUnk3|unk6|DialogueSequencePostUnlocking|DialogueKeywordUnknown|DialogueSequencePositiveMatchSFXPlayback
data,keyword_message_para,d0504_npc_0001,26,10,KeywordId|unk1|DialogueNormal1|DialogueNormal2|DialogueSequencePositiveMatch|DialogueIdUnk3|unk6|DialogueSequencePostUnlocking|DialogueKeywordUnknown|DialogueSequencePositiveMatchSFXPlayback
data,keyword_message_para,d0504_npc_0002,26,10,KeywordId|unk1|DialogueNormal1|DialogueNormal2|DialogueSequencePositiveMatch|DialogueIdUnk3|unk6|DialogueSequencePostUnlocking|DialogueKeywordUnknown|DialogueSequencePositiveMatchSFXPlayback
data,keyword_message_para,d0504_npc_0004,26,10,KeywordId|unk1|DialogueNormal1|DialogueNormal2|DialogueSequencePositiveMatch|DialogueIdUnk3|unk6|DialogueSequencePostUnlocking|DialogueKeywordUnknown|DialogueSequencePositiveMatchSFXPlayback
data,keyword_message_para,d4101_npc_0000,26,10,KeywordId|unk1|DialogueNormal1|DialogueNormal2|DialogueSequencePositiveMatch|DialogueIdUnk3|unk6|DialogueSequencePostUnlocking|DialogueKeywordUnknown|DialogueSequencePositiveMatchSFXPlayback
data,keyword_message_para,d9001_npc_0106,26,10,KeywordId|unk1|DialogueNormal1|DialogueNormal2|DialogueSequencePositiveMatch|DialogueIdUnk3|unk6|DialogueSequencePostUnlocking|DialogueKeywordUnknown|DialogueSequencePositiveMatchSFXPlayback
data,keyword_message_para,d9401_npc_0101,26,10,KeywordId|unk1|DialogueNormal1|DialogueNormal2|DialogueSequencePositiveMatch|DialogueIdUnk3|unk6|DialogueSequencePostUnlocking|DialogueKeywordUnknown|DialogueSequencePositiveMatchSFXPlayback
data,keyword_message_para,t0102_npc_0006,26,10,KeywordId|unk1|DialogueNormal1|DialogueNormal2|DialogueSequencePositiveMatch|DialogueIdUnk3|unk6|DialogueSequencePostUnlocking|DialogueKeywordUnknown|DialogueSequencePositiveMatchSFXPlayback
data,keyword_message_para,t0102_npc_0014,26,10,KeywordId|unk1|DialogueNormal1|DialogueNormal2|DialogueSequencePositiveMatch|DialogueIdUnk3|unk6|DialogueSequencePostUnlocking|DialogueKeywordUnknown|DialogueSequencePositiveMatchSFXPlayback
data,keyword_message_para,t0102_npc_0101,26,10,KeywordId|unk1|DialogueNormal1|DialogueNormal2|DialogueSequencePositiveMatch|DialogueIdUnk3|unk6|DialogueSequencePostUnlocking|DialogueKeywordUnknown|DialogueSequencePositiveMatchSFXPlayback
data,keyword_message_para,t0102_npc_0102,26,10,KeywordId|unk1|DialogueNormal1|DialogueNormal2|DialogueSequencePositiveMatch|DialogueIdUnk3|unk6|DialogueSequencePostUnlocking|DialogueKeywordUnknown|DialogueSequencePositiveMatchSFXPlayback
data,keyword_message_para,t0201_npc_0013,26,10,KeywordId|unk1|DialogueNormal1|DialogueNormal2|DialogueSequencePositiveMatch|DialogueIdUnk3|unk6|DialogueSequencePostUnlocking|DialogueKeywordUnknown|DialogueSequencePositiveMatchSFXPlayback
data,keyword_message_para,t0201_npc_0052,26,10,KeywordId|unk1|DialogueNormal1|DialogueNormal2|DialogueSequencePositiveMatch|DialogueIdUnk3|unk6|DialogueSequencePostUnlocking|DialogueKeywordUnknown|DialogueSequencePositiveMatchSFXPlayback
data,keyword_message_para,t0201_npc_0053,26,10,KeywordId|unk1|DialogueNormal1|DialogueNormal2|DialogueSequencePositiveMatch|DialogueIdUnk3|unk6|DialogueSequencePostUnlocking|DialogueKeywordUnknown|DialogueSequencePositiveMatchSFXPlayback
data,keyword_message_para,t0201_npc_0054,26,10,KeywordId|unk1|DialogueNormal1|DialogueNormal2|DialogueSequencePositiveMatch|DialogueIdUnk3|unk6|DialogueSequencePostUnlocking|DialogueKeywordUnknown|DialogueSequencePositiveMatchSFXPlayback
data,keyword_message_para,t0201_npc_0101,26,10,KeywordId|unk1|DialogueNormal1|DialogueNormal2|DialogueSequencePositiveMatch|DialogueIdUnk3|unk6|DialogueSequencePostUnlocking|DialogueKeywordUnknown|DialogueSequencePositiveMatchSFXPlayback
data,keyword_message_para,t0201_npc_0104,26,10,KeywordId|unk1|DialogueNormal1|DialogueNormal2|DialogueSequencePositiveMatch|DialogueIdUnk3|unk6|DialogueSequencePostUnlocking|DialogueKeywordUnknown|DialogueSequencePositiveMatchSFXPlayback
data,keyword_message_para,t0201_npc_0105,26,10,KeywordId|unk1|DialogueNormal1|DialogueNormal2|DialogueSequencePositiveMatch|DialogueIdUnk3|unk6|DialogueSequencePostUnlocking|DialogueKeywordUnknown|DialogueSequencePositiveMatchSFXPlayback
data,keyword_message_para,t0201_npc_0106,26,10,KeywordId|unk1|DialogueNormal1|DialogueNormal2|DialogueSequencePositiveMatch|DialogueIdUnk3|unk6|DialogueSequencePostUnlocking|DialogueKeywordUnknown|DialogueSequencePositiveMatchSFXPlayback
data,keyword_message_para,t0303_npc_0050,26,10,KeywordId|unk1|DialogueNormal1|DialogueNormal2|DialogueSequencePositiveMatch|DialogueIdUnk3|unk6|DialogueSequencePostUnlocking|DialogueKeywordUnknown|DialogueSequencePositiveMatchSFXPlayback
data,keyword_message_para,t0303_npc_0051,26,10,KeywordId|unk1|DialogueNormal1|DialogueNormal2|DialogueSequencePositiveMatch|DialogueIdUnk3|unk6|DialogueSequencePostUnlocking|DialogueKeywordUnknown|DialogueSequencePositiveMatchSFXPlayback
data,keyword_message_para,t0303_npc_0052,26,10,KeywordId|unk1|DialogueNormal1|DialogueNormal2|DialogueSequencePositiveMatch|DialogueIdUnk3|unk6|DialogueSequencePostUnlocking|DialogueKeywordUnknown|DialogueSequencePositiveMatchSFXPlayback
data,keyword_message_para,t0401_npc_0000,26,10,KeywordId|unk1|DialogueNormal1|DialogueNormal2|DialogueSequencePositiveMatch|DialogueIdUnk3|unk6|DialogueSequencePostUnlocking|DialogueKeywordUnknown|DialogueSequencePositiveMatchSFXPlayback
data,keyword_message_para,t0401_npc_0008,26,10,KeywordId|unk1|DialogueNormal1|DialogueNormal2|DialogueSequencePositiveMatch|DialogueIdUnk3|unk6|DialogueSequencePostUnlocking|DialogueKeywordUnknown|DialogueSequencePositiveMatchSFXPlayback
data,keyword_message_para,t0401_npc_0053,26,10,KeywordId|unk1|DialogueNormal1|DialogueNormal2|DialogueSequencePositiveMatch|DialogueIdUnk3|unk6|DialogueSequencePostUnlocking|DialogueKeywordUnknown|DialogueSequencePositiveMatchSFXPlayback
data,keyword_message_para,t0509_npc_0000,26,10,KeywordId|unk1|DialogueNormal1|DialogueNormal2|DialogueSequencePositiveMatch|DialogueIdUnk3|unk6|DialogueSequencePostUnlocking|DialogueKeywordUnknown|DialogueSequencePositiveMatchSFXPlayback
data,keyword_message_para,t0509_npc_0055,26,10,KeywordId|unk1|DialogueNormal1|DialogueNormal2|DialogueSequencePositiveMatch|DialogueIdUnk3|unk6|DialogueSequencePostUnlocking|DialogueKeywordUnknown|DialogueSequencePositiveMatchSFXPlayback
data,keyword_message_para,t2001_npc_0000,26,10,KeywordId|unk1|DialogueNormal1|DialogueNormal2|DialogueSequencePositiveMatch|DialogueIdUnk3|unk6|DialogueSequencePostUnlocking|DialogueKeywordUnknown|DialogueSequencePositiveMatchSFXPlayback
data,keyword_message_para,t2001_npc_0001,26,10,KeywordId|unk1|DialogueNormal1|DialogueNormal2|DialogueSequencePositiveMatch|DialogueIdUnk3|unk6|DialogueSequencePostUnlocking|DialogueKeywordUnknown|DialogueSequencePositiveMatchSFXPlayback
data,keyword_message_para,t2001_npc_0003,26,10,KeywordId|unk1|DialogueNormal1|DialogueNormal2|DialogueSequencePositiveMatch|DialogueIdUnk3|unk6|DialogueSequencePostUnlocking|DialogueKeywordUnknown|DialogueSequencePositiveMatchSFXPlayback
data,keyword_message_para,t2001_npc_0005,26,10,KeywordId|unk1|DialogueNormal1|DialogueNormal2|DialogueSequencePositiveMatch|DialogueIdUnk3|unk6|DialogueSequencePostUnlocking|DialogueKeywordUnknown|DialogueSequencePositiveMatchSFXPlayback
data,keyword_message_para,t2001_npc_0050,26,10,KeywordId|unk1|DialogueNormal1|DialogueNormal2|DialogueSequencePositiveMatch|DialogueIdUnk3|unk6|DialogueSequencePostUnlocking|DialogueKeywordUnknown|DialogueSequencePositiveMatchSFXPlayback
data,keyword_message_para,t2001_npc_0051,26,10,KeywordId|unk1|DialogueNormal1|DialogueNormal2|DialogueSequencePositiveMatch|DialogueIdUnk3|unk6|DialogueSequencePostUnlocking|DialogueKeywordUnknown|DialogueSequencePositiveMatchSFXPlayback
data,keyword_message_para,t2001_npc_0052,26,10,KeywordId|unk1|DialogueNormal1|DialogueNormal2|DialogueSequencePositiveMatch|DialogueIdUnk3|unk6|DialogueSequencePostUnlocking|DialogueKeywordUnknown|DialogueSequencePositiveMatchSFXPlayback
data,keyword_message_para,t2001_npc_0065,26,10,KeywordId|unk1|DialogueNormal1|DialogueNormal2|DialogueSequencePositiveMatch|DialogueIdUnk3|unk6|DialogueSequencePostUnlocking|DialogueKeywordUnknown|DialogueSequencePositiveMatchSFXPlayback
data,keyword_message_para,t2001_npc_0106,26,10,KeywordId|unk1|DialogueNormal1|DialogueNormal2|DialogueSequencePositiveMatch|DialogueIdUnk3|unk6|DialogueSequencePostUnlocking|DialogueKeywordUnknown|DialogueSequencePositiveMatchSFXPlayback
data,keyword_message_para,t2001_npc_0107,26,10,KeywordId|unk1|DialogueNormal1|DialogueNormal2|DialogueSequencePositiveMatch|DialogueIdUnk3|unk6|DialogueSequencePostUnlocking|DialogueKeywordUnknown|DialogueSequencePositiveMatchSFXPlayback
data,keyword_message_para,t2101_npc_0051,26,10,KeywordId|unk1|DialogueNormal1|DialogueNormal2|DialogueSequencePositiveMatch|DialogueIdUnk3|unk6|DialogueSequencePostUnlocking|DialogueKeywordUnknown|DialogueSequencePositiveMatchSFXPlayback
data,keyword_message_para,t2401_npc_0002,26,10,KeywordId|unk1|DialogueNormal1|DialogueNormal2|DialogueSequencePositiveMatch|DialogueIdUnk3|unk6|DialogueSequencePostUnlocking|DialogueKeywordUnknown|DialogueSequencePositiveMatchSFXPlayback
data,keyword_message_para,t2401_npc_0054,26,10,KeywordId|unk1|DialogueNormal1|DialogueNormal2|DialogueSequencePositiveMatch|DialogueIdUnk3|unk6|DialogueSequencePostUnlocking|DialogueKeywordUnknown|DialogueSequencePositiveMatchSFXPlayback
data,keyword_message_para,t2501_npc_0005,26,10,KeywordId|unk1|DialogueNormal1|DialogueNormal2|DialogueSequencePositiveMatch|DialogueIdUnk3|unk6|DialogueSequencePostUnlocking|DialogueKeywordUnknown|DialogueSequencePositiveMatchSFXPlayback
data,keyword_message_para_add,d12201_npc_0006,3,10,KeywordId|unk1|DialogueNormal1|DialogueNormal2|DialogueSequencePositiveMatch|DialogueIdUnk3|unk6|DialogueSequencePostUnlocking|DialogueKeywordUnknown|DialogueSequencePositiveMatchSFXPlayback
data,keyword_message_para_add,d12201_npc_0018,3,10,KeywordId|unk1|DialogueNormal1|DialogueNormal2|DialogueSequencePositiveMatch|DialogueIdUnk3|unk6|DialogueSequencePostUnlocking|DialogueKeywordUnknown|DialogueSequencePositiveMatchSFXPlayback
data,keyword_message_para_add,d13105_npc_0002,3,10,KeywordId|unk1|DialogueNormal1|DialogueNormal2|DialogueSequencePositiveMatch|DialogueIdUnk3|unk6|DialogueSequencePostUnlocking|DialogueKeywordUnknown|DialogueSequencePositiveMatchSFXPlayback
data,keyword_message_para_add,d13109_npc_0000,3,10,KeywordId|unk1|DialogueNormal1|DialogueNormal2|DialogueSequencePositiveMatch|DialogueIdUnk3|unk6|DialogueSequencePostUnlocking|DialogueKeywordUnknown|DialogueSequencePositiveMatchSFXPlayback
data,keyword_message_para_add,d13109_npc_0004,3,10,KeywordId|unk1|DialogueNormal1|DialogueNormal2|DialogueSequencePositiveMatch|DialogueIdUnk3|unk6|DialogueSequencePostUnlocking|DialogueKeywordUnknown|DialogueSequencePositiveMatchSFXPlayback
data,keyword_message_para_add,t2001_npc_0002,3,10,KeywordId|unk1|DialogueNormal1|DialogueNormal2|DialogueSequencePositiveMatch|DialogueIdUnk3|unk6|DialogueSequencePostUnlocking|DialogueKeywordUnknown|DialogueSequencePositiveMatchSFXPlayback
data,keyword_message_para_add,t2001_npc_0054,3,10,KeywordId|unk1|DialogueNormal1|DialogueNormal2|DialogueSequencePositiveMatch|DialogueIdUnk3|unk6|DialogueSequencePostUnlocking|DialogueKeywordUnknown|DialogueSequencePositiveMatchSFXPlayback
data,keyword_message_para_add,t2001_npc_0057,3,10,KeywordId|unk1|DialogueNormal1|DialogueNormal2|DialogueSequencePositiveMatch|DialogueIdUnk3|unk6|DialogueSequencePostUnlocking|DialogueKeywordUnknown|DialogueSequencePositiveMatchSFXPlayback
data,keyword_message_para_add,t2001_npc_0110,3,10,KeywordId|unk1|DialogueNormal1|DialogueNormal2|DialogueSequencePositiveMatch|DialogueIdUnk3|unk6|DialogueSequencePostUnlocking|DialogueKeywordUnknown|DialogueSequencePositiveMatchSFXPlayback
data,keyword_message_para_add,t5001_npc_0006,3,10,KeywordId|unk1|DialogueNormal1|DialogueNormal2|DialogueSequencePositiveMatch|DialogueIdUnk3|unk6|DialogueSequencePostUnlocking|DialogueKeywordUnknown|DialogueSequencePositiveMatchSFXPlayback
data,keyword_message_para_add,t5001_npc_0017,3,10,KeywordId|unk1|DialogueNormal1|DialogueNormal2|DialogueSequencePositiveMatch|DialogueIdUnk3|unk6|DialogueSequencePostUnlocking|DialogueKeywordUnknown|DialogueSequencePositiveMatchSFXPlayback
data,keyword_message_para_add,t5002_npc_0016,3,10,KeywordId|unk1|DialogueNormal1|DialogueNormal2|DialogueSequencePositiveMatch|DialogueIdUnk3|unk6|DialogueSequencePostUnlocking|DialogueKeywordUnknown|DialogueSequencePositiveMatchSFXPlayback
data,keyword_message_para_add,t5002_npc_0017,3,10,KeywordId|unk1|DialogueNormal1|DialogueNormal2|DialogueSequencePositiveMatch|DialogueIdUnk3|unk6|DialogueSequencePostUnlocking|DialogueKeywordUnknown|DialogueSequencePositiveMatchSFXPlayback
data,keyword_npc_para,100,4,7,id|unk1|unk2|unk3|unk4|unk5|unk6
data,keyword_npc_para,120,2,7,id|unk1|unk2|unk3|unk4|unk5|unk6
data,keyword_npc_para,121,6,7,id|unk1|unk2|unk3|unk4|unk5|unk6
data,keyword_npc_para,130,4,7,id|unk1|unk2|unk3|unk4|unk5|unk6
data,keyword_npc_para,131,1,7,id|unk1|unk2|unk3|unk4|unk5|unk6
data,keyword_npc_para,132,1,7,id|unk1|unk2|unk3|unk4|unk5|unk6
data,keyword_npc_para,133,1,7,id|unk1|unk2|unk3|unk4|unk5|unk6
data,keyword_npc_para,134,1,7,id|unk1|unk2|unk3|unk4|unk5|unk6
data,keyword_npc_para,1400,4,7,id|unk1|unk2|unk3|unk4|unk5|unk6
data,keyword_npc_para,150,3,7,id|unk1|unk2|unk3|unk4|unk5|unk6
data,keyword_npc_para,160,3,7,id|unk1|unk2|unk3|unk4|unk5|unk6
data,keyword_npc_para,161,3,7,id|unk1|unk2|unk3|unk4|unk5|unk6
data,keyword_npc_para,240,3,7,id|unk1|unk2|unk3|unk4|unk5|unk6
data,keyword_npc_para,2500,3,7,id|unk1|unk2|unk3|unk4|unk5|unk6
data,keyword_npc_para,2800,1,7,id|unk1|unk2|unk3|unk4|unk5|unk6
data,keyword_npc_para,2801,1,7,id|unk1|unk2|unk3|unk4|unk5|unk6
data,keyword_npc_para,2802,1,7,id|unk1|unk2|unk3|unk4|unk5|unk6
data,keyword_npc_para,300,3,7,id|unk1|unk2|unk3|unk4|unk5|unk6
data,keyword_npc_para,3000,2,7,id|unk1|unk2|unk3|unk4|unk5|unk6
data,keyword_npc_para,3100,2,7,id|unk1|unk2|unk3|unk4|unk5|unk6
data,keyword_npc_para,400,7,7,id|unk1|unk2|unk3|unk4|unk5|unk6
data,keyword_npc_para,401,7,7,id|unk1|unk2|unk3|unk4|unk5|unk6
data,keyword_npc_para,500,2,7,id|unk1|unk2|unk3|unk4|unk5|unk6
data,keyword_npc_para,800,2,7,id|unk1|unk2|unk3|unk4|unk5|unk6
data,keyword_npc_para,801,2,7,id|unk1|unk2|unk3|unk4|unk5|unk6
data,keyword_npc_para,802,2,7,id|unk1|unk2|unk3|unk4|unk5|unk6
data,keyword_npc_para_add,3200,4,7,id|unk1|unk2|unk3|unk4|unk5|unk6
data,keyword_npc_para_add,3400,5,7,id|unk1|unk2|unk3|unk4|unk5|unk6
data,keyword_npc_para_add,3600,4,7,id|unk1|unk2|unk3|unk4|unk5|unk6
data,keyword_para,table,26,20,id|unk1|unk2|unk3|unk4|unk5|unk6|unk7|unk8|unk9|unk10|unk11|unk12|unk13|unk14|unk15|unk16|unk17|unk18|unk19
data,keyword_para_add,table,3,20,id|unk1|unk2|unk3|unk4|unk5|unk6|unk7|unk8|unk9|unk10|unk11|unk12|unk13|unk14|unk15|unk16|unk17|unk18|unk19
data,learn_hacking_skill,table,1,22,id|Skill Lv0|Skill Lv1|Skill Lv2|Skill Lv3|Skill Lv4|Skill Lv5|Skill Lv6|Skill Lv7|Skill Lv8|Skill Lv9|Skill Lv10|Skill Lv11|Skill Lv12|Skill Lv13|Skill Lv14|Skill Lv15|Skill Lv16|Skill Lv17|Skill Lv18|Skill Lv19|Skill Lv20
data,lvup_para,table,11,7,id|HP|SP|ATK|DEF|INT|SPD
data,map_encount_param,Field,114,16,map_id|battlefield_id|unk2|unk3|unk4|unk5|coupling_unk_pctchance_1|coupling_unk_pctchance_2|coupling_unk_pctchance_3|coupling_unk_pctchance_4|coupling_unk_pctchance_5|coupling_unk_pctchance_6|coupling_unk_pctchance_7|coupling_unk_pctchance_8|coupling_unk_pctchance_9|coupling_unk_pctchance_10
data,map_encount_param_add,Field,270,16,map_id|battlefield_id|unk2|unk3|unk4|unk5|coupling_unk_pctchance_1|coupling_unk_pctchance_2|coupling_unk_pctchance_3|coupling_unk_pctchance_4|coupling_unk_pctchance_5|coupling_unk_pctchance_6|coupling_unk_pctchance_7|coupling_unk_pctchance_8|coupling_unk_pctchance_9|coupling_unk_pctchance_10
data,map_select,para,11,11,id|earlygameMapID|lategameMapID|unk3|thumbnailID|highlightIconID|unk6|unk7|unk8|unk9|unk10
data,map_select_add,para,11,11,id|earlygameMapID|lategameMapID|unk3|thumbnailID|highlightIconID|unk6|unk7|unk8|unk9|unk10
data,medal_collection_para,table,13,16,CollectionId|MedalId01|MedalId02|MedalId03|MedalId04|MedalId05|MedalId06|MedalId07|MedalId08|MedalId09|MedalId10|MedalId11|MedalId12|MedalId13|MedalId14|MedalId15
data,medal_collection_para_add,table,13,16,CollectionId|MedalId01|MedalId02|MedalId03|MedalId04|MedalId05|MedalId06|MedalId07|MedalId08|MedalId09|MedalId10|MedalId11|MedalId12|MedalId13|MedalId14|MedalId15
data,medal_gasha_para,table,10,61,id|medalId1|unk1|medalId2|unk2|medalId3|unk3|medalId4|unk4|medalId5|unk5|medalId6|unk6|medalId7|unk7|medalId8|unk8|medalId9|unk9|medalId10|unk10|medalId11|unk11|medalId12|unk12|medalId13|unk13|medalId14|unk14|medalId15|unk15|medalId16|unk16|medalId17|unk17|medalId18|unk18|medalId19|unk19|medalId20|unk20|medalId21|unk21|medalId22|unk22|medalId23|unk23|medalId24|unk24|medalId25|unk25|medalId26|unk26|medalId27|unk27|medalId28|unk28|medalId29|unk29|medalId30|unk30
data,medal_gasha_para_add,table,13,61,id|medalId1|unk1|medalId2|unk2|medalId3|unk3|medalId4|unk4|medalId5|unk5|medalId6|unk6|medalId7|unk7|medalId8|unk8|medalId9|unk9|medalId10|unk10|medalId11|unk11|medalId12|unk12|medalId13|unk13|medalId14|unk14|medalId15|unk15|medalId16|unk16|medalId17|unk17|medalId18|unk18|medalId19|unk19|medalId20|unk20|medalId21|unk21|medalId22|unk22|medalId23|unk23|medalId24|unk24|medalId25|unk25|medalId26|unk26|medalId27|unk27|medalId28|unk28|medalId29|unk29|medalId30|unk30
data,mirror_dungeon_para,para,25,28,id|unk1|map_model|start_point_name|unk4|unk5|unk6|unk7|coupling_1|coupling_2|coupling_3|coupling_4|coupling_5|coupling_6|coupling_7|coupling_8|coupling_9|coupling_10|coupling_11|coupling_12|coupling_13|coupling_14|coupling_15|coupling_16|coupling_17|coupling_18|coupling_19|coupling_20
data,mirror_dungeon_para_add,para,14,28,id|unk1|map_model|start_point_name|unk4|unk5|unk6|unk7|coupling_1|coupling_2|coupling_3|coupling_4|coupling_5|coupling_6|coupling_7|coupling_8|coupling_9|coupling_10|coupling_11|coupling_12|coupling_13|coupling_14|coupling_15|coupling_16|coupling_17|coupling_18|coupling_19|coupling_20
data,model_attach_para,digimon01,346,9,ID|boneName|xOffset|yOffset|zOffset|xRotation|yRotation|zRotation|scale
data,model_attach_para,digimon02,346,9,ID|boneName|xOffset|yOffset|zOffset|xRotation|yRotation|zRotation|scale
data,model_attach_para,digimon03,346,9,ID|boneName|xOffset|yOffset|zOffset|xRotation|yRotation|zRotation|scale
data,model_attach_para,event,25,10,model|attachModel?|boneName|xOffset|yOffset|zOffset|xRotation|yRotation|zRotation|scale
data,model_attach_para,npc,36,5,model|boneIdx?|unk1|attachModel?|unk2
data,model_default_effect,digimon,2,33,ID|bone1|eff1|bone2|eff2|bone3|eff3|bone4|eff4|bone5|eff5|bone6|eff6|bone7|eff7|bone8|eff8|bone9|eff9|bone10|eff10|bone11|eff11|bone12|eff12|bone13|eff13|bone14|eff14|bone15|eff15|bone16|eff16
data,model_default_effect,mob,0,33,ID|bone1|eff1|bone2|eff2|bone3|eff3|bone4|eff4|bone5|eff5|bone6|eff6|bone7|eff7|bone8|eff8|bone9|eff9|bone10|eff10|bone11|eff11|bone12|eff12|bone13|eff13|bone14|eff14|bone15|eff15|bone16|eff16
data,model_default_effect,npc,4,33,ID|bone1|eff1|bone2|eff2|bone3|eff3|bone4|eff4|bone5|eff5|bone6|eff6|bone7|eff7|bone8|eff8|bone9|eff9|bone10|eff10|bone11|eff11|bone12|eff12|bone13|eff13|bone14|eff14|bone15|eff15|bone16|eff16
data,model_default_effect,pc,2,33,ID|bone1|eff1|bone2|eff2|bone3|eff3|bone4|eff4|bone5|eff5|bone6|eff6|bone7|eff7|bone8|eff8|bone9|eff9|bone10|eff10|bone11|eff11|bone12|eff12|bone13|eff13|bone14|eff14|bone15|eff15|bone16|eff16
data,model_default_scale,digimon,368,6,digimonID|fieldGuideScale|battleScale|fieldScale|Uk4|Uk5
data,model_default_scale,mob,6,5,ID|Unk1|Unk2|Unk3|Unk4
data,model_default_scale,npc,3,5,ID|Unk1|Unk2|Unk3|Unk4
data,model_default_scale,pc,1,5,ID|Unk1|Unk2|Unk3|Uk4
data,model_position_offset,offset,31,4,digimonID|Unk1|Unk2|Unk3
data,mon_cpl,Coupling,1947,25,id|digi1|digi2|digi3|digi4|digi5|digi6|level1|level2|level3|level4|level5|level6|variation1|variation2|variation3|variation4|variation5|variation6|unk13|unk14|unk15|unk16|NPC_id|NPC_Variation
data,mon_design_para,Monster,944,9,unk1|unk2|unk3|unk4|unk5|unk6|unk7|unk8|unk9
data,mon_para,Monster,943,42,type|variation|unk3|unk4|unk5|baseHP|baseATK|baseDEF|baseINT|baseSPD|levelHP|levelATK|levelDEF|levelINT|levelSPD|unk16|poisonResist|panicResist|paraResist|sleepResist|stunResist|dotResist|bugResist|deathResist|ATKResist|DEFResist|INTResist|SPDResist|padding1|padding2|padding3|EXP|EXPx2|YEN|YENx2|itemId1|itemChance1|itemId2|itemChance2|scanRate|unk32|unk33
data,mon_para_hard,Monster,943,42,type|variation|unk3|unk4|unk5|baseHP|baseATK|baseDEF|baseINT|baseSPD|levelHP|levelATK|levelDEF|levelINT|levelSPD|unk16|poisonResist|panicResist|paraResist|sleepResist|stunResist|dotResist|bugResist|deathResist|ATKResist|DEFResist|INTResist|SPDResist|padding1|padding2|padding3|EXP|EXPx2|YEN|YENx2|itemId1|itemChance1|itemId2|itemChance2|scanRate|unk32|unk33
data,multi_select_para,para,59,16,entryID|questionID|initialOption|unknown|ans1|ans1Enabled|ans2|ans2Enabled|ans3|ans3Enabled|ans4|ans4Enabled|ans5|ans5Enabled|ans6|ans6Enabled
data,multi_select_para_add,para,109,16,entryID|questionID|initialOption|unknown|ans1|ans1Enabled|ans2|ans2Enabled|ans3|ans3Enabled|ans4|ans4Enabled|ans5|ans5Enabled|ans6|ans6Enabled
data,network_dungeon_offset,offset,72,10,ID|Unk1|Unk2|Unk3|Unk4|Unk5|Unk6|Unk7|Unk8|Unk9
data,newgame_para,new_game_plus,236,4,id|unk1|unk2|unk3
data,newgame_para,table,2,27,id|unk1|unk2|unk3|unk4|unk5|unk6|unk7|unk8|unk9|unk10|unk11|unk12|unk13|unk14|unk15|unk16|unk17|unk18|unk19|unk20|unk21|unk22|unk23|unk24|unk25|unk26
data,ng_word,CHINESE_T,452,2,ID|text
data,ng_word,ENGLISH_US,1386,2,ID|text
data,ng_word,GERMAN,719,2,ID|text
data,ng_word,KOREAN,2165,2,ID|text
data,personality_para,table,8,7,id|HP_growth_rate|SP_growth_rate|ATK_growth_rate|DEF_growth_rate|INT_growth_rate|SPD_growth_rate
data,quest_para,table,333,62,id|unk01|unk02|unk03|unk04|unk05|unk06|unk07|unk08|unk09|unk10|unk11|unk12|unk13|unk14|unk15|unk16|unk17|unk18|unk19|unk20|unk21|unk22|unk23|unk24|unk25|unk26|unk27|unk28|unk29|unk30|unk31|unk32|unk33|unk34|unk35|unk36|unk37|unk38|unk39|unk40|unk41|unk42|unk43|unk44|unk45|unk46|unk47|unk48|unk49|unk50|unk51|unk52|unk53|unk54|unk55|unk56|unk57|unk58|unk59|unk60|unk61
data,quest_para_add,table,140,62,id|unk01|unk02|unk03|unk04|unk05|unk06|unk07|unk08|unk09|unk10|unk11|unk12|unk13|unk14|unk15|unk16|unk17|unk18|unk19|unk20|unk21|unk22|unk23|unk24|unk25|unk26|unk27|unk28|unk29|unk30|unk31|unk32|unk33|unk34|unk35|unk36|unk37|unk38|unk39|unk40|unk41|unk42|unk43|unk44|unk45|unk46|unk47|unk48|unk49|unk50|unk51|unk52|unk53|unk54|unk55|unk56|unk57|unk58|unk59|unk60|unk61
data,same_animation_data,digimon,37,2,ID|model
data,same_animation_data,mob,69,2,ID|model
data,same_animation_data,npc,11,2,ID|model
data,same_animation_data,pc,162,2,ID|model
data,selectmapparam,Sheet1,4,4,id|unk1|unk2|unk3
data,shop_para,limit_lineup,12,103,id|unk1|unk2|item1|item2|item3|item4|item5|item6|item7|item8|item9|item10|item11|item12|item13|item14|item15|item16|item17|item18|item19|item20|item21|item22|item23|item24|item25|item26|item27|item28|item29|item30|item31|item32|item33|item34|item35|item36|item37|item38|item39|item40|item41|item42|item43|item44|item45|item46|item47|item48|item49|item50|item51|item52|item53|item54|item55|item56|item57|item58|item59|item60|item61|item62|item63|item64|item65|item66|item67|item68|item69|item70|item71|item72|item73|item74|item75|item76|item77|item78|item79|item80|item81|item82|item83|item84|item85|item86|item87|item88|item89|item90|item91|item92|item93|item94|item95|item96|item97|item98|item99|item100
data,shop_para,lineup,44,101,id|item1|item2|item3|item4|item5|item6|item7|item8|item9|item10|item11|item12|item13|item14|item15|item16|item17|item18|item19|item20|item21|item22|item23|item24|item25|item26|item27|item28|item29|item30|item31|item32|item33|item34|item35|item36|item37|item38|item39|item40|item41|item42|item43|item44|item45|item46|item47|item48|item49|item50|item51|item52|item53|item54|item55|item56|item57|item58|item59|item60|item61|item62|item63|item64|item65|item66|item67|item68|item69|item70|item71|item72|item73|item74|item75|item76|item77|item78|item79|item80|item81|item82|item83|item84|item85|item86|item87|item88|item89|item90|item91|item92|item93|item94|item95|item96|item97|item98|item99|item100
data,shop_para,shop,22,54,id|shopType|avatar|avatarVariation|nameId|greeting|farewell|overview|buy|buyConfirm|sell|sellConfirm|trigger1|lineup1|trigger2|lineup2|trigger3|lineup3|trigger4|lineup4|trigger5|lineup5|trigger6|lineup6|trigger7|lineup7|trigger8|lineup8|trigger9|lineup9|trigger10|lineup10|trigger11|lineup11|trigger12|lineup12|trigger13|lineup13|trigger14|lineup14|trigger15|lineup15|trigger16|lineup16|trigger17|lineup17|trigger18|lineup18|trigger19|lineup19|trigger20|lineup20|trigger21|lineup21
data,skill_use_group_set,digimon,232,31,digimonID|Unk1|Unk2|Unk3|Unk4|Unk5|Unk6|Unk7|Unk8|Unk9|Unk10|Unk11|Unk12|Unk13|Unk14|Unk15|Unk16|Unk17|Unk18|Unk19|Unk20|pad1?|pad2?|pad3?|pad4?|pad5?|pad6?|pad7?|pad8?|pad9?|pad10?
data,subtitle_m00_d02_0602,Sheet1,1,5,id|StartTime|EndTime|SubtitleTextID|VoiceAudioID
data,subtitle_m00_d02_0704_01,Sheet1,1,5,id|StartTime|EndTime|SubtitleTextID|VoiceAudioID
data,subtitle_m00_d02_0704_02,Sheet1,1,5,id|StartTime|EndTime|SubtitleTextID|VoiceAudioID
data,subtitle_m00_d02_1001,Sheet1,1,5,id|StartTime|EndTime|SubtitleTextID|VoiceAudioID
data,subtitle_m00_d02_1401,Sheet1,1,5,id|StartTime|EndTime|SubtitleTextID|VoiceAudioID
data,subtitle_m00_e00_0001_01,Sheet1,10,5,id|StartTime|EndTime|SubtitleTextID|VoiceAudioID
data,subtitle_m00_e00_0001_02,Sheet1,2,5,id|StartTime|EndTime|SubtitleTextID|VoiceAudioID
data,subtitle_m00_e00_0001_03,Sheet1,3,5,id|StartTime|EndTime|SubtitleTextID|VoiceAudioID
data,subtitle_m00_e00_0002_01,Sheet1,5,5,id|StartTime|EndTime|SubtitleTextID|VoiceAudioID
data,subtitle_m00_e00_0003_01,Sheet1,7,5,id|StartTime|EndTime|SubtitleTextID|VoiceAudioID
data,subtitle_m00_e00_0004_01,Sheet1,7,5,id|StartTime|EndTime|SubtitleTextID|VoiceAudioID
data,subtitle_m01_t04_1003,Sheet1,3,5,id|StartTime|EndTime|SubtitleTextID|VoiceAudioID
data,subtitle_m01_t05_1701,Sheet1,2,5,id|StartTime|EndTime|SubtitleTextID|VoiceAudioID
data,subtitle_m03_d05_0701,Sheet1,1,5,id|StartTime|EndTime|SubtitleTextID|VoiceAudioID
data,subtitle_m04_d01_0801,Sheet1,2,5,id|StartTime|EndTime|SubtitleTextID|VoiceAudioID
data,subtitle_m07_d09_1301,Sheet1,2,5,id|StartTime|EndTime|SubtitleTextID|VoiceAudioID
data,subtitle_m10_d03_0101_01,Sheet1,2,5,id|StartTime|EndTime|SubtitleTextID|VoiceAudioID
data,subtitle_m10_d03_0101_02,Sheet1,2,5,id|StartTime|EndTime|SubtitleTextID|VoiceAudioID
data,subtitle_m10_d03_0101_03,Sheet1,2,5,id|StartTime|EndTime|SubtitleTextID|VoiceAudioID
data,subtitle_m10_d20_1401,Sheet1,1,5,id|StartTime|EndTime|SubtitleTextID|VoiceAudioID
data,subtitle_m11_d17_0501,Sheet1,1,5,id|StartTime|EndTime|SubtitleTextID|VoiceAudioID
data,subtitle_m12_d22_0401,Sheet1,1,5,id|StartTime|EndTime|SubtitleTextID|VoiceAudioID
data,subtitle_m12_e00_0101,Sheet1,2,5,id|StartTime|EndTime|SubtitleTextID|VoiceAudioID
data,subtitle_m12_e00_0601,Sheet1,4,5,id|StartTime|EndTime|SubtitleTextID|VoiceAudioID
data,subtitle_m14_e00_2101,Sheet1,1,5,id|StartTime|EndTime|SubtitleTextID|VoiceAudioID
data,subtitle_m15_d01_2002,Sheet1,4,5,id|StartTime|EndTime|SubtitleTextID|VoiceAudioID
data,subtitle_m15_d01_2101,Sheet1,1,5,id|StartTime|EndTime|SubtitleTextID|VoiceAudioID
data,subtitle_m15_d15_3001,Sheet1,1,5,id|StartTime|EndTime|SubtitleTextID|VoiceAudioID
data,subtitle_m15_t30_1701,Sheet1,1,5,id|StartTime|EndTime|SubtitleTextID|VoiceAudioID
data,subtitle_m17_d08_0901,Sheet1,1,5,id|StartTime|EndTime|SubtitleTextID|VoiceAudioID
data,subtitle_m18_d22_0601_01,Sheet1,7,5,id|StartTime|EndTime|SubtitleTextID|VoiceAudioID
data,subtitle_m18_d22_0601_02,Sheet1,2,5,id|StartTime|EndTime|SubtitleTextID|VoiceAudioID
data,subtitle_m18_t05_0501,Sheet1,2,5,id|StartTime|EndTime|SubtitleTextID|VoiceAudioID
data,subtitle_m19_d14_0501,Sheet1,5,5,id|StartTime|EndTime|SubtitleTextID|VoiceAudioID
data,subtitle_m19_d14_0901,Sheet1,1,5,id|StartTime|EndTime|SubtitleTextID|VoiceAudioID
data,subtitle_m19_d14_1501,Sheet1,1,5,id|StartTime|EndTime|SubtitleTextID|VoiceAudioID
data,subtitle_m19_d14_1701,Sheet1,1,5,id|StartTime|EndTime|SubtitleTextID|VoiceAudioID
data,subtitle_m19_d14_1801,Sheet1,1,5,id|StartTime|EndTime|SubtitleTextID|VoiceAudioID
data,subtitle_m19_d14_1801_02,Sheet1,1,5,id|StartTime|EndTime|SubtitleTextID|VoiceAudioID
data,subtitle_m19_d14_2201,Sheet1,1,5,id|StartTime|EndTime|SubtitleTextID|VoiceAudioID
data,subtitle_m19_d24_1401,Sheet1,2,5,id|StartTime|EndTime|SubtitleTextID|VoiceAudioID
data,subtitle_m19_t22_0201,Sheet1,7,5,id|StartTime|EndTime|SubtitleTextID|VoiceAudioID
data,subtitle_m20_d22_1701,Sheet1,4,5,id|StartTime|EndTime|SubtitleTextID|VoiceAudioID
data,subtitle_m20_d23_1103_01,Sheet1,1,5,id|StartTime|EndTime|SubtitleTextID|VoiceAudioID
data,subtitle_m20_d23_1103_02,Sheet1,2,5,id|StartTime|EndTime|SubtitleTextID|VoiceAudioID
data,subtitle_m20_d23_1103_03,Sheet1,1,5,id|StartTime|EndTime|SubtitleTextID|VoiceAudioID
data,subtitle_m20_d23_1110,Sheet1,5,5,id|StartTime|EndTime|SubtitleTextID|VoiceAudioID
data,subtitle_m20_d24_0801,Sheet1,1,5,id|StartTime|EndTime|SubtitleTextID|VoiceAudioID
data,subtitle_m20_d24_1001,Sheet1,2,5,id|StartTime|EndTime|SubtitleTextID|VoiceAudioID
data,subtitle_m20_e03_1901,Sheet1,5,5,id|StartTime|EndTime|SubtitleTextID|VoiceAudioID
data,subtitle_m21_t01_0105,Sheet1,11,5,id|StartTime|EndTime|SubtitleTextID|VoiceAudioID
data,subtitle_m21_t01_0501,Sheet1,10,5,id|StartTime|EndTime|SubtitleTextID|VoiceAudioID
data,subtitle_m21_t02_0102,Sheet1,5,5,id|StartTime|EndTime|SubtitleTextID|VoiceAudioID
data,subtitle_m21_t03_0101,Sheet1,4,5,id|StartTime|EndTime|SubtitleTextID|VoiceAudioID
data,subtitle_m21_t04_0201,Sheet1,3,5,id|StartTime|EndTime|SubtitleTextID|VoiceAudioID
data,subtitle_m21_t05_0103,Sheet1,8,5,id|StartTime|EndTime|SubtitleTextID|VoiceAudioID
data,subtitle_m21_t06_0104,Sheet1,7,5,id|StartTime|EndTime|SubtitleTextID|VoiceAudioID
data,subtitle_m21_t10_0107,Sheet1,13,5,id|StartTime|EndTime|SubtitleTextID|VoiceAudioID
data,subtitle_m51_d122_1001_01,Sheet1,2,5,id|StartTime|EndTime|SubtitleTextID|VoiceAudioID
data,subtitle_m51_e00_0000,Sheet1,6,5,id|StartTime|EndTime|SubtitleTextID|VoiceAudioID
data,subtitle_m51_e00_0000_02,Sheet1,2,5,id|StartTime|EndTime|SubtitleTextID|VoiceAudioID
data,subtitle_m52_t50_0301_01,Sheet1,3,5,id|StartTime|EndTime|SubtitleTextID|VoiceAudioID
data,subtitle_m54_d02_1901_01,Sheet1,2,5,id|StartTime|EndTime|SubtitleTextID|VoiceAudioID
data,subtitle_m57_d09_0401_01,Sheet1,1,5,id|StartTime|EndTime|SubtitleTextID|VoiceAudioID
data,subtitle_m59_d03_0601_01,Sheet1,2,5,id|StartTime|EndTime|SubtitleTextID|VoiceAudioID
data,subtitle_m59_d03_0601_02,Sheet1,2,5,id|StartTime|EndTime|SubtitleTextID|VoiceAudioID
data,subtitle_m60_d20_2301_01,Sheet1,1,5,id|StartTime|EndTime|SubtitleTextID|VoiceAudioID
data,subtitle_m61_d14_0901_01,Sheet1,1,5,id|StartTime|EndTime|SubtitleTextID|VoiceAudioID
data,subtitle_m61_d14_0902,Sheet1,6,5,id|StartTime|EndTime|SubtitleTextID|VoiceAudioID
data,subtitle_m62_d20_0101_01,Sheet1,1,5,id|StartTime|EndTime|SubtitleTextID|VoiceAudioID
data,subtitle_m64_d130_1501_01,Sheet1,3,5,id|StartTime|EndTime|SubtitleTextID|VoiceAudioID
data,subtitle_m66_d13_0501_01,Sheet1,2,5,id|StartTime|EndTime|SubtitleTextID|VoiceAudioID
data,subtitle_m66_d13_0501_02,Sheet1,9,5,id|StartTime|EndTime|SubtitleTextID|VoiceAudioID
data,subtitle_m66_d13_0601_02,Sheet1,5,5,id|StartTime|EndTime|SubtitleTextID|VoiceAudioID
data,subtitle_m67_d16_0801,Sheet1,2,5,id|StartTime|EndTime|SubtitleTextID|VoiceAudioID
data,subtitle_m67_d16_0901_01,Sheet1,1,5,id|StartTime|EndTime|SubtitleTextID|VoiceAudioID
data,subtitle_m68_d02_1501,Sheet1,3,5,id|StartTime|EndTime|SubtitleTextID|VoiceAudioID
data,subtitle_m68_d127_1303_01,Sheet1,3,5,id|StartTime|EndTime|SubtitleTextID|VoiceAudioID
data,subtitle_m68_d127_1303_02,Sheet1,2,5,id|StartTime|EndTime|SubtitleTextID|VoiceAudioID
data,subtitle_m68_d127_1303_03,Sheet1,1,5,id|StartTime|EndTime|SubtitleTextID|VoiceAudioID
data,subtitle_m68_d127_1303_04,Sheet1,1,5,id|StartTime|EndTime|SubtitleTextID|VoiceAudioID
data,subtitle_m68_d127_1304_01,Sheet1,4,5,id|StartTime|EndTime|SubtitleTextID|VoiceAudioID
data,subtitle_m69_t50_0101_01,Sheet1,3,5,id|StartTime|EndTime|SubtitleTextID|VoiceAudioID
data,subtitle_s01,Sheet1,7,5,id|StartTime|EndTime|SubtitleTextID|VoiceAudioID
data,subtitle_s02,Sheet1,5,5,id|StartTime|EndTime|SubtitleTextID|VoiceAudioID
data,subtitle_s03,Sheet1,3,5,id|StartTime|EndTime|SubtitleTextID|VoiceAudioID
data,subtitle_s05,Sheet1,1,5,id|StartTime|EndTime|SubtitleTextID|VoiceAudioID
data,subtitle_s06,Sheet1,4,5,id|StartTime|EndTime|SubtitleTextID|VoiceAudioID
data,subtitle_s07,Sheet1,4,5,id|StartTime|EndTime|SubtitleTextID|VoiceAudioID
data,subtitle_s11,Sheet1,2,5,id|StartTime|EndTime|SubtitleTextID|VoiceAudioID
data,subtitle_s12,Sheet1,3,5,id|StartTime|EndTime|SubtitleTextID|VoiceAudioID
data,subtitle_s14,Sheet1,4,5,id|StartTime|EndTime|SubtitleTextID|VoiceAudioID
data,subtitle_s21,Sheet1,6,5,id|StartTime|EndTime|SubtitleTextID|VoiceAudioID
data,subtitle_s408_t05_1401_01,Sheet1,2,5,id|StartTime|EndTime|SubtitleTextID|VoiceAudioID
data,subtitle_s408_t05_1401_02,Sheet1,3,5,id|StartTime|EndTime|SubtitleTextID|VoiceAudioID
data,subtitle_s51,Sheet1,5,5,id|StartTime|EndTime|SubtitleTextID|VoiceAudioID
data,subtitle_s52,Sheet1,8,5,id|StartTime|EndTime|SubtitleTextID|VoiceAudioID
data,subtitle_s62,Sheet1,1,5,id|StartTime|EndTime|SubtitleTextID|VoiceAudioID
data,subtitle_s65,Sheet1,1,5,id|StartTime|EndTime|SubtitleTextID|VoiceAudioID
data,talk_position,offset,402,2,ID|offset
data,talk_position,position,706,5,ID|Unk1|Unk2|Unk3|rotation?
data,tp_table,table,1,22,ID|TP Lv0|TP Lv1|TP Lv2|TP Lv3|TP Lv4|TP Lv5|TP Lv6|TP Lv7|TP Lv8|TP Lv9|TP Lv10|TP Lv11|TP Lv12|TP Lv13|TP Lv14|TP Lv15|TP Lv16|TP Lv17|TP Lv18|TP Lv19|TP Lv20
data,tutorial_para,filename,49,11,ID|Unk1|Unk2|Unk3|tutorialTitle?|Unk4|Unk5|Unk6|Unk7|Unk8|Unk9
data,tutorial_para_add,filename,60,11,ID|Unk1|Unk2|Unk3|tutorialTitle?|Unk4|Unk5|Unk6|Unk7|Unk8|Unk9
data,ui_mon_param_info,Field,239,3,ID|Unk1|Unk2
data,warp_item_disable_para,field,16,4,ID|AreaName|Unk2|Unk3
data,warp_item_disable_para,flag,20,4,ID|Unk1|Unk2|Unk3
data,warp_item_disable_para_add,field,16,4,ID|AreaName|Unk2|Unk3
data,warp_item_disable_para_add,flag,2,4,ID|Unk1|Unk2|Unk3
data,yes_no_window_para,para,127,6,ID|textID|Unk2|Unk3|Unk4|Unk5
text,battle_info_message,Sheet1,15,7,ID|Japanese|English|Chinese|EnglishCensored|Korean|German
text,bbs_post_text,Sheet1,21,7,ID|Japanese|English|Chinese|EnglishCensored|Korean|German
text,bgm,Sheet1,14,7,ID|Japanese|English|Chinese|EnglishCensored|Korean|German
text,charname,Digimon Names,1983,7,ID|Japanese|English|Chinese|EnglishCensored|Korean|German
text,colosseum_event_battle_mission,Sheet1,26,7,ID|Japanese|English|Chinese|EnglishCensored|Korean|German
text,colosseum_event_battle_rule,Sheet1,24,7,ID|Japanese|English|Chinese|EnglishCensored|Korean|German
text,colosseum_free_rule_comment,Sheet1,48,7,ID|Japanese|English|Chinese|EnglishCensored|Korean|German
text,colosseum_item_explanation,Sheet1,354,7,ID|Japanese|English|Chinese|EnglishCensored|Korean|German
text,colosseum_item_name,Sheet1,482,7,ID|Japanese|English|Chinese|EnglishCensored|Korean|German
text,colosseum_text,Sheet1,120,7,ID|Japanese|English|Chinese|EnglishCensored|Korean|German
text,common_message,Sheet1,196,7,ID|Japanese|English|Chinese|EnglishCensored|Korean|German
text,custom_sound_bgm,Sheet1,13,7,ID|Japanese|English|Chinese|EnglishCensored|Korean|German
text,custom_sound_scene,Sheet1,13,7,ID|Japanese|English|Chinese|EnglishCensored|Korean|German
text,dig_farm,Sheet1,3,7,ID|Japanese|English|Chinese|EnglishCensored|Korean|German
text,digifarm_food_text,Sheet1,10,7,ID|Japanese|English|Chinese|EnglishCensored|Korean|German
text,digifarm_text,Sheet1,32,7,ID|Japanese|English|Chinese|EnglishCensored|Korean|German
text,digiline_text,Sheet1,3112,7,ID|Japanese|English|Chinese|EnglishCensored|Korean|German
text,digiline_text_add,Sheet1,2580,7,ID|Japanese|English|Chinese|EnglishCensored|Korean|German
text,digimon_book_explanation,Sheet1,336,7,ID|Japanese|English|Chinese|EnglishCensored|Korean|German
text,digimon_type,Sheet1,4,7,ID|Japanese|English|Chinese|EnglishCensored|Korean|German
text,eden_group_text,para,21,7,ID|Japanese|English|Chinese|EnglishCensored|Korean|German
text,eden_text,para,51,7,ID|Japanese|English|Chinese|EnglishCensored|Korean|German
text,element,Sheet1,9,7,ID|Japanese|English|Chinese|EnglishCensored|Korean|German
text,equip_explanation,Sheet1,164,7,ID|Japanese|English|Chinese|EnglishCensored|Korean|German
text,equip_name,Sheet1,164,7,ID|Japanese|English|Chinese|EnglishCensored|Korean|German
text,evolution,Sheet1,30,7,ID|Japanese|English|Chinese|EnglishCensored|Korean|German
text,fieldname,Sheet1,117,7,ID|Japanese|English|Chinese|EnglishCensored|Korean|German
text,generation,Sheet1,9,7,ID|Japanese|English|Chinese|EnglishCensored|Korean|German
text,hacker_rank,Sheet1,41,7,ID|Japanese|English|Chinese|EnglishCensored|Korean|German
text,hackers_battle_mission,Sheet1,3,7,ID|Japanese|English|Chinese|EnglishCensored|Korean|German
text,hacking_skill_condition_exp,Sheet1,20,7,ID|Japanese|English|Chinese|EnglishCensored|Korean|German
text,hacking_skill_explanation,Sheet1,40,7,ID|Japanese|English|Chinese|EnglishCensored|Korean|German
text,hacking_skill_name,Sheet1,40,7,ID|Japanese|English|Chinese|EnglishCensored|Korean|German
text,help_message,Sheet1,204,7,ID|Japanese|English|Chinese|EnglishCensored|Korean|German
text,info_message,Sheet1,426,7,ID|Japanese|English|Chinese|EnglishCensored|Korean|German
text,item_explanation,Sheet1,1198,7,ID|Japanese|English|Chinese|EnglishCensored|Korean|German
text,item_name,Sheet1,1198,7,ID|Japanese|English|Chinese|EnglishCensored|Korean|German
text,keyword_explanation,Sheet1,58,7,ID|Japanese|English|Chinese|EnglishCensored|Korean|German
text,keyword_get_explanation,Sheet1,31,7,ID|Japanese|English|Chinese|EnglishCensored|Korean|German
text,keyword_name,Sheet1,31,7,ID|Japanese|English|Chinese|EnglishCensored|Korean|German
text,main_menu,Sheet1,8,7,ID|Japanese|English|Chinese|EnglishCensored|Korean|German
text,map_select_town_name,Sheet1,12,7,ID|Japanese|English|Chinese|EnglishCensored|Korean|German
text,medal_name,Sheet1,700,7,ID|Japanese|English|Chinese|EnglishCensored|Korean|German
text,menu_text,Sheet1,12,7,ID|Japanese|English|Chinese|EnglishCensored|Korean|German
text,mirror_dungeon_text,para,27,7,ID|Japanese|English|Chinese|EnglishCensored|Korean|German
text,multi_select_text,para,75,7,ID|Japanese|English|Chinese|EnglishCensored|Korean|German
text,personality,Sheet1,9,7,ID|Japanese|English|Chinese|EnglishCensored|Korean|German
text,quest_text,Sheet1,1936,7,ID|Japanese|English|Chinese|EnglishCensored|Korean|German
text,quest_text_add,Sheet1,1292,7,ID|Japanese|English|Chinese|EnglishCensored|Korean|German
text,scenario_select,Sheet1,11,7,ID|Japanese|English|Chinese|EnglishCensored|Korean|German
text,shop_text,Sheet1,41,7,ID|Japanese|English|Chinese|EnglishCensored|Korean|German
text,skill_content_name,Sheet1,744,7,ID|Japanese|English|Chinese|EnglishCensored|Korean|German
text,skill_name,Sheet1,935,7,ID|Japanese|English|Chinese|EnglishCensored|Korean|German
text,skill_name,skill name,935,7,ID|Japanese|English|Chinese|EnglishCensored|Korean|German
text,skill_target_name,Sheet1,8,7,ID|Japanese|English|Chinese|EnglishCensored|Korean|German
text,story_progress,Sheet1,41,7,ID|Japanese|English|Chinese|EnglishCensored|Korean|German
text,subtitle_text,Sheet1,312,7,ID|Japanese|English|Chinese|EnglishCensored|Korean|German
text,support_skill_content_name,Sheet1,119,7,ID|Japanese|English|Chinese|EnglishCensored|Korean|German
text,support_skill_name,Sheet1,116,7,ID|Japanese|English|Chinese|EnglishCensored|Korean|German
text,tournament_name,event,24,7,ID|Japanese|English|Chinese|EnglishCensored|Korean|German
text,tutorial_title,para,64,7,ID|Japanese|English|Chinese|EnglishCensored|Korean|German
text,yes_no_message,para,126,7,ID|Japanese|English|Chinese|EnglishCensored|Korean|German
message,after_evt,Sheet1,146,8,ID|Speaker|Japanese|English|Chinese|EnglishCensored|Korean|German
message,battle_1020,Sheet1,5,8,ID|Speaker|Japanese|English|Chinese|EnglishCensored|Korean|German
message,battle_1021,Sheet1,9,8,ID|Speaker|Japanese|English|Chinese|EnglishCensored|Korean|German
message,battle_2500,Sheet1,1,8,ID|Speaker|Japanese|English|Chinese|EnglishCensored|Korean|German
message,battle_4028,Sheet1,6,8,ID|Speaker|Japanese|English|Chinese|EnglishCensored|Korean|German
message,battle_colosseum,Sheet1,92,8,ID|Speaker|Japanese|English|Chinese|EnglishCensored|Korean|German
message,broken_nabit,Sheet1,22,8,ID|Speaker|Japanese|English|Chinese|EnglishCensored|Korean|German
message,colosseum_message,Sheet1,88,8,ID|Speaker|Japanese|English|Chinese|EnglishCensored|Korean|German
message,d0101,Sheet1,8,8,ID|Speaker|Japanese|English|Chinese|EnglishCensored|Korean|German
message,d0201,Sheet1,2,8,ID|Speaker|Japanese|English|Chinese|EnglishCensored|Korean|German
message,d0202,Sheet1,2,8,ID|Speaker|Japanese|English|Chinese|EnglishCensored|Korean|German
message,d0202_add,Sheet1,7,8,ID|Speaker|Japanese|English|Chinese|EnglishCensored|Korean|German
message,d0203,Sheet1,16,8,ID|Speaker|Japanese|English|Chinese|EnglishCensored|Korean|German
message,d0203_add,Sheet1,1,8,ID|Speaker|Japanese|English|Chinese|EnglishCensored|Korean|German
message,d0205,Sheet1,5,8,ID|Speaker|Japanese|English|Chinese|EnglishCensored|Korean|German
message,d0205_add,Sheet1,1,8,ID|Speaker|Japanese|English|Chinese|EnglishCensored|Korean|German
message,d0301,Sheet1,28,8,ID|Speaker|Japanese|English|Chinese|EnglishCensored|Korean|German
message,d0301_add,Sheet1,21,8,ID|Speaker|Japanese|English|Chinese|EnglishCensored|Korean|German
message,d0401_add,Sheet1,5,8,ID|Speaker|Japanese|English|Chinese|EnglishCensored|Korean|German
message,d0402,Sheet1,50,8,ID|Speaker|Japanese|English|Chinese|EnglishCensored|Korean|German
message,d0402_add,Sheet1,8,8,ID|Speaker|Japanese|English|Chinese|EnglishCensored|Korean|German
message,d0404_add,Sheet1,2,8,ID|Speaker|Japanese|English|Chinese|EnglishCensored|Korean|German
message,d0501_add,Sheet1,1,8,ID|Speaker|Japanese|English|Chinese|EnglishCensored|Korean|German
message,d0502,Sheet1,28,8,ID|Speaker|Japanese|English|Chinese|EnglishCensored|Korean|German
message,d0502_add,Sheet1,11,8,ID|Speaker|Japanese|English|Chinese|EnglishCensored|Korean|German
message,d0503_add,Sheet1,4,8,ID|Speaker|Japanese|English|Chinese|EnglishCensored|Korean|German
message,d0504_add,Sheet1,4,8,ID|Speaker|Japanese|English|Chinese|EnglishCensored|Korean|German
message,d0601_add,Sheet1,2,8,ID|Speaker|Japanese|English|Chinese|EnglishCensored|Korean|German
message,d0602,Sheet1,17,8,ID|Speaker|Japanese|English|Chinese|EnglishCensored|Korean|German
message,d0603,Sheet1,7,8,ID|Speaker|Japanese|English|Chinese|EnglishCensored|Korean|German
message,d0901,Sheet1,14,8,ID|Speaker|Japanese|English|Chinese|EnglishCensored|Korean|German
message,d0901_add,Sheet1,11,8,ID|Speaker|Japanese|English|Chinese|EnglishCensored|Korean|German
message,d12201,Sheet1,27,8,ID|Speaker|Japanese|English|Chinese|EnglishCensored|Korean|German
message,d12301,Sheet1,12,8,ID|Speaker|Japanese|English|Chinese|EnglishCensored|Korean|German
message,d12501,Sheet1,1,8,ID|Speaker|Japanese|English|Chinese|EnglishCensored|Korean|German
message,d12503,Sheet1,1,8,ID|Speaker|Japanese|English|Chinese|EnglishCensored|Korean|German
message,d12601,Sheet1,8,8,ID|Speaker|Japanese|English|Chinese|EnglishCensored|Korean|German
message,d12602,Sheet1,26,8,ID|Speaker|Japanese|English|Chinese|EnglishCensored|Korean|German
message,d12603,Sheet1,12,8,ID|Speaker|Japanese|English|Chinese|EnglishCensored|Korean|German
message,d128_01,Sheet1,10,8,ID|Speaker|Japanese|English|Chinese|EnglishCensored|Korean|German
message,d128_02,Sheet1,10,8,ID|Speaker|Japanese|English|Chinese|EnglishCensored|Korean|German
message,d128_03,Sheet1,11,8,ID|Speaker|Japanese|English|Chinese|EnglishCensored|Korean|German
message,d128_04,Sheet1,10,8,ID|Speaker|Japanese|English|Chinese|EnglishCensored|Korean|German
message,d128_05,Sheet1,11,8,ID|Speaker|Japanese|English|Chinese|EnglishCensored|Korean|German
message,d128_06,Sheet1,10,8,ID|Speaker|Japanese|English|Chinese|EnglishCensored|Korean|German
message,d13101,Sheet1,14,8,ID|Speaker|Japanese|English|Chinese|EnglishCensored|Korean|German
message,d13102,Sheet1,19,8,ID|Speaker|Japanese|English|Chinese|EnglishCensored|Korean|German
message,d13105,Sheet1,5,8,ID|Speaker|Japanese|English|Chinese|EnglishCensored|Korean|German
message,d13109,Sheet1,7,8,ID|Speaker|Japanese|English|Chinese|EnglishCensored|Korean|German
message,d13110,Sheet1,5,8,ID|Speaker|Japanese|English|Chinese|EnglishCensored|Korean|German
message,d13111,Sheet1,3,8,ID|Speaker|Japanese|English|Chinese|EnglishCensored|Korean|German
message,d13112,Sheet1,3,8,ID|Speaker|Japanese|English|Chinese|EnglishCensored|Korean|German
message,d13113,Sheet1,2,8,ID|Speaker|Japanese|English|Chinese|EnglishCensored|Korean|German
message,d13115_add,Sheet1,2,8,ID|Speaker|Japanese|English|Chinese|EnglishCensored|Korean|German
message,d13117_add,Sheet1,2,8,ID|Speaker|Japanese|English|Chinese|EnglishCensored|Korean|German
message,d1401,Sheet1,3,8,ID|Speaker|Japanese|English|Chinese|EnglishCensored|Korean|German
message,d1401_add,Sheet1,3,8,ID|Speaker|Japanese|English|Chinese|EnglishCensored|Korean|German
message,d1501,Sheet1,7,8,ID|Speaker|Japanese|English|Chinese|EnglishCensored|Korean|German
message,d1601,Sheet1,12,8,ID|Speaker|Japanese|English|Chinese|EnglishCensored|Korean|German
message,d1603,Sheet1,3,8,ID|Speaker|Japanese|English|Chinese|EnglishCensored|Korean|German
message,d1713_add,Sheet1,4,8,ID|Speaker|Japanese|English|Chinese|EnglishCensored|Korean|German
message,d1801_add,Sheet1,1,8,ID|Speaker|Japanese|English|Chinese|EnglishCensored|Korean|German
message,d2001,Sheet1,2,8,ID|Speaker|Japanese|English|Chinese|EnglishCensored|Korean|German
message,d2001_add,Sheet1,2,8,ID|Speaker|Japanese|English|Chinese|EnglishCensored|Korean|German
message,d2002,Sheet1,3,8,ID|Speaker|Japanese|English|Chinese|EnglishCensored|Korean|German
message,d2002_add,Sheet1,3,8,ID|Speaker|Japanese|English|Chinese|EnglishCensored|Korean|German
message,d2003,Sheet1,4,8,ID|Speaker|Japanese|English|Chinese|EnglishCensored|Korean|German
message,d2003_add,Sheet1,5,8,ID|Speaker|Japanese|English|Chinese|EnglishCensored|Korean|German
message,d9001,Sheet1,14,8,ID|Speaker|Japanese|English|Chinese|EnglishCensored|Korean|German
message,d9001_add,Sheet1,9,8,ID|Speaker|Japanese|English|Chinese|EnglishCensored|Korean|German
message,d9002,Sheet1,29,8,ID|Speaker|Japanese|English|Chinese|EnglishCensored|Korean|German
message,d9002_add,Sheet1,14,8,ID|Speaker|Japanese|English|Chinese|EnglishCensored|Korean|German
message,d9101,Sheet1,32,8,ID|Speaker|Japanese|English|Chinese|EnglishCensored|Korean|German
message,d9101_add,Sheet1,9,8,ID|Speaker|Japanese|English|Chinese|EnglishCensored|Korean|German
message,d9201,Sheet1,30,8,ID|Speaker|Japanese|English|Chinese|EnglishCensored|Korean|German
message,d9201_add,Sheet1,8,8,ID|Speaker|Japanese|English|Chinese|EnglishCensored|Korean|German
message,d9202,Sheet1,8,8,ID|Speaker|Japanese|English|Chinese|EnglishCensored|Korean|German
message,d9202_add,Sheet1,6,8,ID|Speaker|Japanese|English|Chinese|EnglishCensored|Korean|German
message,d9301,Sheet1,10,8,ID|Speaker|Japanese|English|Chinese|EnglishCensored|Korean|German
message,d9301_add,Sheet1,6,8,ID|Speaker|Japanese|English|Chinese|EnglishCensored|Korean|German
message,d9401,Sheet1,18,8,ID|Speaker|Japanese|English|Chinese|EnglishCensored|Korean|German
message,d9401_add,Sheet1,9,8,ID|Speaker|Japanese|English|Chinese|EnglishCensored|Korean|German
message,d9402,Sheet1,8,8,ID|Speaker|Japanese|English|Chinese|EnglishCensored|Korean|German
message,d9402_add,Sheet1,7,8,ID|Speaker|Japanese|English|Chinese|EnglishCensored|Korean|German
message,data_plate_message,Sheet1,36,8,ID|Speaker|Japanese|English|Chinese|EnglishCensored|Korean|German
message,data_plate_message_add,Sheet1,6,8,ID|Speaker|Japanese|English|Chinese|EnglishCensored|Korean|German
message,emblem_quest,Sheet1,496,8,ID|Speaker|Japanese|English|Chinese|EnglishCensored|Korean|German
message,field_text,Sheet1,55,8,ID|Speaker|Japanese|English|Chinese|EnglishCensored|Korean|German
message,field_text_add,Sheet1,10,8,ID|Speaker|Japanese|English|Chinese|EnglishCensored|Korean|German
message,hm_quest_hucker_event,Sheet1,179,8,ID|Speaker|Japanese|English|Chinese|EnglishCensored|Korean|German
message,hm_quest_iteme,Sheet1,120,8,ID|Speaker|Japanese|English|Chinese|EnglishCensored|Korean|German
message,hm_quest_message,Sheet1,422,8,ID|Speaker|Japanese|English|Chinese|EnglishCensored|Korean|German
message,keyword_d0202_npc_0003,Sheet1,36,8,ID|Speaker|Japanese|English|Chinese|EnglishCensored|Korean|German
message,keyword_d0202_npc_0053,Sheet1,33,8,ID|Speaker|Japanese|English|Chinese|EnglishCensored|Korean|German
message,keyword_d0203_npc_0000,Sheet1,33,8,ID|Speaker|Japanese|English|Chinese|EnglishCensored|Korean|German
message,keyword_d0203_npc_0001,Sheet1,37,8,ID|Speaker|Japanese|English|Chinese|EnglishCensored|Korean|German
message,keyword_d0204_npc_0000,Sheet1,33,8,ID|Speaker|Japanese|English|Chinese|EnglishCensored|Korean|German
message,keyword_d0204_npc_0001,Sheet1,33,8,ID|Speaker|Japanese|English|Chinese|EnglishCensored|Korean|German
message,keyword_d0301_npc_0001,Sheet1,33,8,ID|Speaker|Japanese|English|Chinese|EnglishCensored|Korean|German
message,keyword_d0301_npc_0002,Sheet1,32,8,ID|Speaker|Japanese|English|Chinese|EnglishCensored|Korean|German
message,keyword_d0301_npc_0003,Sheet1,35,8,ID|Speaker|Japanese|English|Chinese|EnglishCensored|Korean|German
message,keyword_d0402_npc_0052,Sheet1,39,8,ID|Speaker|Japanese|English|Chinese|EnglishCensored|Korean|German
message,keyword_d0402_npc_0053,Sheet1,40,8,ID|Speaker|Japanese|English|Chinese|EnglishCensored|Korean|German
message,keyword_d0403_npc_0000,Sheet1,37,8,ID|Speaker|Japanese|English|Chinese|EnglishCensored|Korean|German
message,keyword_d0403_npc_0001,Sheet1,39,8,ID|Speaker|Japanese|English|Chinese|EnglishCensored|Korean|German
message,keyword_d0403_npc_0003,Sheet1,40,8,ID|Speaker|Japanese|English|Chinese|EnglishCensored|Korean|German
message,keyword_d0502_npc_0000,Sheet1,41,8,ID|Speaker|Japanese|English|Chinese|EnglishCensored|Korean|German
message,keyword_d0504_npc_0000,Sheet1,33,8,ID|Speaker|Japanese|English|Chinese|EnglishCensored|Korean|German
message,keyword_d0504_npc_0001,Sheet1,31,8,ID|Speaker|Japanese|English|Chinese|EnglishCensored|Korean|German
message,keyword_d0504_npc_0002,Sheet1,32,8,ID|Speaker|Japanese|English|Chinese|EnglishCensored|Korean|German
message,keyword_d0504_npc_0004,Sheet1,30,8,ID|Speaker|Japanese|English|Chinese|EnglishCensored|Korean|German
message,keyword_d12201_npc_0006,Sheet1,4,8,ID|Speaker|Japanese|English|Chinese|EnglishCensored|Korean|German
message,keyword_d12201_npc_0018,Sheet1,3,8,ID|Speaker|Japanese|English|Chinese|EnglishCensored|Korean|German
message,keyword_d13105_npc_0002,Sheet1,4,8,ID|Speaker|Japanese|English|Chinese|EnglishCensored|Korean|German
message,keyword_d13109_npc_0000,Sheet1,3,8,ID|Speaker|Japanese|English|Chinese|EnglishCensored|Korean|German
message,keyword_d13109_npc_0004,Sheet1,3,8,ID|Speaker|Japanese|English|Chinese|EnglishCensored|Korean|German
message,keyword_d4101_npc_0000,Sheet1,41,8,ID|Speaker|Japanese|English|Chinese|EnglishCensored|Korean|German
message,keyword_d9001_npc_0106,Sheet1,43,8,ID|Speaker|Japanese|English|Chinese|EnglishCensored|Korean|German
message,keyword_d9401_npc_0101,Sheet1,35,8,ID|Speaker|Japanese|English|Chinese|EnglishCensored|Korean|German
message,keyword_t0102_npc_0006,Sheet1,40,8,ID|Speaker|Japanese|English|Chinese|EnglishCensored|Korean|German
message,keyword_t0102_npc_0014,Sheet1,33,8,ID|Speaker|Japanese|English|Chinese|EnglishCensored|Korean|German
message,keyword_t0102_npc_0101,Sheet1,37,8,ID|Speaker|Japanese|English|Chinese|EnglishCensored|Korean|German
message,keyword_t0102_npc_0102,Sheet1,33,8,ID|Speaker|Japanese|English|Chinese|EnglishCensored|Korean|German
message,keyword_t0201_npc_0013,Sheet1,46,8,ID|Speaker|Japanese|English|Chinese|EnglishCensored|Korean|German
message,keyword_t0201_npc_0052,Sheet1,31,8,ID|Speaker|Japanese|English|Chinese|EnglishCensored|Korean|German
message,keyword_t0201_npc_0053,Sheet1,32,8,ID|Speaker|Japanese|English|Chinese|EnglishCensored|Korean|German
message,keyword_t0201_npc_0054,Sheet1,34,8,ID|Speaker|Japanese|English|Chinese|EnglishCensored|Korean|German
message,keyword_t0201_npc_0101,Sheet1,33,8,ID|Speaker|Japanese|English|Chinese|EnglishCensored|Korean|German
message,keyword_t0201_npc_0104,Sheet1,33,8,ID|Speaker|Japanese|English|Chinese|EnglishCensored|Korean|German
message,keyword_t0201_npc_0105,Sheet1,33,8,ID|Speaker|Japanese|English|Chinese|EnglishCensored|Korean|German
message,keyword_t0201_npc_0106,Sheet1,42,8,ID|Speaker|Japanese|English|Chinese|EnglishCensored|Korean|German
message,keyword_t0303_npc_0050,Sheet1,31,8,ID|Speaker|Japanese|English|Chinese|EnglishCensored|Korean|German
message,keyword_t0303_npc_0051,Sheet1,33,8,ID|Speaker|Japanese|English|Chinese|EnglishCensored|Korean|German
message,keyword_t0303_npc_0052,Sheet1,33,8,ID|Speaker|Japanese|English|Chinese|EnglishCensored|Korean|German
message,keyword_t0401_npc_0000,Sheet1,33,8,ID|Speaker|Japanese|English|Chinese|EnglishCensored|Korean|German
message,keyword_t0401_npc_0008,Sheet1,32,8,ID|Speaker|Japanese|English|Chinese|EnglishCensored|Korean|German
message,keyword_t0401_npc_0053,Sheet1,36,8,ID|Speaker|Japanese|English|Chinese|EnglishCensored|Korean|German
message,keyword_t0509_npc_0000,Sheet1,33,8,ID|Speaker|Japanese|English|Chinese|EnglishCensored|Korean|German
message,keyword_t0509_npc_0055,Sheet1,31,8,ID|Speaker|Japanese|English|Chinese|EnglishCensored|Korean|German
message,keyword_t2001_npc_0000,Sheet1,32,8,ID|Speaker|Japanese|English|Chinese|EnglishCensored|Korean|German
message,keyword_t2001_npc_0001,Sheet1,34,8,ID|Speaker|Japanese|English|Chinese|EnglishCensored|Korean|German
message,keyword_t2001_npc_0002,Sheet1,3,8,ID|Speaker|Japanese|English|Chinese|EnglishCensored|Korean|German
message,keyword_t2001_npc_0003,Sheet1,32,8,ID|Speaker|Japanese|English|Chinese|EnglishCensored|Korean|German
message,keyword_t2001_npc_0050,Sheet1,32,8,ID|Speaker|Japanese|English|Chinese|EnglishCensored|Korean|German
message,keyword_t2001_npc_0051,Sheet1,34,8,ID|Speaker|Japanese|English|Chinese|EnglishCensored|Korean|German
message,keyword_t2001_npc_0052,Sheet1,32,8,ID|Speaker|Japanese|English|Chinese|EnglishCensored|Korean|German
message,keyword_t2001_npc_0054,Sheet1,3,8,ID|Speaker|Japanese|English|Chinese|EnglishCensored|Korean|German
message,keyword_t2001_npc_0057,Sheet1,3,8,ID|Speaker|Japanese|English|Chinese|EnglishCensored|Korean|German
message,keyword_t2001_npc_0065,Sheet1,32,8,ID|Speaker|Japanese|English|Chinese|EnglishCensored|Korean|German
message,keyword_t2001_npc_0106,Sheet1,33,8,ID|Speaker|Japanese|English|Chinese|EnglishCensored|Korean|German
message,keyword_t2001_npc_0107,Sheet1,33,8,ID|Speaker|Japanese|English|Chinese|EnglishCensored|Korean|German
message,keyword_t2001_npc_0110,Sheet1,3,8,ID|Speaker|Japanese|English|Chinese|EnglishCensored|Korean|German
message,keyword_t2101_npc_0051,Sheet1,33,8,ID|Speaker|Japanese|English|Chinese|EnglishCensored|Korean|German
message,keyword_t2401_npc_0002,Sheet1,32,8,ID|Speaker|Japanese|English|Chinese|EnglishCensored|Korean|German
message,keyword_t2401_npc_0054,Sheet1,32,8,ID|Speaker|Japanese|English|Chinese|EnglishCensored|Korean|German
message,keyword_t2501_npc_0005,Sheet1,32,8,ID|Speaker|Japanese|English|Chinese|EnglishCensored|Korean|German
message,keyword_t5001_npc_0006,Sheet1,5,8,ID|Speaker|Japanese|English|Chinese|EnglishCensored|Korean|German
message,keyword_t5001_npc_0017,Sheet1,6,8,ID|Speaker|Japanese|English|Chinese|EnglishCensored|Korean|German
message,keyword_t5002_npc_0016,Sheet1,5,8,ID|Speaker|Japanese|English|Chinese|EnglishCensored|Korean|German
message,keyword_t5002_npc_0017,Sheet1,5,8,ID|Speaker|Japanese|English|Chinese|EnglishCensored|Korean|German
message,kyoko_help,Sheet1,77,8,ID|Speaker|Japanese|English|Chinese|EnglishCensored|Korean|German
message,m00_d02_0501,Sheet1,73,8,ID|Speaker|Japanese|English|Chinese|EnglishCensored|Korean|German
message,m00_d02_0601,Sheet1,5,8,ID|Speaker|Japanese|English|Chinese|EnglishCensored|Korean|German
message,m00_d02_0702,Sheet1,32,8,ID|Speaker|Japanese|English|Chinese|EnglishCensored|Korean|German
message,m00_d02_0704,Sheet1,14,8,ID|Speaker|Japanese|English|Chinese|EnglishCensored|Korean|German
message,m00_d02_0710,Sheet1,36,8,ID|Speaker|Japanese|English|Chinese|EnglishCensored|Korean|German
message,m00_d02_0711,Sheet1,15,8,ID|Speaker|Japanese|English|Chinese|EnglishCensored|Korean|German
message,m00_d02_0801,Sheet1,30,8,ID|Speaker|Japanese|English|Chinese|EnglishCensored|Korean|German
message,m00_d02_0901,Sheet1,2,8,ID|Speaker|Japanese|English|Chinese|EnglishCensored|Korean|German
message,m00_d02_1001,Sheet1,36,8,ID|Speaker|Japanese|English|Chinese|EnglishCensored|Korean|German
message,m00_d02_1101,Sheet1,10,8,ID|Speaker|Japanese|English|Chinese|EnglishCensored|Korean|German
message,m00_d02_1301,Sheet1,18,8,ID|Speaker|Japanese|English|Chinese|EnglishCensored|Korean|German
message,m00_d02_1401,Sheet1,19,8,ID|Speaker|Japanese|English|Chinese|EnglishCensored|Korean|German
message,m00_e00_0102,Sheet1,7,8,ID|Speaker|Japanese|English|Chinese|EnglishCensored|Korean|German
message,m00_t01_1501,Sheet1,8,8,ID|Speaker|Japanese|English|Chinese|EnglishCensored|Korean|German
message,m00_t01_1601,Sheet1,23,8,ID|Speaker|Japanese|English|Chinese|EnglishCensored|Korean|German
message,m00_t20_0301,Sheet1,8,8,ID|Speaker|Japanese|English|Chinese|EnglishCensored|Korean|German
message,m00_t20_0302,Sheet1,8,8,ID|Speaker|Japanese|English|Chinese|EnglishCensored|Korean|German
message,m00_t20_0401,Sheet1,26,8,ID|Speaker|Japanese|English|Chinese|EnglishCensored|Korean|German
message,m00_t20_0402,Sheet1,3,8,ID|Speaker|Japanese|English|Chinese|EnglishCensored|Korean|German
message,m01_d02_0701,Sheet1,14,8,ID|Speaker|Japanese|English|Chinese|EnglishCensored|Korean|German
message,m01_d02_0801,Sheet1,9,8,ID|Speaker|Japanese|English|Chinese|EnglishCensored|Korean|German
message,m01_d60_0105,Sheet1,2,8,ID|Speaker|Japanese|English|Chinese|EnglishCensored|Korean|German
message,m01_t04_1001,Sheet1,12,8,ID|Speaker|Japanese|English|Chinese|EnglishCensored|Korean|German
message,m01_t04_1003,Sheet1,8,8,ID|Speaker|Japanese|English|Chinese|EnglishCensored|Korean|German
message,m01_t04_1101,Sheet1,8,8,ID|Speaker|Japanese|English|Chinese|EnglishCensored|Korean|German
message,m01_t04_1401,Sheet1,7,8,ID|Speaker|Japanese|English|Chinese|EnglishCensored|Korean|German
message,m01_t04_1402,Sheet1,8,8,ID|Speaker|Japanese|English|Chinese|EnglishCensored|Korean|German
message,m01_t04_1501,Sheet1,41,8,ID|Speaker|Japanese|English|Chinese|EnglishCensored|Korean|German
message,m01_t04_1502,Sheet1,12,8,ID|Speaker|Japanese|English|Chinese|EnglishCensored|Korean|German
message,m01_t04_1503,Sheet1,30,8,ID|Speaker|Japanese|English|Chinese|EnglishCensored|Korean|German
message,m01_t04_1601,Sheet1,2,8,ID|Speaker|Japanese|English|Chinese|EnglishCensored|Korean|German
message,m01_t05_0102,Sheet1,45,8,ID|Speaker|Japanese|English|Chinese|EnglishCensored|Korean|German
message,m01_t05_0901,Sheet1,28,8,ID|Speaker|Japanese|English|Chinese|EnglishCensored|Korean|German
message,m01_t05_0902,Sheet1,32,8,ID|Speaker|Japanese|English|Chinese|EnglishCensored|Korean|German
message,m01_t05_0903,Sheet1,12,8,ID|Speaker|Japanese|English|Chinese|EnglishCensored|Korean|German
message,m01_t05_1701,Sheet1,30,8,ID|Speaker|Japanese|English|Chinese|EnglishCensored|Korean|German
message,m01_t22_0201,Sheet1,16,8,ID|Speaker|Japanese|English|Chinese|EnglishCensored|Korean|German
message,m01_t22_0301,Sheet1,3,8,ID|Speaker|Japanese|English|Chinese|EnglishCensored|Korean|German
message,m01_t30_0401,Sheet1,17,8,ID|Speaker|Japanese|English|Chinese|EnglishCensored|Korean|German
message,m01_t30_0501,Sheet1,15,8,ID|Speaker|Japanese|English|Chinese|EnglishCensored|Korean|German
message,m02_d04_0810,Sheet1,26,8,ID|Speaker|Japanese|English|Chinese|EnglishCensored|Korean|German
message,m02_d04_1001,Sheet1,12,8,ID|Speaker|Japanese|English|Chinese|EnglishCensored|Korean|German
message,m02_t01_0601,Sheet1,14,8,ID|Speaker|Japanese|English|Chinese|EnglishCensored|Korean|German
message,m02_t01_0701,Sheet1,28,8,ID|Speaker|Japanese|English|Chinese|EnglishCensored|Korean|German
message,m02_t05_0101,Sheet1,8,8,ID|Speaker|Japanese|English|Chinese|EnglishCensored|Korean|German
message,m02_t05_0201,Sheet1,33,8,ID|Speaker|Japanese|English|Chinese|EnglishCensored|Korean|German
message,m02_t05_0301,Sheet1,19,8,ID|Speaker|Japanese|English|Chinese|EnglishCensored|Korean|German
message,m02_t05_0310,Sheet1,26,8,ID|Speaker|Japanese|English|Chinese|EnglishCensored|Korean|German
message,m02_t05_0401,Sheet1,19,8,ID|Speaker|Japanese|English|Chinese|EnglishCensored|Korean|German
message,m02_t05_0801,Sheet1,27,8,ID|Speaker|Japanese|English|Chinese|EnglishCensored|Korean|German
message,m02_t05_0802,Sheet1,28,8,ID|Speaker|Japanese|English|Chinese|EnglishCensored|Korean|German
message,m02_t05_1101,Sheet1,10,8,ID|Speaker|Japanese|English|Chinese|EnglishCensored|Korean|German
message,m02_t05_1301,Sheet1,21,8,ID|Speaker|Japanese|English|Chinese|EnglishCensored|Korean|German
message,m02_t09_1201,Sheet1,45,8,ID|Speaker|Japanese|English|Chinese|EnglishCensored|Korean|German
message,m03_d02_0301,Sheet1,16,8,ID|Speaker|Japanese|English|Chinese|EnglishCensored|Korean|German
message,m03_d02_0401,Sheet1,12,8,ID|Speaker|Japanese|English|Chinese|EnglishCensored|Korean|German
message,m03_d02_0901,Sheet1,63,8,ID|Speaker|Japanese|English|Chinese|EnglishCensored|Korean|German
message,m03_d02_1001,Sheet1,9,8,ID|Speaker|Japanese|English|Chinese|EnglishCensored|Korean|German
message,m03_d05_0410,Sheet1,24,8,ID|Speaker|Japanese|English|Chinese|EnglishCensored|Korean|German
message,m03_d05_0501,Sheet1,14,8,ID|Speaker|Japanese|English|Chinese|EnglishCensored|Korean|German
message,m03_d05_0601,Sheet1,25,8,ID|Speaker|Japanese|English|Chinese|EnglishCensored|Korean|German
message,m03_d05_0701,Sheet1,47,8,ID|Speaker|Japanese|English|Chinese|EnglishCensored|Korean|German
message,m03_d05_0801,Sheet1,54,8,ID|Speaker|Japanese|English|Chinese|EnglishCensored|Korean|German
message,m03_t05_0101,Sheet1,4,8,ID|Speaker|Japanese|English|Chinese|EnglishCensored|Korean|German
message,m03_t05_0201,Sheet1,33,8,ID|Speaker|Japanese|English|Chinese|EnglishCensored|Korean|German
message,m04_d01_0301,Sheet1,11,8,ID|Speaker|Japanese|English|Chinese|EnglishCensored|Korean|German
message,m04_d01_0310,Sheet1,16,8,ID|Speaker|Japanese|English|Chinese|EnglishCensored|Korean|German
message,m04_d01_0401,Sheet1,23,8,ID|Speaker|Japanese|English|Chinese|EnglishCensored|Korean|German
message,m04_d01_0501,Sheet1,20,8,ID|Speaker|Japanese|English|Chinese|EnglishCensored|Korean|German
message,m04_d01_0801,Sheet1,96,8,ID|Speaker|Japanese|English|Chinese|EnglishCensored|Korean|German
message,m04_d01_0901,Sheet1,14,8,ID|Speaker|Japanese|English|Chinese|EnglishCensored|Korean|German
message,m04_d01_1001,Sheet1,2,8,ID|Speaker|Japanese|English|Chinese|EnglishCensored|Korean|German
message,m04_t01_0101,Sheet1,17,8,ID|Speaker|Japanese|English|Chinese|EnglishCensored|Korean|German
message,m04_t01_0201,Sheet1,3,8,ID|Speaker|Japanese|English|Chinese|EnglishCensored|Korean|German
message,m04_t01_1101,Sheet1,23,8,ID|Speaker|Japanese|English|Chinese|EnglishCensored|Korean|German
message,m04_t05_1201,Sheet1,39,8,ID|Speaker|Japanese|English|Chinese|EnglishCensored|Korean|German
message,m05_d18_0710,Sheet1,1,8,ID|Speaker|Japanese|English|Chinese|EnglishCensored|Korean|German
message,m05_t03_0501,Sheet1,18,8,ID|Speaker|Japanese|English|Chinese|EnglishCensored|Korean|German
message,m05_t05_0101,Sheet1,17,8,ID|Speaker|Japanese|English|Chinese|EnglishCensored|Korean|German
message,m05_t05_0201,Sheet1,55,8,ID|Speaker|Japanese|English|Chinese|EnglishCensored|Korean|German
message,m05_t05_0301,Sheet1,12,8,ID|Speaker|Japanese|English|Chinese|EnglishCensored|Korean|German
message,m05_t05_0601,Sheet1,47,8,ID|Speaker|Japanese|English|Chinese|EnglishCensored|Korean|German
message,m05_t05_0602,Sheet1,28,8,ID|Speaker|Japanese|English|Chinese|EnglishCensored|Korean|German
message,m05_t05_1201,Sheet1,60,8,ID|Speaker|Japanese|English|Chinese|EnglishCensored|Korean|German
message,m05_t09_0401,Sheet1,10,8,ID|Speaker|Japanese|English|Chinese|EnglishCensored|Korean|German
message,m05_t24_0701,Sheet1,54,8,ID|Speaker|Japanese|English|Chinese|EnglishCensored|Korean|German
message,m05_t24_0801,Sheet1,36,8,ID|Speaker|Japanese|English|Chinese|EnglishCensored|Korean|German
message,m05_t24_0901,Sheet1,60,8,ID|Speaker|Japanese|English|Chinese|EnglishCensored|Korean|German
message,m05_t24_1001,Sheet1,17,8,ID|Speaker|Japanese|English|Chinese|EnglishCensored|Korean|German
message,m05_t24_1101,Sheet1,6,8,ID|Speaker|Japanese|English|Chinese|EnglishCensored|Korean|German
message,m05_t30_0603,Sheet1,31,8,ID|Speaker|Japanese|English|Chinese|EnglishCensored|Korean|German
message,m06_d02_0601,Sheet1,7,8,ID|Speaker|Japanese|English|Chinese|EnglishCensored|Korean|German
message,m06_d02_0701,Sheet1,6,8,ID|Speaker|Japanese|English|Chinese|EnglishCensored|Korean|German
message,m06_d02_0801,Sheet1,28,8,ID|Speaker|Japanese|English|Chinese|EnglishCensored|Korean|German
message,m06_d13_1001,Sheet1,6,8,ID|Speaker|Japanese|English|Chinese|EnglishCensored|Korean|German
message,m06_d13_1101,Sheet1,12,8,ID|Speaker|Japanese|English|Chinese|EnglishCensored|Korean|German
message,m06_d13_1201,Sheet1,30,8,ID|Speaker|Japanese|English|Chinese|EnglishCensored|Korean|German
message,m06_d13_1301,Sheet1,17,8,ID|Speaker|Japanese|English|Chinese|EnglishCensored|Korean|German
message,m06_d13_1401,Sheet1,34,8,ID|Speaker|Japanese|English|Chinese|EnglishCensored|Korean|German
message,m06_d13_1501,Sheet1,18,8,ID|Speaker|Japanese|English|Chinese|EnglishCensored|Korean|German
message,m06_d13_1601,Sheet1,2,8,ID|Speaker|Japanese|English|Chinese|EnglishCensored|Korean|German
message,m06_t02_0110,Sheet1,22,8,ID|Speaker|Japanese|English|Chinese|EnglishCensored|Korean|German
message,m06_t02_0111,Sheet1,16,8,ID|Speaker|Japanese|English|Chinese|EnglishCensored|Korean|German
message,m06_t02_0112,Sheet1,20,8,ID|Speaker|Japanese|English|Chinese|EnglishCensored|Korean|German
message,m06_t02_0901,Sheet1,7,8,ID|Speaker|Japanese|English|Chinese|EnglishCensored|Korean|German
message,m06_t02_1701,Sheet1,28,8,ID|Speaker|Japanese|English|Chinese|EnglishCensored|Korean|German
message,m06_t05_0101,Sheet1,39,8,ID|Speaker|Japanese|English|Chinese|EnglishCensored|Korean|German
message,m06_t05_0102,Sheet1,48,8,ID|Speaker|Japanese|English|Chinese|EnglishCensored|Korean|German
message,m06_t05_0301,Sheet1,46,8,ID|Speaker|Japanese|English|Chinese|EnglishCensored|Korean|German
message,m06_t05_0401,Sheet1,30,8,ID|Speaker|Japanese|English|Chinese|EnglishCensored|Korean|German
message,m06_t05_0501,Sheet1,13,8,ID|Speaker|Japanese|English|Chinese|EnglishCensored|Korean|German
message,m06_t05_1801,Sheet1,20,8,ID|Speaker|Japanese|English|Chinese|EnglishCensored|Korean|German
message,m06_t23_0120,Sheet1,2,8,ID|Speaker|Japanese|English|Chinese|EnglishCensored|Korean|German
message,m06_t23_0121,Sheet1,15,8,ID|Speaker|Japanese|English|Chinese|EnglishCensored|Korean|German
message,m06_t23_0201,Sheet1,25,8,ID|Speaker|Japanese|English|Chinese|EnglishCensored|Korean|German
message,m07_d06_0301,Sheet1,17,8,ID|Speaker|Japanese|English|Chinese|EnglishCensored|Korean|German
message,m07_d06_0401,Sheet1,12,8,ID|Speaker|Japanese|English|Chinese|EnglishCensored|Korean|German
message,m07_d06_0501,Sheet1,9,8,ID|Speaker|Japanese|English|Chinese|EnglishCensored|Korean|German
message,m07_d06_0601,Sheet1,9,8,ID|Speaker|Japanese|English|Chinese|EnglishCensored|Korean|German
message,m07_d06_1101,Sheet1,27,8,ID|Speaker|Japanese|English|Chinese|EnglishCensored|Korean|German
message,m07_d06_1201,Sheet1,32,8,ID|Speaker|Japanese|English|Chinese|EnglishCensored|Korean|German
message,m07_d09_1301,Sheet1,40,8,ID|Speaker|Japanese|English|Chinese|EnglishCensored|Korean|German
message,m07_d09_1401,Sheet1,26,8,ID|Speaker|Japanese|English|Chinese|EnglishCensored|Korean|German
message,m07_d09_1501,Sheet1,31,8,ID|Speaker|Japanese|English|Chinese|EnglishCensored|Korean|German
message,m07_t05_0101,Sheet1,40,8,ID|Speaker|Japanese|English|Chinese|EnglishCensored|Korean|German
message,m07_t05_0701,Sheet1,59,8,ID|Speaker|Japanese|English|Chinese|EnglishCensored|Korean|German
message,m07_t05_0702,Sheet1,20,8,ID|Speaker|Japanese|English|Chinese|EnglishCensored|Korean|German
message,m07_t05_0801,Sheet1,21,8,ID|Speaker|Japanese|English|Chinese|EnglishCensored|Korean|German
message,m07_t05_0901,Sheet1,14,8,ID|Speaker|Japanese|English|Chinese|EnglishCensored|Korean|German
message,m07_t05_1001,Sheet1,22,8,ID|Speaker|Japanese|English|Chinese|EnglishCensored|Korean|German
message,m07_t05_1601,Sheet1,27,8,ID|Speaker|Japanese|English|Chinese|EnglishCensored|Korean|German
message,m07_t05_1701,Sheet1,15,8,ID|Speaker|Japanese|English|Chinese|EnglishCensored|Korean|German
message,m08_d02_0701,Sheet1,35,8,ID|Speaker|Japanese|English|Chinese|EnglishCensored|Korean|German
message,m08_d02_0801,Sheet1,16,8,ID|Speaker|Japanese|English|Chinese|EnglishCensored|Korean|German
message,m08_d15_1302,Sheet1,3,8,ID|Speaker|Japanese|English|Chinese|EnglishCensored|Korean|German
message,m08_d15_1401,Sheet1,10,8,ID|Speaker|Japanese|English|Chinese|EnglishCensored|Korean|German
message,m08_d15_1403,Sheet1,2,8,ID|Speaker|Japanese|English|Chinese|EnglishCensored|Korean|German
message,m08_d15_1501,Sheet1,1,8,ID|Speaker|Japanese|English|Chinese|EnglishCensored|Korean|German
message,m08_d65_1202,Sheet1,4,8,ID|Speaker|Japanese|English|Chinese|EnglishCensored|Korean|German
message,m08_t01_0901,Sheet1,12,8,ID|Speaker|Japanese|English|Chinese|EnglishCensored|Korean|German
message,m08_t01_1101,Sheet1,5,8,ID|Speaker|Japanese|English|Chinese|EnglishCensored|Korean|German
message,m08_t01_1201,Sheet1,6,8,ID|Speaker|Japanese|English|Chinese|EnglishCensored|Korean|German
message,m08_t02_1001,Sheet1,31,8,ID|Speaker|Japanese|English|Chinese|EnglishCensored|Korean|German
message,m08_t05_0201,Sheet1,38,8,ID|Speaker|Japanese|English|Chinese|EnglishCensored|Korean|German
message,m08_t05_0301,Sheet1,45,8,ID|Speaker|Japanese|English|Chinese|EnglishCensored|Korean|German
message,m08_t05_0401,Sheet1,18,8,ID|Speaker|Japanese|English|Chinese|EnglishCensored|Korean|German
message,m08_t05_0501,Sheet1,48,8,ID|Speaker|Japanese|English|Chinese|EnglishCensored|Korean|German
message,m08_t05_0601,Sheet1,10,8,ID|Speaker|Japanese|English|Chinese|EnglishCensored|Korean|German
message,m08_t05_1701,Sheet1,10,8,ID|Speaker|Japanese|English|Chinese|EnglishCensored|Korean|German
message,m08_t06_1301,Sheet1,20,8,ID|Speaker|Japanese|English|Chinese|EnglishCensored|Korean|German
message,m08_t06_1601,Sheet1,41,8,ID|Speaker|Japanese|English|Chinese|EnglishCensored|Korean|German
message,m08_t24_0101,Sheet1,19,8,ID|Speaker|Japanese|English|Chinese|EnglishCensored|Korean|German
message,m09_d18_0501,Sheet1,24,8,ID|Speaker|Japanese|English|Chinese|EnglishCensored|Korean|German
message,m09_d18_0701,Sheet1,7,8,ID|Speaker|Japanese|English|Chinese|EnglishCensored|Korean|German
message,m09_d18_1101,Sheet1,4,8,ID|Speaker|Japanese|English|Chinese|EnglishCensored|Korean|German
message,m09_d18_1201,Sheet1,21,8,ID|Speaker|Japanese|English|Chinese|EnglishCensored|Korean|German
message,m09_d18_1401,Sheet1,5,8,ID|Speaker|Japanese|English|Chinese|EnglishCensored|Korean|German
message,m09_t05_0101,Sheet1,72,8,ID|Speaker|Japanese|English|Chinese|EnglishCensored|Korean|German
message,m09_t05_2101,Sheet1,69,8,ID|Speaker|Japanese|English|Chinese|EnglishCensored|Korean|German
message,m09_t05_2201,Sheet1,15,8,ID|Speaker|Japanese|English|Chinese|EnglishCensored|Korean|German
message,m09_t24_0201,Sheet1,12,8,ID|Speaker|Japanese|English|Chinese|EnglishCensored|Korean|German
message,m09_t24_0301,Sheet1,25,8,ID|Speaker|Japanese|English|Chinese|EnglishCensored|Korean|German
message,m09_t24_0401,Sheet1,8,8,ID|Speaker|Japanese|English|Chinese|EnglishCensored|Korean|German
message,m09_t24_0601,Sheet1,1,8,ID|Speaker|Japanese|English|Chinese|EnglishCensored|Korean|German
message,m09_t24_1301,Sheet1,4,8,ID|Speaker|Japanese|English|Chinese|EnglishCensored|Korean|German
message,m09_t24_1501,Sheet1,2,8,ID|Speaker|Japanese|English|Chinese|EnglishCensored|Korean|German
message,m09_t24_1502,Sheet1,5,8,ID|Speaker|Japanese|English|Chinese|EnglishCensored|Korean|German
message,m09_t24_1503,Sheet1,11,8,ID|Speaker|Japanese|English|Chinese|EnglishCensored|Korean|German
message,m09_t24_1701,Sheet1,9,8,ID|Speaker|Japanese|English|Chinese|EnglishCensored|Korean|German
message,m09_t24_1801,Sheet1,42,8,ID|Speaker|Japanese|English|Chinese|EnglishCensored|Korean|German
message,m09_t24_2001,Sheet1,14,8,ID|Speaker|Japanese|English|Chinese|EnglishCensored|Korean|German
message,m10_d03_0101,Sheet1,21,8,ID|Speaker|Japanese|English|Chinese|EnglishCensored|Korean|German
message,m10_d20_0801,Sheet1,2,8,ID|Speaker|Japanese|English|Chinese|EnglishCensored|Korean|German
message,m10_d20_0901,Sheet1,27,8,ID|Speaker|Japanese|English|Chinese|EnglishCensored|Korean|German
message,m10_d20_1001,Sheet1,50,8,ID|Speaker|Japanese|English|Chinese|EnglishCensored|Korean|German
message,m10_d20_1101,Sheet1,4,8,ID|Speaker|Japanese|English|Chinese|EnglishCensored|Korean|German
message,m10_d20_1201,Sheet1,21,8,ID|Speaker|Japanese|English|Chinese|EnglishCensored|Korean|German
message,m10_d20_1401,Sheet1,12,8,ID|Speaker|Japanese|English|Chinese|EnglishCensored|Korean|German
message,m10_d20_1501,Sheet1,4,8,ID|Speaker|Japanese|English|Chinese|EnglishCensored|Korean|German
message,m10_d20_1701,Sheet1,35,8,ID|Speaker|Japanese|English|Chinese|EnglishCensored|Korean|German
message,m10_d20_1801,Sheet1,21,8,ID|Speaker|Japanese|English|Chinese|EnglishCensored|Korean|German
message,m10_d20_2101,Sheet1,29,8,ID|Speaker|Japanese|English|Chinese|EnglishCensored|Korean|German
message,m10_e00_0701,Sheet1,12,8,ID|Speaker|Japanese|English|Chinese|EnglishCensored|Korean|German
message,m10_t03_2001,Sheet1,8,8,ID|Speaker|Japanese|English|Chinese|EnglishCensored|Korean|German
message,m10_t05_0201,Sheet1,7,8,ID|Speaker|Japanese|English|Chinese|EnglishCensored|Korean|German
message,m10_t05_0601,Sheet1,38,8,ID|Speaker|Japanese|English|Chinese|EnglishCensored|Korean|German
message,m10_t10_1901,Sheet1,29,8,ID|Speaker|Japanese|English|Chinese|EnglishCensored|Korean|German
message,m10_t21_0301,Sheet1,15,8,ID|Speaker|Japanese|English|Chinese|EnglishCensored|Korean|German
message,m10_t21_0401,Sheet1,48,8,ID|Speaker|Japanese|English|Chinese|EnglishCensored|Korean|German
message,m10_t24_0501,Sheet1,21,8,ID|Speaker|Japanese|English|Chinese|EnglishCensored|Korean|German
message,m11_d03_0201,Sheet1,72,8,ID|Speaker|Japanese|English|Chinese|EnglishCensored|Korean|German
message,m11_d03_0801,Sheet1,27,8,ID|Speaker|Japanese|English|Chinese|EnglishCensored|Korean|German
message,m11_d17_0501,Sheet1,12,8,ID|Speaker|Japanese|English|Chinese|EnglishCensored|Korean|German
message,m11_d17_0601,Sheet1,41,8,ID|Speaker|Japanese|English|Chinese|EnglishCensored|Korean|German
message,m11_d24_2101,Sheet1,8,8,ID|Speaker|Japanese|English|Chinese|EnglishCensored|Korean|German
message,m11_d24_2201,Sheet1,9,8,ID|Speaker|Japanese|English|Chinese|EnglishCensored|Korean|German
message,m11_d24_2301,Sheet1,4,8,ID|Speaker|Japanese|English|Chinese|EnglishCensored|Korean|German
message,m11_d24_2401,Sheet1,26,8,ID|Speaker|Japanese|English|Chinese|EnglishCensored|Korean|German
message,m11_t05_0101,Sheet1,24,8,ID|Speaker|Japanese|English|Chinese|EnglishCensored|Korean|German
message,m11_t05_0301,Sheet1,86,8,ID|Speaker|Japanese|English|Chinese|EnglishCensored|Korean|German
message,m11_t10_0701,Sheet1,22,8,ID|Speaker|Japanese|English|Chinese|EnglishCensored|Korean|German
message,m11_t10_1001,Sheet1,3,8,ID|Speaker|Japanese|English|Chinese|EnglishCensored|Korean|German
message,m11_t10_1003,Sheet1,15,8,ID|Speaker|Japanese|English|Chinese|EnglishCensored|Korean|German
message,m11_t10_1101,Sheet1,4,8,ID|Speaker|Japanese|English|Chinese|EnglishCensored|Korean|German
message,m11_t10_1301,Sheet1,5,8,ID|Speaker|Japanese|English|Chinese|EnglishCensored|Korean|German
message,m11_t10_1501,Sheet1,8,8,ID|Speaker|Japanese|English|Chinese|EnglishCensored|Korean|German
message,m11_t10_1601,Sheet1,8,8,ID|Speaker|Japanese|English|Chinese|EnglishCensored|Korean|German
message,m11_t10_1702,Sheet1,5,8,ID|Speaker|Japanese|English|Chinese|EnglishCensored|Korean|German
message,m11_t10_1801,Sheet1,14,8,ID|Speaker|Japanese|English|Chinese|EnglishCensored|Korean|German
message,m11_t10_2701,Sheet1,15,8,ID|Speaker|Japanese|English|Chinese|EnglishCensored|Korean|German
message,m12_d22_0301,Sheet1,3,8,ID|Speaker|Japanese|English|Chinese|EnglishCensored|Korean|German
message,m12_d22_0401,Sheet1,4,8,ID|Speaker|Japanese|English|Chinese|EnglishCensored|Korean|German
message,m12_d90_0701,Sheet1,9,8,ID|Speaker|Japanese|English|Chinese|EnglishCensored|Korean|German
message,m12_e00_0101,Sheet1,6,8,ID|Speaker|Japanese|English|Chinese|EnglishCensored|Korean|German
message,m12_e00_0501,Sheet1,31,8,ID|Speaker|Japanese|English|Chinese|EnglishCensored|Korean|German
message,m12_t05_0801,Sheet1,127,8,ID|Speaker|Japanese|English|Chinese|EnglishCensored|Korean|German
message,m13_d92_0301,Sheet1,10,8,ID|Speaker|Japanese|English|Chinese|EnglishCensored|Korean|German
message,m13_t05_0101,Sheet1,22,8,ID|Speaker|Japanese|English|Chinese|EnglishCensored|Korean|German
message,m13_t05_0201,Sheet1,41,8,ID|Speaker|Japanese|English|Chinese|EnglishCensored|Korean|German
message,m13_t05_0501,Sheet1,16,8,ID|Speaker|Japanese|English|Chinese|EnglishCensored|Korean|German
message,m13_t21_0401,Sheet1,37,8,ID|Speaker|Japanese|English|Chinese|EnglishCensored|Korean|German
message,m14_d01_1701,Sheet1,14,8,ID|Speaker|Japanese|English|Chinese|EnglishCensored|Korean|German
message,m14_d01_1801,Sheet1,2,8,ID|Speaker|Japanese|English|Chinese|EnglishCensored|Korean|German
message,m14_d01_1901,Sheet1,61,8,ID|Speaker|Japanese|English|Chinese|EnglishCensored|Korean|German
message,m14_d01_2201,Sheet1,47,8,ID|Speaker|Japanese|English|Chinese|EnglishCensored|Korean|German
message,m14_d21_1001,Sheet1,5,8,ID|Speaker|Japanese|English|Chinese|EnglishCensored|Korean|German
message,m14_d21_1101,Sheet1,4,8,ID|Speaker|Japanese|English|Chinese|EnglishCensored|Korean|German
message,m14_d90_1501,Sheet1,3,8,ID|Speaker|Japanese|English|Chinese|EnglishCensored|Korean|German
message,m14_d90_1601,Sheet1,7,8,ID|Speaker|Japanese|English|Chinese|EnglishCensored|Korean|German
message,m14_d91_0201,Sheet1,37,8,ID|Speaker|Japanese|English|Chinese|EnglishCensored|Korean|German
message,m14_d91_0301,Sheet1,28,8,ID|Speaker|Japanese|English|Chinese|EnglishCensored|Korean|German
message,m14_d92_0101,Sheet1,44,8,ID|Speaker|Japanese|English|Chinese|EnglishCensored|Korean|German
message,m14_t04_0501,Sheet1,5,8,ID|Speaker|Japanese|English|Chinese|EnglishCensored|Korean|German
message,m14_t04_0601,Sheet1,18,8,ID|Speaker|Japanese|English|Chinese|EnglishCensored|Korean|German
message,m14_t04_0701,Sheet1,7,8,ID|Speaker|Japanese|English|Chinese|EnglishCensored|Korean|German
message,m14_t04_0801,Sheet1,13,8,ID|Speaker|Japanese|English|Chinese|EnglishCensored|Korean|German
message,m14_t05_0401,Sheet1,14,8,ID|Speaker|Japanese|English|Chinese|EnglishCensored|Korean|German
message,m14_t09_1401,Sheet1,13,8,ID|Speaker|Japanese|English|Chinese|EnglishCensored|Korean|German
message,m14_t10_0901,Sheet1,22,8,ID|Speaker|Japanese|English|Chinese|EnglishCensored|Korean|German
message,m14_t10_1301,Sheet1,60,8,ID|Speaker|Japanese|English|Chinese|EnglishCensored|Korean|German
message,m15_d01_1901,Sheet1,4,8,ID|Speaker|Japanese|English|Chinese|EnglishCensored|Korean|German
message,m15_d01_2001,Sheet1,4,8,ID|Speaker|Japanese|English|Chinese|EnglishCensored|Korean|German
message,m15_d01_2003,Sheet1,4,8,ID|Speaker|Japanese|English|Chinese|EnglishCensored|Korean|German
message,m15_d01_2101,Sheet1,17,8,ID|Speaker|Japanese|English|Chinese|EnglishCensored|Korean|German
message,m15_d11_0201,Sheet1,58,8,ID|Speaker|Japanese|English|Chinese|EnglishCensored|Korean|German
message,m15_d11_0301,Sheet1,7,8,ID|Speaker|Japanese|English|Chinese|EnglishCensored|Korean|German
message,m15_d12_0801,Sheet1,1,8,ID|Speaker|Japanese|English|Chinese|EnglishCensored|Korean|German
message,m15_d12_0901,Sheet1,21,8,ID|Speaker|Japanese|English|Chinese|EnglishCensored|Korean|German
message,m15_d12_1001,Sheet1,9,8,ID|Speaker|Japanese|English|Chinese|EnglishCensored|Korean|German
message,m15_d12_1002,Sheet1,1,8,ID|Speaker|Japanese|English|Chinese|EnglishCensored|Korean|German
message,m15_d12_1003,Sheet1,17,8,ID|Speaker|Japanese|English|Chinese|EnglishCensored|Korean|German
message,m15_d15_2901,Sheet1,2,8,ID|Speaker|Japanese|English|Chinese|EnglishCensored|Korean|German
message,m15_d15_3001,Sheet1,17,8,ID|Speaker|Japanese|English|Chinese|EnglishCensored|Korean|German
message,m15_d15_3101,Sheet1,12,8,ID|Speaker|Japanese|English|Chinese|EnglishCensored|Korean|German
message,m15_d94_0501,Sheet1,11,8,ID|Speaker|Japanese|English|Chinese|EnglishCensored|Korean|German
message,m15_d94_0601,Sheet1,31,8,ID|Speaker|Japanese|English|Chinese|EnglishCensored|Korean|German
message,m15_d94_0701,Sheet1,1,8,ID|Speaker|Japanese|English|Chinese|EnglishCensored|Korean|German
message,m15_t05_0101,Sheet1,23,8,ID|Speaker|Japanese|English|Chinese|EnglishCensored|Korean|German
message,m15_t05_0401,Sheet1,7,8,ID|Speaker|Japanese|English|Chinese|EnglishCensored|Korean|German
message,m15_t05_1101,Sheet1,4,8,ID|Speaker|Japanese|English|Chinese|EnglishCensored|Korean|German
message,m15_t05_1401,Sheet1,26,8,ID|Speaker|Japanese|English|Chinese|EnglishCensored|Korean|German
message,m15_t05_1501,Sheet1,9,8,ID|Speaker|Japanese|English|Chinese|EnglishCensored|Korean|German
message,m15_t05_2701,Sheet1,10,8,ID|Speaker|Japanese|English|Chinese|EnglishCensored|Korean|German
message,m15_t05_2801,Sheet1,9,8,ID|Speaker|Japanese|English|Chinese|EnglishCensored|Korean|German
message,m15_t12_1801,Sheet1,37,8,ID|Speaker|Japanese|English|Chinese|EnglishCensored|Korean|German
message,m15_t12_2201,Sheet1,14,8,ID|Speaker|Japanese|English|Chinese|EnglishCensored|Korean|German
message,m15_t21_1301,Sheet1,4,8,ID|Speaker|Japanese|English|Chinese|EnglishCensored|Korean|German
message,m15_t21_2401,Sheet1,19,8,ID|Speaker|Japanese|English|Chinese|EnglishCensored|Korean|German
message,m15_t21_2601,Sheet1,22,8,ID|Speaker|Japanese|English|Chinese|EnglishCensored|Korean|German
message,m15_t30_1701,Sheet1,2,8,ID|Speaker|Japanese|English|Chinese|EnglishCensored|Korean|German
message,m15_t30_1702,Sheet1,3,8,ID|Speaker|Japanese|English|Chinese|EnglishCensored|Korean|German
message,m15_t30_2301,Sheet1,33,8,ID|Speaker|Japanese|English|Chinese|EnglishCensored|Korean|German
message,m16_d02_0701,Sheet1,4,8,ID|Speaker|Japanese|English|Chinese|EnglishCensored|Korean|German
message,m16_d07_0801,Sheet1,77,8,ID|Speaker|Japanese|English|Chinese|EnglishCensored|Korean|German
message,m16_d07_0901,Sheet1,11,8,ID|Speaker|Japanese|English|Chinese|EnglishCensored|Korean|German
message,m16_d07_1001,Sheet1,12,8,ID|Speaker|Japanese|English|Chinese|EnglishCensored|Korean|German
message,m16_d07_1101,Sheet1,41,8,ID|Speaker|Japanese|English|Chinese|EnglishCensored|Korean|German
message,m16_d07_1201,Sheet1,40,8,ID|Speaker|Japanese|English|Chinese|EnglishCensored|Korean|German
message,m16_d16_0201,Sheet1,7,8,ID|Speaker|Japanese|English|Chinese|EnglishCensored|Korean|German
message,m16_d16_0301,Sheet1,5,8,ID|Speaker|Japanese|English|Chinese|EnglishCensored|Korean|German
message,m16_d16_0401,Sheet1,42,8,ID|Speaker|Japanese|English|Chinese|EnglishCensored|Korean|German
message,m16_d16_0501,Sheet1,30,8,ID|Speaker|Japanese|English|Chinese|EnglishCensored|Korean|German
message,m16_d16_1501,Sheet1,27,8,ID|Speaker|Japanese|English|Chinese|EnglishCensored|Korean|German
message,m16_d16_1601,Sheet1,19,8,ID|Speaker|Japanese|English|Chinese|EnglishCensored|Korean|German
message,m16_t05_0101,Sheet1,47,8,ID|Speaker|Japanese|English|Chinese|EnglishCensored|Korean|German
message,m16_t05_0601,Sheet1,64,8,ID|Speaker|Japanese|English|Chinese|EnglishCensored|Korean|German
message,m16_t05_1301,Sheet1,34,8,ID|Speaker|Japanese|English|Chinese|EnglishCensored|Korean|German
message,m16_t05_1401,Sheet1,11,8,ID|Speaker|Japanese|English|Chinese|EnglishCensored|Korean|German
message,m17_d08_0701,Sheet1,10,8,ID|Speaker|Japanese|English|Chinese|EnglishCensored|Korean|German
message,m17_d08_0801,Sheet1,8,8,ID|Speaker|Japanese|English|Chinese|EnglishCensored|Korean|German
message,m17_d08_0901,Sheet1,5,8,ID|Speaker|Japanese|English|Chinese|EnglishCensored|Korean|German
message,m17_d13_0301,Sheet1,46,8,ID|Speaker|Japanese|English|Chinese|EnglishCensored|Korean|German
message,m17_d13_0401,Sheet1,8,8,ID|Speaker|Japanese|English|Chinese|EnglishCensored|Korean|German
message,m17_d13_0501,Sheet1,2,8,ID|Speaker|Japanese|English|Chinese|EnglishCensored|Korean|German
message,m17_d13_0601,Sheet1,3,8,ID|Speaker|Japanese|English|Chinese|EnglishCensored|Korean|German
message,m17_d91_0201,Sheet1,6,8,ID|Speaker|Japanese|English|Chinese|EnglishCensored|Korean|German
message,m17_t05_0101,Sheet1,31,8,ID|Speaker|Japanese|English|Chinese|EnglishCensored|Korean|German
message,m18_d02_0801,Sheet1,15,8,ID|Speaker|Japanese|English|Chinese|EnglishCensored|Korean|German
message,m18_d08_0201,Sheet1,15,8,ID|Speaker|Japanese|English|Chinese|EnglishCensored|Korean|German
message,m18_d08_0301,Sheet1,9,8,ID|Speaker|Japanese|English|Chinese|EnglishCensored|Korean|German
message,m18_d08_0401,Sheet1,67,8,ID|Speaker|Japanese|English|Chinese|EnglishCensored|Korean|German
message,m18_d08_0402,Sheet1,2,8,ID|Speaker|Japanese|English|Chinese|EnglishCensored|Korean|German
message,m18_d08_0701,Sheet1,4,8,ID|Speaker|Japanese|English|Chinese|EnglishCensored|Korean|German
message,m18_d22_0601,Sheet1,63,8,ID|Speaker|Japanese|English|Chinese|EnglishCensored|Korean|German
message,m18_d27_1001,Sheet1,41,8,ID|Speaker|Japanese|English|Chinese|EnglishCensored|Korean|German
message,m18_d27_1101,Sheet1,14,8,ID|Speaker|Japanese|English|Chinese|EnglishCensored|Korean|German
message,m18_d27_1201,Sheet1,36,8,ID|Speaker|Japanese|English|Chinese|EnglishCensored|Korean|German
message,m18_t05_0101,Sheet1,46,8,ID|Speaker|Japanese|English|Chinese|EnglishCensored|Korean|German
message,m18_t05_0102,Sheet1,2,8,ID|Speaker|Japanese|English|Chinese|EnglishCensored|Korean|German
message,m18_t05_0501,Sheet1,2,8,ID|Speaker|Japanese|English|Chinese|EnglishCensored|Korean|German
message,m19_d14_0501,Sheet1,5,8,ID|Speaker|Japanese|English|Chinese|EnglishCensored|Korean|German
message,m19_d14_0701,Sheet1,12,8,ID|Speaker|Japanese|English|Chinese|EnglishCensored|Korean|German
message,m19_d14_0801,Sheet1,8,8,ID|Speaker|Japanese|English|Chinese|EnglishCensored|Korean|German
message,m19_d14_0901,Sheet1,15,8,ID|Speaker|Japanese|English|Chinese|EnglishCensored|Korean|German
message,m19_d14_1001,Sheet1,7,8,ID|Speaker|Japanese|English|Chinese|EnglishCensored|Korean|German
message,m19_d14_1201,Sheet1,10,8,ID|Speaker|Japanese|English|Chinese|EnglishCensored|Korean|German
message,m19_d14_1501,Sheet1,28,8,ID|Speaker|Japanese|English|Chinese|EnglishCensored|Korean|German
message,m19_d14_1701,Sheet1,68,8,ID|Speaker|Japanese|English|Chinese|EnglishCensored|Korean|German
message,m19_d14_1801,Sheet1,68,8,ID|Speaker|Japanese|English|Chinese|EnglishCensored|Korean|German
message,m19_d14_1901,Sheet1,4,8,ID|Speaker|Japanese|English|Chinese|EnglishCensored|Korean|German
message,m19_d14_2201,Sheet1,70,8,ID|Speaker|Japanese|English|Chinese|EnglishCensored|Korean|German
message,m19_d14_2301,Sheet1,10,8,ID|Speaker|Japanese|English|Chinese|EnglishCensored|Korean|German
message,m19_d14_2401,Sheet1,2,8,ID|Speaker|Japanese|English|Chinese|EnglishCensored|Korean|German
message,m19_d24_1301,Sheet1,5,8,ID|Speaker|Japanese|English|Chinese|EnglishCensored|Korean|German
message,m19_d24_1302,Sheet1,5,8,ID|Speaker|Japanese|English|Chinese|EnglishCensored|Korean|German
message,m19_d24_1303,Sheet1,6,8,ID|Speaker|Japanese|English|Chinese|EnglishCensored|Korean|German
message,m19_d24_1401,Sheet1,2,8,ID|Speaker|Japanese|English|Chinese|EnglishCensored|Korean|German
message,m19_t05_0101,Sheet1,11,8,ID|Speaker|Japanese|English|Chinese|EnglishCensored|Korean|German
message,m19_t05_0301,Sheet1,59,8,ID|Speaker|Japanese|English|Chinese|EnglishCensored|Korean|German
message,m19_t05_0401,Sheet1,46,8,ID|Speaker|Japanese|English|Chinese|EnglishCensored|Korean|German
message,m19_t10_2001,Sheet1,4,8,ID|Speaker|Japanese|English|Chinese|EnglishCensored|Korean|German
message,m19_t22_0201,Sheet1,7,8,ID|Speaker|Japanese|English|Chinese|EnglishCensored|Korean|German
message,m20_d22_1601,Sheet1,52,8,ID|Speaker|Japanese|English|Chinese|EnglishCensored|Korean|German
message,m20_d22_1701,Sheet1,7,8,ID|Speaker|Japanese|English|Chinese|EnglishCensored|Korean|German
message,m20_d23_0101,Sheet1,5,8,ID|Speaker|Japanese|English|Chinese|EnglishCensored|Korean|German
message,m20_d23_0201,Sheet1,21,8,ID|Speaker|Japanese|English|Chinese|EnglishCensored|Korean|German
message,m20_d23_0301,Sheet1,8,8,ID|Speaker|Japanese|English|Chinese|EnglishCensored|Korean|German
message,m20_d23_0401,Sheet1,14,8,ID|Speaker|Japanese|English|Chinese|EnglishCensored|Korean|German
message,m20_d23_0501,Sheet1,12,8,ID|Speaker|Japanese|English|Chinese|EnglishCensored|Korean|German
message,m20_d23_0601,Sheet1,7,8,ID|Speaker|Japanese|English|Chinese|EnglishCensored|Korean|German
message,m20_d23_0701,Sheet1,7,8,ID|Speaker|Japanese|English|Chinese|EnglishCensored|Korean|German
message,m20_d23_1101,Sheet1,44,8,ID|Speaker|Japanese|English|Chinese|EnglishCensored|Korean|German
message,m20_d23_1103,Sheet1,42,8,ID|Speaker|Japanese|English|Chinese|EnglishCensored|Korean|German
message,m20_d23_1301,Sheet1,16,8,ID|Speaker|Japanese|English|Chinese|EnglishCensored|Korean|German
message,m20_d23_1501,Sheet1,20,8,ID|Speaker|Japanese|English|Chinese|EnglishCensored|Korean|German
message,m20_d24_0801,Sheet1,1,8,ID|Speaker|Japanese|English|Chinese|EnglishCensored|Korean|German
message,m20_d24_0901,Sheet1,4,8,ID|Speaker|Japanese|English|Chinese|EnglishCensored|Korean|German
message,m20_d24_0902,Sheet1,4,8,ID|Speaker|Japanese|English|Chinese|EnglishCensored|Korean|German
message,m20_d24_0903,Sheet1,9,8,ID|Speaker|Japanese|English|Chinese|EnglishCensored|Korean|German
message,m20_d24_1001,Sheet1,2,8,ID|Speaker|Japanese|English|Chinese|EnglishCensored|Korean|German
message,m20_d24_1401,Sheet1,55,8,ID|Speaker|Japanese|English|Chinese|EnglishCensored|Korean|German
message,m20_e03_1801,Sheet1,12,8,ID|Speaker|Japanese|English|Chinese|EnglishCensored|Korean|German
message,m21_e04_0301,Sheet1,43,8,ID|Speaker|Japanese|English|Chinese|EnglishCensored|Korean|German
message,m21_t01_0105,Sheet1,11,8,ID|Speaker|Japanese|English|Chinese|EnglishCensored|Korean|German
message,m21_t01_0501,Sheet1,10,8,ID|Speaker|Japanese|English|Chinese|EnglishCensored|Korean|German
message,m21_t02_0102,Sheet1,5,8,ID|Speaker|Japanese|English|Chinese|EnglishCensored|Korean|German
message,m21_t03_0101,Sheet1,4,8,ID|Speaker|Japanese|English|Chinese|EnglishCensored|Korean|German
message,m21_t04_0201,Sheet1,35,8,ID|Speaker|Japanese|English|Chinese|EnglishCensored|Korean|German
message,m21_t05_0103,Sheet1,8,8,ID|Speaker|Japanese|English|Chinese|EnglishCensored|Korean|German
message,m21_t06_0104,Sheet1,7,8,ID|Speaker|Japanese|English|Chinese|EnglishCensored|Korean|German
message,m21_t10_0107,Sheet1,13,8,ID|Speaker|Japanese|English|Chinese|EnglishCensored|Korean|German
message,m51_d02_0401,Sheet1,42,8,ID|Speaker|Japanese|English|Chinese|EnglishCensored|Korean|German
message,m51_d02_0402,Sheet1,1,8,ID|Speaker|Japanese|English|Chinese|EnglishCensored|Korean|German
message,m51_d02_0501,Sheet1,38,8,ID|Speaker|Japanese|English|Chinese|EnglishCensored|Korean|German
message,m51_d02_1201,Sheet1,42,8,ID|Speaker|Japanese|English|Chinese|EnglishCensored|Korean|German
message,m51_d02_1301,Sheet1,3,8,ID|Speaker|Japanese|English|Chinese|EnglishCensored|Korean|German
message,m51_d02_1401,Sheet1,37,8,ID|Speaker|Japanese|English|Chinese|EnglishCensored|Korean|German
message,m51_d02_1501,Sheet1,27,8,ID|Speaker|Japanese|English|Chinese|EnglishCensored|Korean|German
message,m51_d02_1601,Sheet1,28,8,ID|Speaker|Japanese|English|Chinese|EnglishCensored|Korean|German
message,m51_d122_0801,Sheet1,2,8,ID|Speaker|Japanese|English|Chinese|EnglishCensored|Korean|German
message,m51_d122_0901,Sheet1,45,8,ID|Speaker|Japanese|English|Chinese|EnglishCensored|Korean|German
message,m51_d122_1001,Sheet1,42,8,ID|Speaker|Japanese|English|Chinese|EnglishCensored|Korean|German
message,m51_d122_1101,Sheet1,19,8,ID|Speaker|Japanese|English|Chinese|EnglishCensored|Korean|German
message,m51_e00_0301,Sheet1,7,8,ID|Speaker|Japanese|English|Chinese|EnglishCensored|Korean|German
message,m51_e00_0601,Sheet1,17,8,ID|Speaker|Japanese|English|Chinese|EnglishCensored|Korean|German
message,m51_t05_0701,Sheet1,18,8,ID|Speaker|Japanese|English|Chinese|EnglishCensored|Korean|German
message,m52_d02_1701,Sheet1,5,8,ID|Speaker|Japanese|English|Chinese|EnglishCensored|Korean|German
message,m52_d02_1801,Sheet1,10,8,ID|Speaker|Japanese|English|Chinese|EnglishCensored|Korean|German
message,m52_d02_2101,Sheet1,32,8,ID|Speaker|Japanese|English|Chinese|EnglishCensored|Korean|German
message,m52_d02_2201,Sheet1,81,8,ID|Speaker|Japanese|English|Chinese|EnglishCensored|Korean|German
message,m52_t20_1201,Sheet1,4,8,ID|Speaker|Japanese|English|Chinese|EnglishCensored|Korean|German
message,m52_t20_1301,Sheet1,35,8,ID|Speaker|Japanese|English|Chinese|EnglishCensored|Korean|German
message,m52_t20_1401,Sheet1,24,8,ID|Speaker|Japanese|English|Chinese|EnglishCensored|Korean|German
message,m52_t20_1501,Sheet1,7,8,ID|Speaker|Japanese|English|Chinese|EnglishCensored|Korean|German
message,m52_t20_1601,Sheet1,12,8,ID|Speaker|Japanese|English|Chinese|EnglishCensored|Korean|German
message,m52_t30_1901,Sheet1,24,8,ID|Speaker|Japanese|English|Chinese|EnglishCensored|Korean|German
message,m52_t30_2001,Sheet1,21,8,ID|Speaker|Japanese|English|Chinese|EnglishCensored|Korean|German
message,m52_t50_0101,Sheet1,2,8,ID|Speaker|Japanese|English|Chinese|EnglishCensored|Korean|German
message,m52_t50_0201,Sheet1,3,8,ID|Speaker|Japanese|English|Chinese|EnglishCensored|Korean|German
message,m52_t50_0301,Sheet1,97,8,ID|Speaker|Japanese|English|Chinese|EnglishCensored|Korean|German
message,m52_t50_0401,Sheet1,36,8,ID|Speaker|Japanese|English|Chinese|EnglishCensored|Korean|German
message,m52_t50_0701,Sheet1,12,8,ID|Speaker|Japanese|English|Chinese|EnglishCensored|Korean|German
message,m52_t50_1101,Sheet1,11,8,ID|Speaker|Japanese|English|Chinese|EnglishCensored|Korean|German
message,m53_d02_1001,Sheet1,17,8,ID|Speaker|Japanese|English|Chinese|EnglishCensored|Korean|German
message,m53_d02_1101,Sheet1,19,8,ID|Speaker|Japanese|English|Chinese|EnglishCensored|Korean|German
message,m53_d02_1201,Sheet1,14,8,ID|Speaker|Japanese|English|Chinese|EnglishCensored|Korean|German
message,m53_d09_0801,Sheet1,28,8,ID|Speaker|Japanese|English|Chinese|EnglishCensored|Korean|German
message,m53_d09_0901,Sheet1,36,8,ID|Speaker|Japanese|English|Chinese|EnglishCensored|Korean|German
message,m53_d124_1401,Sheet1,13,8,ID|Speaker|Japanese|English|Chinese|EnglishCensored|Korean|German
message,m53_d124_1501,Sheet1,9,8,ID|Speaker|Japanese|English|Chinese|EnglishCensored|Korean|German
message,m53_d124_1601,Sheet1,29,8,ID|Speaker|Japanese|English|Chinese|EnglishCensored|Korean|German
message,m53_d124_1701,Sheet1,23,8,ID|Speaker|Japanese|English|Chinese|EnglishCensored|Korean|German
message,m53_t01_0101,Sheet1,58,8,ID|Speaker|Japanese|English|Chinese|EnglishCensored|Korean|German
message,m53_t20_0601,Sheet1,3,8,ID|Speaker|Japanese|English|Chinese|EnglishCensored|Korean|German
message,m53_t21_0701,Sheet1,21,8,ID|Speaker|Japanese|English|Chinese|EnglishCensored|Korean|German
message,m53_t50_0201,Sheet1,14,8,ID|Speaker|Japanese|English|Chinese|EnglishCensored|Korean|German
message,m53_t50_0301,Sheet1,35,8,ID|Speaker|Japanese|English|Chinese|EnglishCensored|Korean|German
message,m53_t50_0401,Sheet1,20,8,ID|Speaker|Japanese|English|Chinese|EnglishCensored|Korean|German
message,m53_t50_0402,Sheet1,41,8,ID|Speaker|Japanese|English|Chinese|EnglishCensored|Korean|German
message,m53_t50_0501,Sheet1,35,8,ID|Speaker|Japanese|English|Chinese|EnglishCensored|Korean|German
message,m53_t50_1301,Sheet1,41,8,ID|Speaker|Japanese|English|Chinese|EnglishCensored|Korean|German
message,m53_t50_1801,Sheet1,12,8,ID|Speaker|Japanese|English|Chinese|EnglishCensored|Korean|German
message,m53_t50_1901,Sheet1,20,8,ID|Speaker|Japanese|English|Chinese|EnglishCensored|Korean|German
message,m53_t50_2001,Sheet1,5,8,ID|Speaker|Japanese|English|Chinese|EnglishCensored|Korean|German
message,m54_d01_0601,Sheet1,34,8,ID|Speaker|Japanese|English|Chinese|EnglishCensored|Korean|German
message,m54_d01_0701,Sheet1,17,8,ID|Speaker|Japanese|English|Chinese|EnglishCensored|Korean|German
message,m54_d02_1701,Sheet1,23,8,ID|Speaker|Japanese|English|Chinese|EnglishCensored|Korean|German
message,m54_d02_1801,Sheet1,44,8,ID|Speaker|Japanese|English|Chinese|EnglishCensored|Korean|German
message,m54_d02_1901,Sheet1,92,8,ID|Speaker|Japanese|English|Chinese|EnglishCensored|Korean|German
message,m54_d03_1601,Sheet1,6,8,ID|Speaker|Japanese|English|Chinese|EnglishCensored|Korean|German
message,m54_d09_1401,Sheet1,59,8,ID|Speaker|Japanese|English|Chinese|EnglishCensored|Korean|German
message,m54_t01_0501,Sheet1,51,8,ID|Speaker|Japanese|English|Chinese|EnglishCensored|Korean|German
message,m54_t04_0801,Sheet1,27,8,ID|Speaker|Japanese|English|Chinese|EnglishCensored|Korean|German
message,m54_t04_0901,Sheet1,53,8,ID|Speaker|Japanese|English|Chinese|EnglishCensored|Korean|German
message,m54_t04_2201,Sheet1,3,8,ID|Speaker|Japanese|English|Chinese|EnglishCensored|Korean|German
message,m54_t20_1201,Sheet1,7,8,ID|Speaker|Japanese|English|Chinese|EnglishCensored|Korean|German
message,m54_t20_1301,Sheet1,17,8,ID|Speaker|Japanese|English|Chinese|EnglishCensored|Korean|German
message,m54_t50_0101,Sheet1,40,8,ID|Speaker|Japanese|English|Chinese|EnglishCensored|Korean|German
message,m54_t50_0201,Sheet1,3,8,ID|Speaker|Japanese|English|Chinese|EnglishCensored|Korean|German
message,m54_t50_0301,Sheet1,21,8,ID|Speaker|Japanese|English|Chinese|EnglishCensored|Korean|German
message,m54_t50_0401,Sheet1,23,8,ID|Speaker|Japanese|English|Chinese|EnglishCensored|Korean|German
message,m54_t50_1001,Sheet1,17,8,ID|Speaker|Japanese|English|Chinese|EnglishCensored|Korean|German
message,m54_t50_1101,Sheet1,15,8,ID|Speaker|Japanese|English|Chinese|EnglishCensored|Korean|German
message,m54_t50_1501,Sheet1,12,8,ID|Speaker|Japanese|English|Chinese|EnglishCensored|Korean|German
message,m54_t50_2001,Sheet1,15,8,ID|Speaker|Japanese|English|Chinese|EnglishCensored|Korean|German
message,m55_d18_1301,Sheet1,31,8,ID|Speaker|Japanese|English|Chinese|EnglishCensored|Korean|German
message,m55_d18_1401,Sheet1,30,8,ID|Speaker|Japanese|English|Chinese|EnglishCensored|Korean|German
message,m55_d18_1501,Sheet1,12,8,ID|Speaker|Japanese|English|Chinese|EnglishCensored|Korean|German
message,m55_d18_1601,Sheet1,8,8,ID|Speaker|Japanese|English|Chinese|EnglishCensored|Korean|German
message,m55_t02_1001,Sheet1,2,8,ID|Speaker|Japanese|English|Chinese|EnglishCensored|Korean|German
message,m55_t03_0301,Sheet1,47,8,ID|Speaker|Japanese|English|Chinese|EnglishCensored|Korean|German
message,m55_t03_0401,Sheet1,44,8,ID|Speaker|Japanese|English|Chinese|EnglishCensored|Korean|German
message,m55_t03_0501,Sheet1,24,8,ID|Speaker|Japanese|English|Chinese|EnglishCensored|Korean|German
message,m55_t03_0601,Sheet1,10,8,ID|Speaker|Japanese|English|Chinese|EnglishCensored|Korean|German
message,m55_t05_0701,Sheet1,105,8,ID|Speaker|Japanese|English|Chinese|EnglishCensored|Korean|German
message,m55_t20_1201,Sheet1,30,8,ID|Speaker|Japanese|English|Chinese|EnglishCensored|Korean|German
message,m55_t50_0101,Sheet1,25,8,ID|Speaker|Japanese|English|Chinese|EnglishCensored|Korean|German
message,m55_t50_0201,Sheet1,28,8,ID|Speaker|Japanese|English|Chinese|EnglishCensored|Korean|German
message,m55_t50_0801,Sheet1,24,8,ID|Speaker|Japanese|English|Chinese|EnglishCensored|Korean|German
message,m55_t50_1101,Sheet1,3,8,ID|Speaker|Japanese|English|Chinese|EnglishCensored|Korean|German
message,m55_t50_1701,Sheet1,21,8,ID|Speaker|Japanese|English|Chinese|EnglishCensored|Korean|German
message,m56_d02_0601,Sheet1,4,8,ID|Speaker|Japanese|English|Chinese|EnglishCensored|Korean|German
message,m56_d02_0701,Sheet1,18,8,ID|Speaker|Japanese|English|Chinese|EnglishCensored|Korean|German
message,m56_d02_0801,Sheet1,21,8,ID|Speaker|Japanese|English|Chinese|EnglishCensored|Korean|German
message,m56_d02_0901,Sheet1,21,8,ID|Speaker|Japanese|English|Chinese|EnglishCensored|Korean|German
message,m56_d03_0501,Sheet1,3,8,ID|Speaker|Japanese|English|Chinese|EnglishCensored|Korean|German
message,m56_d09_0401,Sheet1,12,8,ID|Speaker|Japanese|English|Chinese|EnglishCensored|Korean|German
message,m56_t04_1101,Sheet1,29,8,ID|Speaker|Japanese|English|Chinese|EnglishCensored|Korean|German
message,m56_t05_0101,Sheet1,4,8,ID|Speaker|Japanese|English|Chinese|EnglishCensored|Korean|German
message,m56_t50_0201,Sheet1,5,8,ID|Speaker|Japanese|English|Chinese|EnglishCensored|Korean|German
message,m57_d09_0401,Sheet1,74,8,ID|Speaker|Japanese|English|Chinese|EnglishCensored|Korean|German
message,m57_d09_0501,Sheet1,24,8,ID|Speaker|Japanese|English|Chinese|EnglishCensored|Korean|German
message,m57_t20_0301,Sheet1,26,8,ID|Speaker|Japanese|English|Chinese|EnglishCensored|Korean|German
message,m57_t50_0101,Sheet1,22,8,ID|Speaker|Japanese|English|Chinese|EnglishCensored|Korean|German
message,m57_t50_0201,Sheet1,5,8,ID|Speaker|Japanese|English|Chinese|EnglishCensored|Korean|German
message,m57_t50_0601,Sheet1,31,8,ID|Speaker|Japanese|English|Chinese|EnglishCensored|Korean|German
message,m58_d02_0701,Sheet1,17,8,ID|Speaker|Japanese|English|Chinese|EnglishCensored|Korean|German
message,m58_d02_0801,Sheet1,12,8,ID|Speaker|Japanese|English|Chinese|EnglishCensored|Korean|German
message,m58_d02_1201,Sheet1,5,8,ID|Speaker|Japanese|English|Chinese|EnglishCensored|Korean|German
message,m58_d125_1001,Sheet1,19,8,ID|Speaker|Japanese|English|Chinese|EnglishCensored|Korean|German
message,m58_d125_1401,Sheet1,21,8,ID|Speaker|Japanese|English|Chinese|EnglishCensored|Korean|German
message,m58_d125_1501,Sheet1,17,8,ID|Speaker|Japanese|English|Chinese|EnglishCensored|Korean|German
message,m58_t03_0301,Sheet1,35,8,ID|Speaker|Japanese|English|Chinese|EnglishCensored|Korean|German
message,m58_t03_1101,Sheet1,3,8,ID|Speaker|Japanese|English|Chinese|EnglishCensored|Korean|German
message,m58_t22_0501,Sheet1,22,8,ID|Speaker|Japanese|English|Chinese|EnglishCensored|Korean|German
message,m58_t25_0601,Sheet1,70,8,ID|Speaker|Japanese|English|Chinese|EnglishCensored|Korean|German
message,m58_t50_0001,Sheet1,14,8,ID|Speaker|Japanese|English|Chinese|EnglishCensored|Korean|German
message,m58_t50_0101,Sheet1,52,8,ID|Speaker|Japanese|English|Chinese|EnglishCensored|Korean|German
message,m58_t50_0201,Sheet1,7,8,ID|Speaker|Japanese|English|Chinese|EnglishCensored|Korean|German
message,m58_t50_0401,Sheet1,9,8,ID|Speaker|Japanese|English|Chinese|EnglishCensored|Korean|German
message,m58_t50_0901,Sheet1,55,8,ID|Speaker|Japanese|English|Chinese|EnglishCensored|Korean|German
message,m58_t50_1301,Sheet1,3,8,ID|Speaker|Japanese|English|Chinese|EnglishCensored|Korean|German
message,m59_d02_1401,Sheet1,18,8,ID|Speaker|Japanese|English|Chinese|EnglishCensored|Korean|German
message,m59_d03_0601,Sheet1,42,8,ID|Speaker|Japanese|English|Chinese|EnglishCensored|Korean|German
message,m59_d121_1001,Sheet1,7,8,ID|Speaker|Japanese|English|Chinese|EnglishCensored|Korean|German
message,m59_d121_1101,Sheet1,14,8,ID|Speaker|Japanese|English|Chinese|EnglishCensored|Korean|German
message,m59_d121_1102,Sheet1,10,8,ID|Speaker|Japanese|English|Chinese|EnglishCensored|Korean|German
message,m59_d121_1103,Sheet1,5,8,ID|Speaker|Japanese|English|Chinese|EnglishCensored|Korean|German
message,m59_d121_1104,Sheet1,4,8,ID|Speaker|Japanese|English|Chinese|EnglishCensored|Korean|German
message,m59_d121_1105,Sheet1,9,8,ID|Speaker|Japanese|English|Chinese|EnglishCensored|Korean|German
message,m59_d121_1201,Sheet1,41,8,ID|Speaker|Japanese|English|Chinese|EnglishCensored|Korean|German
message,m59_d121_1301,Sheet1,51,8,ID|Speaker|Japanese|English|Chinese|EnglishCensored|Korean|German
message,m59_t01_0201,Sheet1,5,8,ID|Speaker|Japanese|English|Chinese|EnglishCensored|Korean|German
message,m59_t05_0801,Sheet1,43,8,ID|Speaker|Japanese|English|Chinese|EnglishCensored|Korean|German
message,m59_t11_0501,Sheet1,27,8,ID|Speaker|Japanese|English|Chinese|EnglishCensored|Korean|German
message,m59_t24_0401,Sheet1,45,8,ID|Speaker|Japanese|English|Chinese|EnglishCensored|Korean|German
message,m59_t50_0510,Sheet1,3,8,ID|Speaker|Japanese|English|Chinese|EnglishCensored|Korean|German
message,m59_t50_0701,Sheet1,6,8,ID|Speaker|Japanese|English|Chinese|EnglishCensored|Korean|German
message,m59_t50_0901,Sheet1,19,8,ID|Speaker|Japanese|English|Chinese|EnglishCensored|Korean|German
message,m60_d02_0301,Sheet1,117,8,ID|Speaker|Japanese|English|Chinese|EnglishCensored|Korean|German
message,m60_d02_0401,Sheet1,107,8,ID|Speaker|Japanese|English|Chinese|EnglishCensored|Korean|German
message,m60_d20_0901,Sheet1,3,8,ID|Speaker|Japanese|English|Chinese|EnglishCensored|Korean|German
message,m60_d20_1001,Sheet1,34,8,ID|Speaker|Japanese|English|Chinese|EnglishCensored|Korean|German
message,m60_d20_1111,Sheet1,23,8,ID|Speaker|Japanese|English|Chinese|EnglishCensored|Korean|German
message,m60_d20_1112,Sheet1,12,8,ID|Speaker|Japanese|English|Chinese|EnglishCensored|Korean|German
message,m60_d20_1201,Sheet1,27,8,ID|Speaker|Japanese|English|Chinese|EnglishCensored|Korean|German
message,m60_d20_1301,Sheet1,3,8,ID|Speaker|Japanese|English|Chinese|EnglishCensored|Korean|German
message,m60_d20_1401,Sheet1,3,8,ID|Speaker|Japanese|English|Chinese|EnglishCensored|Korean|German
message,m60_d20_1501,Sheet1,5,8,ID|Speaker|Japanese|English|Chinese|EnglishCensored|Korean|German
message,m60_d20_1601,Sheet1,3,8,ID|Speaker|Japanese|English|Chinese|EnglishCensored|Korean|German
message,m60_d20_1701,Sheet1,4,8,ID|Speaker|Japanese|English|Chinese|EnglishCensored|Korean|German
message,m60_d20_1901,Sheet1,4,8,ID|Speaker|Japanese|English|Chinese|EnglishCensored|Korean|German
message,m60_d20_2001,Sheet1,21,8,ID|Speaker|Japanese|English|Chinese|EnglishCensored|Korean|German
message,m60_d20_2101,Sheet1,1,8,ID|Speaker|Japanese|English|Chinese|EnglishCensored|Korean|German
message,m60_d20_2201,Sheet1,1,8,ID|Speaker|Japanese|English|Chinese|EnglishCensored|Korean|German
message,m60_d20_2301,Sheet1,27,8,ID|Speaker|Japanese|English|Chinese|EnglishCensored|Korean|German
message,m60_d20_2401,Sheet1,9,8,ID|Speaker|Japanese|English|Chinese|EnglishCensored|Korean|German
message,m60_t04_0601,Sheet1,6,8,ID|Speaker|Japanese|English|Chinese|EnglishCensored|Korean|German
message,m60_t04_0701,Sheet1,20,8,ID|Speaker|Japanese|English|Chinese|EnglishCensored|Korean|German
message,m60_t04_0801,Sheet1,4,8,ID|Speaker|Japanese|English|Chinese|EnglishCensored|Korean|German
message,m60_t04_1101,Sheet1,10,8,ID|Speaker|Japanese|English|Chinese|EnglishCensored|Korean|German
message,m60_t50_0101,Sheet1,30,8,ID|Speaker|Japanese|English|Chinese|EnglishCensored|Korean|German
message,m60_t50_0201,Sheet1,8,8,ID|Speaker|Japanese|English|Chinese|EnglishCensored|Korean|German
message,m60_t50_0501,Sheet1,27,8,ID|Speaker|Japanese|English|Chinese|EnglishCensored|Korean|German
message,m61_d09_1201,Sheet1,106,8,ID|Speaker|Japanese|English|Chinese|EnglishCensored|Korean|German
message,m61_d09_1301,Sheet1,60,8,ID|Speaker|Japanese|English|Chinese|EnglishCensored|Korean|German
message,m61_d123_1701,Sheet1,4,8,ID|Speaker|Japanese|English|Chinese|EnglishCensored|Korean|German
message,m61_d123_1901,Sheet1,63,8,ID|Speaker|Japanese|English|Chinese|EnglishCensored|Korean|German
message,m61_d123_2001,Sheet1,9,8,ID|Speaker|Japanese|English|Chinese|EnglishCensored|Korean|German
message,m61_d14_0801,Sheet1,17,8,ID|Speaker|Japanese|English|Chinese|EnglishCensored|Korean|German
message,m61_d14_0901,Sheet1,53,8,ID|Speaker|Japanese|English|Chinese|EnglishCensored|Korean|German
message,m61_d14_0902,Sheet1,27,8,ID|Speaker|Japanese|English|Chinese|EnglishCensored|Korean|German
message,m61_d18_0401,Sheet1,12,8,ID|Speaker|Japanese|English|Chinese|EnglishCensored|Korean|German
message,m61_d18_0501,Sheet1,24,8,ID|Speaker|Japanese|English|Chinese|EnglishCensored|Korean|German
message,m61_t01_1101,Sheet1,14,8,ID|Speaker|Japanese|English|Chinese|EnglishCensored|Korean|German
message,m61_t01_1401,Sheet1,40,8,ID|Speaker|Japanese|English|Chinese|EnglishCensored|Korean|German
message,m61_t01_1601,Sheet1,36,8,ID|Speaker|Japanese|English|Chinese|EnglishCensored|Korean|German
message,m61_t01_1801,Sheet1,7,8,ID|Speaker|Japanese|English|Chinese|EnglishCensored|Korean|German
message,m61_t04_0101,Sheet1,4,8,ID|Speaker|Japanese|English|Chinese|EnglishCensored|Korean|German
message,m61_t04_0201,Sheet1,22,8,ID|Speaker|Japanese|English|Chinese|EnglishCensored|Korean|German
message,m61_t24_0601,Sheet1,69,8,ID|Speaker|Japanese|English|Chinese|EnglishCensored|Korean|German
message,m61_t24_0701,Sheet1,16,8,ID|Speaker|Japanese|English|Chinese|EnglishCensored|Korean|German
message,m61_t50_0301,Sheet1,35,8,ID|Speaker|Japanese|English|Chinese|EnglishCensored|Korean|German
message,m61_t50_1001,Sheet1,11,8,ID|Speaker|Japanese|English|Chinese|EnglishCensored|Korean|German
message,m61_t50_1501,Sheet1,39,8,ID|Speaker|Japanese|English|Chinese|EnglishCensored|Korean|German
message,m61_t50_2101,Sheet1,3,8,ID|Speaker|Japanese|English|Chinese|EnglishCensored|Korean|German
message,m62_d02_0201,Sheet1,13,8,ID|Speaker|Japanese|English|Chinese|EnglishCensored|Korean|German
message,m62_d20_0101,Sheet1,12,8,ID|Speaker|Japanese|English|Chinese|EnglishCensored|Korean|German
message,m62_t03_0401,Sheet1,40,8,ID|Speaker|Japanese|English|Chinese|EnglishCensored|Korean|German
message,m62_t03_0501,Sheet1,18,8,ID|Speaker|Japanese|English|Chinese|EnglishCensored|Korean|German
message,m62_t03_0601,Sheet1,23,8,ID|Speaker|Japanese|English|Chinese|EnglishCensored|Korean|German
message,m62_t50_0301,Sheet1,24,8,ID|Speaker|Japanese|English|Chinese|EnglishCensored|Korean|German
message,m62_t50_0701,Sheet1,19,8,ID|Speaker|Japanese|English|Chinese|EnglishCensored|Korean|German
message,m63_d02_0101,Sheet1,26,8,ID|Speaker|Japanese|English|Chinese|EnglishCensored|Korean|German
message,m63_d02_0401,Sheet1,18,8,ID|Speaker|Japanese|English|Chinese|EnglishCensored|Korean|German
message,m63_d02_0501,Sheet1,8,8,ID|Speaker|Japanese|English|Chinese|EnglishCensored|Korean|German
message,m63_d02_0701,Sheet1,7,8,ID|Speaker|Japanese|English|Chinese|EnglishCensored|Korean|German
message,m63_t01_0301,Sheet1,1,8,ID|Speaker|Japanese|English|Chinese|EnglishCensored|Korean|German
message,m63_t01_0601,Sheet1,10,8,ID|Speaker|Japanese|English|Chinese|EnglishCensored|Korean|German
message,m63_t01_0801,Sheet1,7,8,ID|Speaker|Japanese|English|Chinese|EnglishCensored|Korean|German
message,m63_t50_0102,Sheet1,3,8,ID|Speaker|Japanese|English|Chinese|EnglishCensored|Korean|German
message,m63_t50_0201,Sheet1,53,8,ID|Speaker|Japanese|English|Chinese|EnglishCensored|Korean|German
message,m63_t50_0901,Sheet1,49,8,ID|Speaker|Japanese|English|Chinese|EnglishCensored|Korean|German
message,m63_t50_1001,Sheet1,2,8,ID|Speaker|Japanese|English|Chinese|EnglishCensored|Korean|German
message,m63_t50_1101,Sheet1,11,8,ID|Speaker|Japanese|English|Chinese|EnglishCensored|Korean|German
message,m64_d09_0701,Sheet1,5,8,ID|Speaker|Japanese|English|Chinese|EnglishCensored|Korean|German
message,m64_d09_0801,Sheet1,3,8,ID|Speaker|Japanese|English|Chinese|EnglishCensored|Korean|German
message,m64_d130_0901,Sheet1,11,8,ID|Speaker|Japanese|English|Chinese|EnglishCensored|Korean|German
message,m64_d130_1001,Sheet1,7,8,ID|Speaker|Japanese|English|Chinese|EnglishCensored|Korean|German
message,m64_d130_1201,Sheet1,4,8,ID|Speaker|Japanese|English|Chinese|EnglishCensored|Korean|German
message,m64_d130_1501,Sheet1,61,8,ID|Speaker|Japanese|English|Chinese|EnglishCensored|Korean|German
message,m64_d130_1601,Sheet1,39,8,ID|Speaker|Japanese|English|Chinese|EnglishCensored|Korean|German
message,m64_e00_1101,Sheet1,4,8,ID|Speaker|Japanese|English|Chinese|EnglishCensored|Korean|German
message,m64_e00_1301,Sheet1,13,8,ID|Speaker|Japanese|English|Chinese|EnglishCensored|Korean|German
message,m64_e00_1401,Sheet1,6,8,ID|Speaker|Japanese|English|Chinese|EnglishCensored|Korean|German
message,m64_e00_1701,Sheet1,13,8,ID|Speaker|Japanese|English|Chinese|EnglishCensored|Korean|German
message,m64_t04_0101,Sheet1,103,8,ID|Speaker|Japanese|English|Chinese|EnglishCensored|Korean|German
message,m64_t04_0201,Sheet1,10,8,ID|Speaker|Japanese|English|Chinese|EnglishCensored|Korean|German
message,m64_t04_0501,Sheet1,28,8,ID|Speaker|Japanese|English|Chinese|EnglishCensored|Korean|German
message,m64_t05_0401,Sheet1,7,8,ID|Speaker|Japanese|English|Chinese|EnglishCensored|Korean|German
message,m64_t50_0301,Sheet1,6,8,ID|Speaker|Japanese|English|Chinese|EnglishCensored|Korean|German
message,m64_t50_0601,Sheet1,7,8,ID|Speaker|Japanese|English|Chinese|EnglishCensored|Korean|German
message,m65_d02_0301,Sheet1,51,8,ID|Speaker|Japanese|English|Chinese|EnglishCensored|Korean|German
message,m65_d02_0701,Sheet1,9,8,ID|Speaker|Japanese|English|Chinese|EnglishCensored|Korean|German
message,m65_d128_0910,Sheet1,13,8,ID|Speaker|Japanese|English|Chinese|EnglishCensored|Korean|German
message,m65_d128_1001,Sheet1,5,8,ID|Speaker|Japanese|English|Chinese|EnglishCensored|Korean|German
message,m65_d128_1003,Sheet1,2,8,ID|Speaker|Japanese|English|Chinese|EnglishCensored|Korean|German
message,m65_d128_1005,Sheet1,23,8,ID|Speaker|Japanese|English|Chinese|EnglishCensored|Korean|German
message,m65_d128_1401,Sheet1,8,8,ID|Speaker|Japanese|English|Chinese|EnglishCensored|Korean|German
message,m65_d128_1405,Sheet1,24,8,ID|Speaker|Japanese|English|Chinese|EnglishCensored|Korean|German
message,m65_d129_0401,Sheet1,6,8,ID|Speaker|Japanese|English|Chinese|EnglishCensored|Korean|German
message,m65_d129_0501,Sheet1,16,8,ID|Speaker|Japanese|English|Chinese|EnglishCensored|Korean|German
message,m65_d129_0601,Sheet1,70,8,ID|Speaker|Japanese|English|Chinese|EnglishCensored|Korean|German
message,m65_t04_0901,Sheet1,95,8,ID|Speaker|Japanese|English|Chinese|EnglishCensored|Korean|German
message,m65_t04_1501,Sheet1,18,8,ID|Speaker|Japanese|English|Chinese|EnglishCensored|Korean|German
message,m65_t50_0101,Sheet1,36,8,ID|Speaker|Japanese|English|Chinese|EnglishCensored|Korean|German
message,m65_t50_0201,Sheet1,77,8,ID|Speaker|Japanese|English|Chinese|EnglishCensored|Korean|German
message,m65_t50_0801,Sheet1,12,8,ID|Speaker|Japanese|English|Chinese|EnglishCensored|Korean|German
message,m65_t50_1403,Sheet1,8,8,ID|Speaker|Japanese|English|Chinese|EnglishCensored|Korean|German
message,m66_d13_0311,Sheet1,20,8,ID|Speaker|Japanese|English|Chinese|EnglishCensored|Korean|German
message,m66_d13_0312,Sheet1,4,8,ID|Speaker|Japanese|English|Chinese|EnglishCensored|Korean|German
message,m66_d13_0313,Sheet1,7,8,ID|Speaker|Japanese|English|Chinese|EnglishCensored|Korean|German
message,m66_d13_0401,Sheet1,29,8,ID|Speaker|Japanese|English|Chinese|EnglishCensored|Korean|German
message,m66_d13_0501,Sheet1,59,8,ID|Speaker|Japanese|English|Chinese|EnglishCensored|Korean|German
message,m66_d13_0601,Sheet1,1,8,ID|Speaker|Japanese|English|Chinese|EnglishCensored|Korean|German
message,m66_t02_0201,Sheet1,22,8,ID|Speaker|Japanese|English|Chinese|EnglishCensored|Korean|German
message,m66_t02_0301,Sheet1,32,8,ID|Speaker|Japanese|English|Chinese|EnglishCensored|Korean|German
message,m66_t04_0101,Sheet1,53,8,ID|Speaker|Japanese|English|Chinese|EnglishCensored|Korean|German
message,m66_t04_0102,Sheet1,29,8,ID|Speaker|Japanese|English|Chinese|EnglishCensored|Korean|German
message,m67_d128_1001,Sheet1,4,8,ID|Speaker|Japanese|English|Chinese|EnglishCensored|Korean|German
message,m67_d128_1101,Sheet1,5,8,ID|Speaker|Japanese|English|Chinese|EnglishCensored|Korean|German
message,m67_d128_1201,Sheet1,3,8,ID|Speaker|Japanese|English|Chinese|EnglishCensored|Korean|German
message,m67_d128_1501,Sheet1,6,8,ID|Speaker|Japanese|English|Chinese|EnglishCensored|Korean|German
message,m67_d128_1701,Sheet1,5,8,ID|Speaker|Japanese|English|Chinese|EnglishCensored|Korean|German
message,m67_d128_2001,Sheet1,5,8,ID|Speaker|Japanese|English|Chinese|EnglishCensored|Korean|German
message,m67_d129_1401,Sheet1,24,8,ID|Speaker|Japanese|English|Chinese|EnglishCensored|Korean|German
message,m67_d129_1901,Sheet1,8,8,ID|Speaker|Japanese|English|Chinese|EnglishCensored|Korean|German
message,m67_d16_0501,Sheet1,2,8,ID|Speaker|Japanese|English|Chinese|EnglishCensored|Korean|German
message,m67_d16_0601,Sheet1,3,8,ID|Speaker|Japanese|English|Chinese|EnglishCensored|Korean|German
message,m67_d16_0701,Sheet1,14,8,ID|Speaker|Japanese|English|Chinese|EnglishCensored|Korean|German
message,m67_d16_0801,Sheet1,5,8,ID|Speaker|Japanese|English|Chinese|EnglishCensored|Korean|German
message,m67_d16_0901,Sheet1,37,8,ID|Speaker|Japanese|English|Chinese|EnglishCensored|Korean|German
message,m67_t04_0101,Sheet1,53,8,ID|Speaker|Japanese|English|Chinese|EnglishCensored|Korean|German
message,m67_t04_0401,Sheet1,61,8,ID|Speaker|Japanese|English|Chinese|EnglishCensored|Korean|German
message,m67_t04_2101,Sheet1,9,8,ID|Speaker|Japanese|English|Chinese|EnglishCensored|Korean|German
message,m67_t50_1601,Sheet1,34,8,ID|Speaker|Japanese|English|Chinese|EnglishCensored|Korean|German
message,m68_d02_1501,Sheet1,38,8,ID|Speaker|Japanese|English|Chinese|EnglishCensored|Korean|German
message,m68_d127_1001,Sheet1,15,8,ID|Speaker|Japanese|English|Chinese|EnglishCensored|Korean|German
message,m68_d127_1002,Sheet1,6,8,ID|Speaker|Japanese|English|Chinese|EnglishCensored|Korean|German
message,m68_d127_1003,Sheet1,9,8,ID|Speaker|Japanese|English|Chinese|EnglishCensored|Korean|German
message,m68_d127_1101,Sheet1,21,8,ID|Speaker|Japanese|English|Chinese|EnglishCensored|Korean|German
message,m68_d127_1201,Sheet1,3,8,ID|Speaker|Japanese|English|Chinese|EnglishCensored|Korean|German
message,m68_d127_1204,Sheet1,9,8,ID|Speaker|Japanese|English|Chinese|EnglishCensored|Korean|German
message,m68_d127_1205,Sheet1,17,8,ID|Speaker|Japanese|English|Chinese|EnglishCensored|Korean|German
message,m68_d127_1301,Sheet1,48,8,ID|Speaker|Japanese|English|Chinese|EnglishCensored|Korean|German
message,m68_d127_1302,Sheet1,1,8,ID|Speaker|Japanese|English|Chinese|EnglishCensored|Korean|German
message,m68_d127_1303,Sheet1,65,8,ID|Speaker|Japanese|English|Chinese|EnglishCensored|Korean|German
message,m68_d14_0701,Sheet1,22,8,ID|Speaker|Japanese|English|Chinese|EnglishCensored|Korean|German
message,m68_d17_0501,Sheet1,12,8,ID|Speaker|Japanese|English|Chinese|EnglishCensored|Korean|German
message,m68_e04_1701,Sheet1,56,8,ID|Speaker|Japanese|English|Chinese|EnglishCensored|Korean|German
message,m68_t01_1801,Sheet1,14,8,ID|Speaker|Japanese|English|Chinese|EnglishCensored|Korean|German
message,m68_t04_0101,Sheet1,19,8,ID|Speaker|Japanese|English|Chinese|EnglishCensored|Korean|German
message,m68_t04_0201,Sheet1,16,8,ID|Speaker|Japanese|English|Chinese|EnglishCensored|Korean|German
message,m68_t04_0301,Sheet1,39,8,ID|Speaker|Japanese|English|Chinese|EnglishCensored|Korean|German
message,m68_t04_0401,Sheet1,84,8,ID|Speaker|Japanese|English|Chinese|EnglishCensored|Korean|German
message,m68_t10_0601,Sheet1,6,8,ID|Speaker|Japanese|English|Chinese|EnglishCensored|Korean|German
message,m68_t10_0801,Sheet1,129,8,ID|Speaker|Japanese|English|Chinese|EnglishCensored|Korean|German
message,m68_t10_0901,Sheet1,10,8,ID|Speaker|Japanese|English|Chinese|EnglishCensored|Korean|German
message,m68_t50_1901,Sheet1,3,8,ID|Speaker|Japanese|English|Chinese|EnglishCensored|Korean|German
message,m68_t50_2001,Sheet1,16,8,ID|Speaker|Japanese|English|Chinese|EnglishCensored|Korean|German
message,mirei_help,Sheet1,119,8,ID|Speaker|Japanese|English|Chinese|EnglishCensored|Korean|German
message,mirei_help_add,Sheet1,74,8,ID|Speaker|Japanese|English|Chinese|EnglishCensored|Korean|German
message,quest_000,Sheet1,33,8,ID|Speaker|Japanese|English|Chinese|EnglishCensored|Korean|German
message,quest_001,Sheet1,34,8,ID|Speaker|Japanese|English|Chinese|EnglishCensored|Korean|German
message,quest_002,Sheet1,32,8,ID|Speaker|Japanese|English|Chinese|EnglishCensored|Korean|German
message,quest_003,Sheet1,50,8,ID|Speaker|Japanese|English|Chinese|EnglishCensored|Korean|German
message,quest_004,Sheet1,84,8,ID|Speaker|Japanese|English|Chinese|EnglishCensored|Korean|German
message,quest_005,Sheet1,10,8,ID|Speaker|Japanese|English|Chinese|EnglishCensored|Korean|German
message,quest_006,Sheet1,19,8,ID|Speaker|Japanese|English|Chinese|EnglishCensored|Korean|German
message,quest_007,Sheet1,46,8,ID|Speaker|Japanese|English|Chinese|EnglishCensored|Korean|German
message,quest_008,Sheet1,44,8,ID|Speaker|Japanese|English|Chinese|EnglishCensored|Korean|German
message,quest_009,Sheet1,69,8,ID|Speaker|Japanese|English|Chinese|EnglishCensored|Korean|German
message,quest_010,Sheet1,21,8,ID|Speaker|Japanese|English|Chinese|EnglishCensored|Korean|German
message,quest_011,Sheet1,55,8,ID|Speaker|Japanese|English|Chinese|EnglishCensored|Korean|German
message,quest_012,Sheet1,20,8,ID|Speaker|Japanese|English|Chinese|EnglishCensored|Korean|German
message,quest_013,Sheet1,22,8,ID|Speaker|Japanese|English|Chinese|EnglishCensored|Korean|German
message,quest_014,Sheet1,106,8,ID|Speaker|Japanese|English|Chinese|EnglishCensored|Korean|German
message,quest_015,Sheet1,42,8,ID|Speaker|Japanese|English|Chinese|EnglishCensored|Korean|German
message,quest_016,Sheet1,103,8,ID|Speaker|Japanese|English|Chinese|EnglishCensored|Korean|German
message,quest_017,Sheet1,44,8,ID|Speaker|Japanese|English|Chinese|EnglishCensored|Korean|German
message,quest_018,Sheet1,21,8,ID|Speaker|Japanese|English|Chinese|EnglishCensored|Korean|German
message,quest_019,Sheet1,153,8,ID|Speaker|Japanese|English|Chinese|EnglishCensored|Korean|German
message,quest_020,Sheet1,75,8,ID|Speaker|Japanese|English|Chinese|EnglishCensored|Korean|German
message,quest_021,Sheet1,53,8,ID|Speaker|Japanese|English|Chinese|EnglishCensored|Korean|German
message,quest_022,Sheet1,43,8,ID|Speaker|Japanese|English|Chinese|EnglishCensored|Korean|German
message,quest_023,Sheet1,94,8,ID|Speaker|Japanese|English|Chinese|EnglishCensored|Korean|German
message,quest_024,Sheet1,43,8,ID|Speaker|Japanese|English|Chinese|EnglishCensored|Korean|German
message,quest_025,Sheet1,42,8,ID|Speaker|Japanese|English|Chinese|EnglishCensored|Korean|German
message,quest_026,Sheet1,23,8,ID|Speaker|Japanese|English|Chinese|EnglishCensored|Korean|German
message,quest_027,Sheet1,98,8,ID|Speaker|Japanese|English|Chinese|EnglishCensored|Korean|German
message,quest_028,Sheet1,79,8,ID|Speaker|Japanese|English|Chinese|EnglishCensored|Korean|German
message,quest_029,Sheet1,202,8,ID|Speaker|Japanese|English|Chinese|EnglishCensored|Korean|German
message,quest_101,Sheet1,165,8,ID|Speaker|Japanese|English|Chinese|EnglishCensored|Korean|German
message,quest_102,Sheet1,151,8,ID|Speaker|Japanese|English|Chinese|EnglishCensored|Korean|German
message,quest_103,Sheet1,25,8,ID|Speaker|Japanese|English|Chinese|EnglishCensored|Korean|German
message,quest_104,Sheet1,128,8,ID|Speaker|Japanese|English|Chinese|EnglishCensored|Korean|German
message,quest_105,Sheet1,156,8,ID|Speaker|Japanese|English|Chinese|EnglishCensored|Korean|German
message,quest_106,Sheet1,136,8,ID|Speaker|Japanese|English|Chinese|EnglishCensored|Korean|German
message,quest_107,Sheet1,169,8,ID|Speaker|Japanese|English|Chinese|EnglishCensored|Korean|German
message,quest_108,Sheet1,183,8,ID|Speaker|Japanese|English|Chinese|EnglishCensored|Korean|German
message,quest_110,Sheet1,40,8,ID|Speaker|Japanese|English|Chinese|EnglishCensored|Korean|German
message,quest_111,Sheet1,193,8,ID|Speaker|Japanese|English|Chinese|EnglishCensored|Korean|German
message,quest_113,Sheet1,54,8,ID|Speaker|Japanese|English|Chinese|EnglishCensored|Korean|German
message,quest_114,Sheet1,196,8,ID|Speaker|Japanese|English|Chinese|EnglishCensored|Korean|German
message,quest_115,Sheet1,229,8,ID|Speaker|Japanese|English|Chinese|EnglishCensored|Korean|German
message,quest_116,Sheet1,66,8,ID|Speaker|Japanese|English|Chinese|EnglishCensored|Korean|German
message,quest_117,Sheet1,159,8,ID|Speaker|Japanese|English|Chinese|EnglishCensored|Korean|German
message,quest_118,Sheet1,104,8,ID|Speaker|Japanese|English|Chinese|EnglishCensored|Korean|German
message,quest_201,Sheet1,138,8,ID|Speaker|Japanese|English|Chinese|EnglishCensored|Korean|German
message,quest_202,Sheet1,149,8,ID|Speaker|Japanese|English|Chinese|EnglishCensored|Korean|German
message,quest_203,Sheet1,118,8,ID|Speaker|Japanese|English|Chinese|EnglishCensored|Korean|German
message,quest_204,Sheet1,237,8,ID|Speaker|Japanese|English|Chinese|EnglishCensored|Korean|German
message,quest_205,Sheet1,194,8,ID|Speaker|Japanese|English|Chinese|EnglishCensored|Korean|German
message,quest_206,Sheet1,141,8,ID|Speaker|Japanese|English|Chinese|EnglishCensored|Korean|German
message,quest_207,Sheet1,207,8,ID|Speaker|Japanese|English|Chinese|EnglishCensored|Korean|German
message,quest_208,Sheet1,207,8,ID|Speaker|Japanese|English|Chinese|EnglishCensored|Korean|German
message,quest_complete,Sheet1,53,8,ID|Speaker|Japanese|English|Chinese|EnglishCensored|Korean|German
message,quest_hucker,Sheet1,127,8,ID|Speaker|Japanese|English|Chinese|EnglishCensored|Korean|German
message,quest_hucker_event,Sheet1,62,8,ID|Speaker|Japanese|English|Chinese|EnglishCensored|Korean|German
message,quest_iteme,Sheet1,1398,8,ID|Speaker|Japanese|English|Chinese|EnglishCensored|Korean|German
message,s103_d11_0701,Sheet1,13,8,ID|Speaker|Japanese|English|Chinese|EnglishCensored|Korean|German
message,s103_d11_0810,Sheet1,6,8,ID|Speaker|Japanese|English|Chinese|EnglishCensored|Korean|German
message,s103_e00_0801,Sheet1,4,8,ID|Speaker|Japanese|English|Chinese|EnglishCensored|Korean|German
message,s103_e00_0901,Sheet1,21,8,ID|Speaker|Japanese|English|Chinese|EnglishCensored|Korean|German
message,s103_t03_0101,Sheet1,7,8,ID|Speaker|Japanese|English|Chinese|EnglishCensored|Korean|German
message,s103_t03_0201,Sheet1,8,8,ID|Speaker|Japanese|English|Chinese|EnglishCensored|Korean|German
message,s103_t03_0301,Sheet1,16,8,ID|Speaker|Japanese|English|Chinese|EnglishCensored|Korean|German
message,s103_t03_0401,Sheet1,6,8,ID|Speaker|Japanese|English|Chinese|EnglishCensored|Korean|German
message,s103_t03_0501,Sheet1,14,8,ID|Speaker|Japanese|English|Chinese|EnglishCensored|Korean|German
message,s103_t03_0601,Sheet1,11,8,ID|Speaker|Japanese|English|Chinese|EnglishCensored|Korean|German
message,s103_t05_1001,Sheet1,13,8,ID|Speaker|Japanese|English|Chinese|EnglishCensored|Korean|German
message,s110_d92_0401,Sheet1,28,8,ID|Speaker|Japanese|English|Chinese|EnglishCensored|Korean|German
message,s110_d92_0501,Sheet1,33,8,ID|Speaker|Japanese|English|Chinese|EnglishCensored|Korean|German
message,s110_t05_0101,Sheet1,6,8,ID|Speaker|Japanese|English|Chinese|EnglishCensored|Korean|German
message,s110_t05_0201,Sheet1,25,8,ID|Speaker|Japanese|English|Chinese|EnglishCensored|Korean|German
message,s110_t05_0301,Sheet1,14,8,ID|Speaker|Japanese|English|Chinese|EnglishCensored|Korean|German
message,s113_e00_0401,Sheet1,3,8,ID|Speaker|Japanese|English|Chinese|EnglishCensored|Korean|German
message,s113_e00_0801,Sheet1,33,8,ID|Speaker|Japanese|English|Chinese|EnglishCensored|Korean|German
message,s113_e00_0901,Sheet1,12,8,ID|Speaker|Japanese|English|Chinese|EnglishCensored|Korean|German
message,s113_t05_0101,Sheet1,6,8,ID|Speaker|Japanese|English|Chinese|EnglishCensored|Korean|German
message,s113_t05_0201,Sheet1,45,8,ID|Speaker|Japanese|English|Chinese|EnglishCensored|Korean|German
message,s113_t05_0301,Sheet1,11,8,ID|Speaker|Japanese|English|Chinese|EnglishCensored|Korean|German
message,s113_t05_0501,Sheet1,17,8,ID|Speaker|Japanese|English|Chinese|EnglishCensored|Korean|German
message,s113_t05_0601,Sheet1,5,8,ID|Speaker|Japanese|English|Chinese|EnglishCensored|Korean|German
message,s113_t05_0701,Sheet1,8,8,ID|Speaker|Japanese|English|Chinese|EnglishCensored|Korean|German
message,s113_t05_1001,Sheet1,33,8,ID|Speaker|Japanese|English|Chinese|EnglishCensored|Korean|German
message,s501_t50_0101,Sheet1,5,8,ID|Speaker|Japanese|English|Chinese|EnglishCensored|Korean|German
message,s501_t50_0201,Sheet1,12,8,ID|Speaker|Japanese|English|Chinese|EnglishCensored|Korean|German
message,s501_t50_0301,Sheet1,75,8,ID|Speaker|Japanese|English|Chinese|EnglishCensored|Korean|German
message,s502_t05_0201,Sheet1,3,8,ID|Speaker|Japanese|English|Chinese|EnglishCensored|Korean|German
message,s502_t05_0301,Sheet1,7,8,ID|Speaker|Japanese|English|Chinese|EnglishCensored|Korean|German
message,s502_t05_0401,Sheet1,34,8,ID|Speaker|Japanese|English|Chinese|EnglishCensored|Korean|German
message,s502_t05_0501,Sheet1,12,8,ID|Speaker|Japanese|English|Chinese|EnglishCensored|Korean|German
message,s502_t05_0601,Sheet1,46,8,ID|Speaker|Japanese|English|Chinese|EnglishCensored|Korean|German
message,s502_t50_0101,Sheet1,2,8,ID|Speaker|Japanese|English|Chinese|EnglishCensored|Korean|German
message,s503_d05_0101,Sheet1,152,8,ID|Speaker|Japanese|English|Chinese|EnglishCensored|Korean|German
message,s503_d05_0201,Sheet1,95,8,ID|Speaker|Japanese|English|Chinese|EnglishCensored|Korean|German
message,s503_d05_0301,Sheet1,72,8,ID|Speaker|Japanese|English|Chinese|EnglishCensored|Korean|German
message,s504_d122_0101,Sheet1,6,8,ID|Speaker|Japanese|English|Chinese|EnglishCensored|Korean|German
message,s504_d122_0201,Sheet1,1,8,ID|Speaker|Japanese|English|Chinese|EnglishCensored|Korean|German
message,s504_d122_0501,Sheet1,24,8,ID|Speaker|Japanese|English|Chinese|EnglishCensored|Korean|German
message,s504_d122_0901,Sheet1,46,8,ID|Speaker|Japanese|English|Chinese|EnglishCensored|Korean|German
message,s504_d122_1001,Sheet1,11,8,ID|Speaker|Japanese|English|Chinese|EnglishCensored|Korean|German
message,s504_d122_1101,Sheet1,20,8,ID|Speaker|Japanese|English|Chinese|EnglishCensored|Korean|German
message,s504_t21_0601,Sheet1,19,8,ID|Speaker|Japanese|English|Chinese|EnglishCensored|Korean|German
message,s504_t50_0301,Sheet1,32,8,ID|Speaker|Japanese|English|Chinese|EnglishCensored|Korean|German
message,s504_t50_0401,Sheet1,4,8,ID|Speaker|Japanese|English|Chinese|EnglishCensored|Korean|German
message,s504_t50_0701,Sheet1,5,8,ID|Speaker|Japanese|English|Chinese|EnglishCensored|Korean|German
message,s504_t50_0801,Sheet1,8,8,ID|Speaker|Japanese|English|Chinese|EnglishCensored|Korean|German
message,s504_t50_1201,Sheet1,11,8,ID|Speaker|Japanese|English|Chinese|EnglishCensored|Korean|German
message,s505_t50_0101,Sheet1,6,8,ID|Speaker|Japanese|English|Chinese|EnglishCensored|Korean|German
message,s505_t50_0201,Sheet1,21,8,ID|Speaker|Japanese|English|Chinese|EnglishCensored|Korean|German
message,s505_t50_0301,Sheet1,36,8,ID|Speaker|Japanese|English|Chinese|EnglishCensored|Korean|German
message,s505_t50_0401,Sheet1,48,8,ID|Speaker|Japanese|English|Chinese|EnglishCensored|Korean|German
message,s506_t01_0201,Sheet1,49,8,ID|Speaker|Japanese|English|Chinese|EnglishCensored|Korean|German
message,s506_t01_0301,Sheet1,42,8,ID|Speaker|Japanese|English|Chinese|EnglishCensored|Korean|German
message,s506_t01_0401,Sheet1,30,8,ID|Speaker|Japanese|English|Chinese|EnglishCensored|Korean|German
message,s506_t50_0101,Sheet1,8,8,ID|Speaker|Japanese|English|Chinese|EnglishCensored|Korean|German
message,s507_t05_0201,Sheet1,33,8,ID|Speaker|Japanese|English|Chinese|EnglishCensored|Korean|German
message,s507_t05_0301,Sheet1,2,8,ID|Speaker|Japanese|English|Chinese|EnglishCensored|Korean|German
message,s507_t05_0401,Sheet1,8,8,ID|Speaker|Japanese|English|Chinese|EnglishCensored|Korean|German
message,s507_t05_0501,Sheet1,12,8,ID|Speaker|Japanese|English|Chinese|EnglishCensored|Korean|German
message,s507_t05_0601,Sheet1,8,8,ID|Speaker|Japanese|English|Chinese|EnglishCensored|Korean|German
message,s507_t05_0701,Sheet1,9,8,ID|Speaker|Japanese|English|Chinese|EnglishCensored|Korean|German
message,s507_t08_0801,Sheet1,63,8,ID|Speaker|Japanese|English|Chinese|EnglishCensored|Korean|German
message,s507_t50_0101,Sheet1,7,8,ID|Speaker|Japanese|English|Chinese|EnglishCensored|Korean|German
message,s507_t50_0901,Sheet1,5,8,ID|Speaker|Japanese|English|Chinese|EnglishCensored|Korean|German
message,s507_t50_1001,Sheet1,51,8,ID|Speaker|Japanese|English|Chinese|EnglishCensored|Korean|German
message,s508_d04_0701,Sheet1,28,8,ID|Speaker|Japanese|English|Chinese|EnglishCensored|Korean|German
message,s508_d04_0801,Sheet1,22,8,ID|Speaker|Japanese|English|Chinese|EnglishCensored|Korean|German
message,s508_d04_0901,Sheet1,5,8,ID|Speaker|Japanese|English|Chinese|EnglishCensored|Korean|German
message,s508_t25_0101,Sheet1,10,8,ID|Speaker|Japanese|English|Chinese|EnglishCensored|Korean|German
message,s508_t25_0301,Sheet1,18,8,ID|Speaker|Japanese|English|Chinese|EnglishCensored|Korean|German
message,s508_t25_1001,Sheet1,12,8,ID|Speaker|Japanese|English|Chinese|EnglishCensored|Korean|German
message,s508_t50_0201,Sheet1,6,8,ID|Speaker|Japanese|English|Chinese|EnglishCensored|Korean|German
message,s508_t50_0401,Sheet1,41,8,ID|Speaker|Japanese|English|Chinese|EnglishCensored|Korean|German
message,s508_t50_0501,Sheet1,9,8,ID|Speaker|Japanese|English|Chinese|EnglishCensored|Korean|German
message,s508_t50_0601,Sheet1,46,8,ID|Speaker|Japanese|English|Chinese|EnglishCensored|Korean|German
message,s508_t50_1101,Sheet1,45,8,ID|Speaker|Japanese|English|Chinese|EnglishCensored|Korean|German
message,s509_d131_0601,Sheet1,27,8,ID|Speaker|Japanese|English|Chinese|EnglishCensored|Korean|German
message,s509_d131_0701,Sheet1,8,8,ID|Speaker|Japanese|English|Chinese|EnglishCensored|Korean|German
message,s509_t05_0101,Sheet1,6,8,ID|Speaker|Japanese|English|Chinese|EnglishCensored|Korean|German
message,s509_t05_0801,Sheet1,15,8,ID|Speaker|Japanese|English|Chinese|EnglishCensored|Korean|German
message,s509_t50_0201,Sheet1,3,8,ID|Speaker|Japanese|English|Chinese|EnglishCensored|Korean|German
message,s509_t50_0301,Sheet1,18,8,ID|Speaker|Japanese|English|Chinese|EnglishCensored|Korean|German
message,s509_t50_0401,Sheet1,25,8,ID|Speaker|Japanese|English|Chinese|EnglishCensored|Korean|German
message,s509_t50_0501,Sheet1,8,8,ID|Speaker|Japanese|English|Chinese|EnglishCensored|Korean|German
message,s509_t50_0901,Sheet1,12,8,ID|Speaker|Japanese|English|Chinese|EnglishCensored|Korean|German
message,s510_d12_0601,Sheet1,4,8,ID|Speaker|Japanese|English|Chinese|EnglishCensored|Korean|German
message,s510_d12_0701,Sheet1,12,8,ID|Speaker|Japanese|English|Chinese|EnglishCensored|Korean|German
message,s510_d12_0801,Sheet1,4,8,ID|Speaker|Japanese|English|Chinese|EnglishCensored|Korean|German
message,s510_d94_0401,Sheet1,4,8,ID|Speaker|Japanese|English|Chinese|EnglishCensored|Korean|German
message,s510_d94_0501,Sheet1,16,8,ID|Speaker|Japanese|English|Chinese|EnglishCensored|Korean|German
message,s510_d94_0901,Sheet1,28,8,ID|Speaker|Japanese|English|Chinese|EnglishCensored|Korean|German
message,s510_t50_0101,Sheet1,6,8,ID|Speaker|Japanese|English|Chinese|EnglishCensored|Korean|German
message,s510_t50_0201,Sheet1,2,8,ID|Speaker|Japanese|English|Chinese|EnglishCensored|Korean|German
message,s510_t50_0301,Sheet1,24,8,ID|Speaker|Japanese|English|Chinese|EnglishCensored|Korean|German
message,s511_d91_0401,Sheet1,20,8,ID|Speaker|Japanese|English|Chinese|EnglishCensored|Korean|German
message,s511_d91_0501,Sheet1,23,8,ID|Speaker|Japanese|English|Chinese|EnglishCensored|Korean|German
message,s511_d91_0601,Sheet1,25,8,ID|Speaker|Japanese|English|Chinese|EnglishCensored|Korean|German
message,s511_d91_0701,Sheet1,48,8,ID|Speaker|Japanese|English|Chinese|EnglishCensored|Korean|German
message,s511_d92_0101,Sheet1,7,8,ID|Speaker|Japanese|English|Chinese|EnglishCensored|Korean|German
message,s511_d92_0201,Sheet1,33,8,ID|Speaker|Japanese|English|Chinese|EnglishCensored|Korean|German
message,s511_d92_0301,Sheet1,21,8,ID|Speaker|Japanese|English|Chinese|EnglishCensored|Korean|German
message,s512_d02_0301,Sheet1,13,8,ID|Speaker|Japanese|English|Chinese|EnglishCensored|Korean|German
message,s512_d02_0401,Sheet1,58,8,ID|Speaker|Japanese|English|Chinese|EnglishCensored|Korean|German
message,s512_d02_0501,Sheet1,49,8,ID|Speaker|Japanese|English|Chinese|EnglishCensored|Korean|German
message,s512_t50_0101,Sheet1,5,8,ID|Speaker|Japanese|English|Chinese|EnglishCensored|Korean|German
message,s512_t50_0201,Sheet1,34,8,ID|Speaker|Japanese|English|Chinese|EnglishCensored|Korean|German
message,s513_d02_0301,Sheet1,13,8,ID|Speaker|Japanese|English|Chinese|EnglishCensored|Korean|German
message,s513_d02_0401,Sheet1,76,8,ID|Speaker|Japanese|English|Chinese|EnglishCensored|Korean|German
message,s513_d02_0501,Sheet1,27,8,ID|Speaker|Japanese|English|Chinese|EnglishCensored|Korean|German
message,s513_t04_0101,Sheet1,28,8,ID|Speaker|Japanese|English|Chinese|EnglishCensored|Korean|German
message,s513_t04_0601,Sheet1,8,8,ID|Speaker|Japanese|English|Chinese|EnglishCensored|Korean|German
message,s513_t05_0201,Sheet1,4,8,ID|Speaker|Japanese|English|Chinese|EnglishCensored|Korean|German
message,s514_d126_0301,Sheet1,92,8,ID|Speaker|Japanese|English|Chinese|EnglishCensored|Korean|German
message,s514_d126_0401,Sheet1,18,8,ID|Speaker|Japanese|English|Chinese|EnglishCensored|Korean|German
message,s514_t04_0201,Sheet1,13,8,ID|Speaker|Japanese|English|Chinese|EnglishCensored|Korean|German
message,s514_t10_0101,Sheet1,4,8,ID|Speaker|Japanese|English|Chinese|EnglishCensored|Korean|German
message,s515_d11_0201,Sheet1,44,8,ID|Speaker|Japanese|English|Chinese|EnglishCensored|Korean|German
message,s515_d11_0301,Sheet1,46,8,ID|Speaker|Japanese|English|Chinese|EnglishCensored|Korean|German
message,s515_d131_0501,Sheet1,14,8,ID|Speaker|Japanese|English|Chinese|EnglishCensored|Korean|German
message,s515_d131_0601,Sheet1,17,8,ID|Speaker|Japanese|English|Chinese|EnglishCensored|Korean|German
message,s515_d90_0401,Sheet1,56,8,ID|Speaker|Japanese|English|Chinese|EnglishCensored|Korean|German
message,s515_t50_0101,Sheet1,5,8,ID|Speaker|Japanese|English|Chinese|EnglishCensored|Korean|German
message,s516_d30_0401,Sheet1,19,8,ID|Speaker|Japanese|English|Chinese|EnglishCensored|Korean|German
message,s516_d30_0501,Sheet1,60,8,ID|Speaker|Japanese|English|Chinese|EnglishCensored|Korean|German
message,s516_d30_0601,Sheet1,58,8,ID|Speaker|Japanese|English|Chinese|EnglishCensored|Korean|German
message,s516_d92_0201,Sheet1,77,8,ID|Speaker|Japanese|English|Chinese|EnglishCensored|Korean|German
message,s516_t04_0301,Sheet1,29,8,ID|Speaker|Japanese|English|Chinese|EnglishCensored|Korean|German
message,s516_t50_0101,Sheet1,3,8,ID|Speaker|Japanese|English|Chinese|EnglishCensored|Korean|German
message,s517_t03_0401,Sheet1,39,8,ID|Speaker|Japanese|English|Chinese|EnglishCensored|Korean|German
message,s517_t03_0501,Sheet1,20,8,ID|Speaker|Japanese|English|Chinese|EnglishCensored|Korean|German
message,s517_t05_0101,Sheet1,8,8,ID|Speaker|Japanese|English|Chinese|EnglishCensored|Korean|German
message,s517_t05_0201,Sheet1,47,8,ID|Speaker|Japanese|English|Chinese|EnglishCensored|Korean|German
message,s517_t05_0301,Sheet1,26,8,ID|Speaker|Japanese|English|Chinese|EnglishCensored|Korean|German
message,s517_t05_0601,Sheet1,16,8,ID|Speaker|Japanese|English|Chinese|EnglishCensored|Korean|German
message,s518_d02_0301,Sheet1,38,8,ID|Speaker|Japanese|English|Chinese|EnglishCensored|Korean|German
message,s518_d02_0601,Sheet1,4,8,ID|Speaker|Japanese|English|Chinese|EnglishCensored|Korean|German
message,s518_d03_0201,Sheet1,23,8,ID|Speaker|Japanese|English|Chinese|EnglishCensored|Korean|German
message,s518_d03_0701,Sheet1,18,8,ID|Speaker|Japanese|English|Chinese|EnglishCensored|Korean|German
message,s518_t20_0101,Sheet1,9,8,ID|Speaker|Japanese|English|Chinese|EnglishCensored|Korean|German
message,s518_t23_0401,Sheet1,78,8,ID|Speaker|Japanese|English|Chinese|EnglishCensored|Korean|German
message,s518_t23_0501,Sheet1,38,8,ID|Speaker|Japanese|English|Chinese|EnglishCensored|Korean|German
message,s519_t05_0101,Sheet1,16,8,ID|Speaker|Japanese|English|Chinese|EnglishCensored|Korean|German
message,s519_t05_0201,Sheet1,14,8,ID|Speaker|Japanese|English|Chinese|EnglishCensored|Korean|German
message,s519_t05_0501,Sheet1,30,8,ID|Speaker|Japanese|English|Chinese|EnglishCensored|Korean|German
message,s519_t05_0801,Sheet1,33,8,ID|Speaker|Japanese|English|Chinese|EnglishCensored|Korean|German
message,s519_t05_1101,Sheet1,55,8,ID|Speaker|Japanese|English|Chinese|EnglishCensored|Korean|German
message,s519_t50_0301,Sheet1,2,8,ID|Speaker|Japanese|English|Chinese|EnglishCensored|Korean|German
message,s519_t50_0401,Sheet1,12,8,ID|Speaker|Japanese|English|Chinese|EnglishCensored|Korean|German
message,s519_t50_0601,Sheet1,3,8,ID|Speaker|Japanese|English|Chinese|EnglishCensored|Korean|German
message,s519_t50_0701,Sheet1,16,8,ID|Speaker|Japanese|English|Chinese|EnglishCensored|Korean|German
message,s519_t50_0901,Sheet1,2,8,ID|Speaker|Japanese|English|Chinese|EnglishCensored|Korean|German
message,s519_t50_1001,Sheet1,20,8,ID|Speaker|Japanese|English|Chinese|EnglishCensored|Korean|German
message,s520_t01_0201,Sheet1,9,8,ID|Speaker|Japanese|English|Chinese|EnglishCensored|Korean|German
message,s520_t01_0301,Sheet1,34,8,ID|Speaker|Japanese|English|Chinese|EnglishCensored|Korean|German
message,s520_t01_0401,Sheet1,28,8,ID|Speaker|Japanese|English|Chinese|EnglishCensored|Korean|German
message,s520_t01_0501,Sheet1,50,8,ID|Speaker|Japanese|English|Chinese|EnglishCensored|Korean|German
message,s520_t50_0101,Sheet1,25,8,ID|Speaker|Japanese|English|Chinese|EnglishCensored|Korean|German
message,s520_t50_0601,Sheet1,8,8,ID|Speaker|Japanese|English|Chinese|EnglishCensored|Korean|German
message,s521_d11_0801,Sheet1,19,8,ID|Speaker|Japanese|English|Chinese|EnglishCensored|Korean|German
message,s521_d11_0901,Sheet1,58,8,ID|Speaker|Japanese|English|Chinese|EnglishCensored|Korean|German
message,s521_d92_0101,Sheet1,31,8,ID|Speaker|Japanese|English|Chinese|EnglishCensored|Korean|German
message,s521_d92_0301,Sheet1,34,8,ID|Speaker|Japanese|English|Chinese|EnglishCensored|Korean|German
message,s521_d92_0401,Sheet1,15,8,ID|Speaker|Japanese|English|Chinese|EnglishCensored|Korean|German
message,s521_d92_0501,Sheet1,28,8,ID|Speaker|Japanese|English|Chinese|EnglishCensored|Korean|German
message,s521_d92_0601,Sheet1,6,8,ID|Speaker|Japanese|English|Chinese|EnglishCensored|Korean|German
message,s521_d92_0701,Sheet1,8,8,ID|Speaker|Japanese|English|Chinese|EnglishCensored|Korean|German
message,s521_t05_1001,Sheet1,55,8,ID|Speaker|Japanese|English|Chinese|EnglishCensored|Korean|German
message,s521_t50_0201,Sheet1,31,8,ID|Speaker|Japanese|English|Chinese|EnglishCensored|Korean|German
message,s522_d30_0701,Sheet1,5,8,ID|Speaker|Japanese|English|Chinese|EnglishCensored|Korean|German
message,s522_d30_0801,Sheet1,23,8,ID|Speaker|Japanese|English|Chinese|EnglishCensored|Korean|German
message,s522_d30_0901,Sheet1,10,8,ID|Speaker|Japanese|English|Chinese|EnglishCensored|Korean|German
message,s522_t01_0301,Sheet1,27,8,ID|Speaker|Japanese|English|Chinese|EnglishCensored|Korean|German
message,s522_t02_0401,Sheet1,5,8,ID|Speaker|Japanese|English|Chinese|EnglishCensored|Korean|German
message,s522_t05_0201,Sheet1,18,8,ID|Speaker|Japanese|English|Chinese|EnglishCensored|Korean|German
message,s522_t05_1001,Sheet1,10,8,ID|Speaker|Japanese|English|Chinese|EnglishCensored|Korean|German
message,s522_t05_1101,Sheet1,13,8,ID|Speaker|Japanese|English|Chinese|EnglishCensored|Korean|German
message,s522_t06_0601,Sheet1,26,8,ID|Speaker|Japanese|English|Chinese|EnglishCensored|Korean|German
message,s522_t50_0101,Sheet1,5,8,ID|Speaker|Japanese|English|Chinese|EnglishCensored|Korean|German
message,s522_t50_0501,Sheet1,18,8,ID|Speaker|Japanese|English|Chinese|EnglishCensored|Korean|German
message,s523_d14_0301,Sheet1,2,8,ID|Speaker|Japanese|English|Chinese|EnglishCensored|Korean|German
message,s523_d14_0401,Sheet1,21,8,ID|Speaker|Japanese|English|Chinese|EnglishCensored|Korean|German
message,s523_d14_0501,Sheet1,77,8,ID|Speaker|Japanese|English|Chinese|EnglishCensored|Korean|German
message,s523_d14_0901,Sheet1,30,8,ID|Speaker|Japanese|English|Chinese|EnglishCensored|Korean|German
message,s523_d14_1101,Sheet1,10,8,ID|Speaker|Japanese|English|Chinese|EnglishCensored|Korean|German
message,s523_d60_0601,Sheet1,22,8,ID|Speaker|Japanese|English|Chinese|EnglishCensored|Korean|German
message,s523_d60_0701,Sheet1,24,8,ID|Speaker|Japanese|English|Chinese|EnglishCensored|Korean|German
message,s523_d60_0801,Sheet1,5,8,ID|Speaker|Japanese|English|Chinese|EnglishCensored|Korean|German
message,s523_t01_1001,Sheet1,6,8,ID|Speaker|Japanese|English|Chinese|EnglishCensored|Korean|German
message,s523_t05_0101,Sheet1,14,8,ID|Speaker|Japanese|English|Chinese|EnglishCensored|Korean|German
message,s523_t50_0201,Sheet1,12,8,ID|Speaker|Japanese|English|Chinese|EnglishCensored|Korean|German
message,s524_d30_0401,Sheet1,5,8,ID|Speaker|Japanese|English|Chinese|EnglishCensored|Korean|German
message,s524_d30_0501,Sheet1,5,8,ID|Speaker|Japanese|English|Chinese|EnglishCensored|Korean|German
message,s524_d30_0601,Sheet1,76,8,ID|Speaker|Japanese|English|Chinese|EnglishCensored|Korean|German
message,s524_t05_0201,Sheet1,5,8,ID|Speaker|Japanese|English|Chinese|EnglishCensored|Korean|German
message,s524_t05_0301,Sheet1,80,8,ID|Speaker|Japanese|English|Chinese|EnglishCensored|Korean|German
message,s524_t05_0701,Sheet1,37,8,ID|Speaker|Japanese|English|Chinese|EnglishCensored|Korean|German
message,s524_t50_0101,Sheet1,25,8,ID|Speaker|Japanese|English|Chinese|EnglishCensored|Korean|German
message,s525_t50_0101,Sheet1,141,8,ID|Speaker|Japanese|English|Chinese|EnglishCensored|Korean|German
message,s525_t50_0201,Sheet1,46,8,ID|Speaker|Japanese|English|Chinese|EnglishCensored|Korean|German
message,s525_t50_0301,Sheet1,27,8,ID|Speaker|Japanese|English|Chinese|EnglishCensored|Korean|German
message,s525_t50_0401,Sheet1,49,8,ID|Speaker|Japanese|English|Chinese|EnglishCensored|Korean|German
message,s525_t50_0501,Sheet1,12,8,ID|Speaker|Japanese|English|Chinese|EnglishCensored|Korean|German
message,s525_t50_0601,Sheet1,10,8,ID|Speaker|Japanese|English|Chinese|EnglishCensored|Korean|German
message,s526_d09_0201,Sheet1,27,8,ID|Speaker|Japanese|English|Chinese|EnglishCensored|Korean|German
message,s526_d09_0301,Sheet1,15,8,ID|Speaker|Japanese|English|Chinese|EnglishCensored|Korean|German
message,s526_d131_0401,Sheet1,36,8,ID|Speaker|Japanese|English|Chinese|EnglishCensored|Korean|German
message,s526_t50_0101,Sheet1,203,8,ID|Speaker|Japanese|English|Chinese|EnglishCensored|Korean|German
message,s526_t50_0501,Sheet1,24,8,ID|Speaker|Japanese|English|Chinese|EnglishCensored|Korean|German
message,s527_d30_0401,Sheet1,41,8,ID|Speaker|Japanese|English|Chinese|EnglishCensored|Korean|German
message,s527_d30_0501,Sheet1,19,8,ID|Speaker|Japanese|English|Chinese|EnglishCensored|Korean|German
message,s527_t50_0101,Sheet1,18,8,ID|Speaker|Japanese|English|Chinese|EnglishCensored|Korean|German
message,s527_t50_0201,Sheet1,55,8,ID|Speaker|Japanese|English|Chinese|EnglishCensored|Korean|German
message,s527_t50_0301,Sheet1,14,8,ID|Speaker|Japanese|English|Chinese|EnglishCensored|Korean|German
message,s527_t50_0601,Sheet1,16,8,ID|Speaker|Japanese|English|Chinese|EnglishCensored|Korean|German
message,s527_t50_0701,Sheet1,46,8,ID|Speaker|Japanese|English|Chinese|EnglishCensored|Korean|German
message,s528_d30_0401,Sheet1,35,8,ID|Speaker|Japanese|English|Chinese|EnglishCensored|Korean|German
message,s528_d30_0501,Sheet1,13,8,ID|Speaker|Japanese|English|Chinese|EnglishCensored|Korean|German
message,s528_d30_0701,Sheet1,77,8,ID|Speaker|Japanese|English|Chinese|EnglishCensored|Korean|German
message,s528_d30_0801,Sheet1,10,8,ID|Speaker|Japanese|English|Chinese|EnglishCensored|Korean|German
message,s528_t21_0301,Sheet1,46,8,ID|Speaker|Japanese|English|Chinese|EnglishCensored|Korean|German
message,s528_t21_0601,Sheet1,28,8,ID|Speaker|Japanese|English|Chinese|EnglishCensored|Korean|German
message,s528_t50_0101,Sheet1,11,8,ID|Speaker|Japanese|English|Chinese|EnglishCensored|Korean|German
message,s528_t50_0201,Sheet1,26,8,ID|Speaker|Japanese|English|Chinese|EnglishCensored|Korean|German
message,s528_t50_0901,Sheet1,22,8,ID|Speaker|Japanese|English|Chinese|EnglishCensored|Korean|German
message,s529_d30_0501,Sheet1,12,8,ID|Speaker|Japanese|English|Chinese|EnglishCensored|Korean|German
message,s529_d30_0601,Sheet1,32,8,ID|Speaker|Japanese|English|Chinese|EnglishCensored|Korean|German
message,s529_t05_0101,Sheet1,97,8,ID|Speaker|Japanese|English|Chinese|EnglishCensored|Korean|German
message,s529_t05_0201,Sheet1,28,8,ID|Speaker|Japanese|English|Chinese|EnglishCensored|Korean|German
message,s529_t05_0301,Sheet1,8,8,ID|Speaker|Japanese|English|Chinese|EnglishCensored|Korean|German
message,s529_t05_0401,Sheet1,6,8,ID|Speaker|Japanese|English|Chinese|EnglishCensored|Korean|German
message,s529_t05_0701,Sheet1,70,8,ID|Speaker|Japanese|English|Chinese|EnglishCensored|Korean|German
message,s530_t22_0101,Sheet1,24,8,ID|Speaker|Japanese|English|Chinese|EnglishCensored|Korean|German
message,s530_t22_0202,Sheet1,8,8,ID|Speaker|Japanese|English|Chinese|EnglishCensored|Korean|German
message,s530_t22_0203,Sheet1,14,8,ID|Speaker|Japanese|English|Chinese|EnglishCensored|Korean|German
message,s530_t22_0204,Sheet1,15,8,ID|Speaker|Japanese|English|Chinese|EnglishCensored|Korean|German
message,s530_t22_0205,Sheet1,11,8,ID|Speaker|Japanese|English|Chinese|EnglishCensored|Korean|German
message,s530_t22_0206,Sheet1,4,8,ID|Speaker|Japanese|English|Chinese|EnglishCensored|Korean|German
message,s530_t22_0207,Sheet1,99,8,ID|Speaker|Japanese|English|Chinese|EnglishCensored|Korean|German
message,s530_t22_0301,Sheet1,64,8,ID|Speaker|Japanese|English|Chinese|EnglishCensored|Korean|German
message,s530_t22_0401,Sheet1,45,8,ID|Speaker|Japanese|English|Chinese|EnglishCensored|Korean|German
message,s530_t50_0201,Sheet1,98,8,ID|Speaker|Japanese|English|Chinese|EnglishCensored|Korean|German
message,s531_d02_0201,Sheet1,13,8,ID|Speaker|Japanese|English|Chinese|EnglishCensored|Korean|German
message,s531_d30_0202,Sheet1,4,8,ID|Speaker|Japanese|English|Chinese|EnglishCensored|Korean|German
message,s531_d30_0301,Sheet1,132,8,ID|Speaker|Japanese|English|Chinese|EnglishCensored|Korean|German
message,s531_d30_0401,Sheet1,82,8,ID|Speaker|Japanese|English|Chinese|EnglishCensored|Korean|German
message,s531_d30_0601,Sheet1,88,8,ID|Speaker|Japanese|English|Chinese|EnglishCensored|Korean|German
message,s531_t01_0102,Sheet1,8,8,ID|Speaker|Japanese|English|Chinese|EnglishCensored|Korean|German
message,s531_t05_0101,Sheet1,87,8,ID|Speaker|Japanese|English|Chinese|EnglishCensored|Korean|German
message,s535_d30_0201,Sheet1,11,8,ID|Speaker|Japanese|English|Chinese|EnglishCensored|Korean|German
message,s535_d30_0301,Sheet1,4,8,ID|Speaker|Japanese|English|Chinese|EnglishCensored|Korean|German
message,s535_d30_0401,Sheet1,13,8,ID|Speaker|Japanese|English|Chinese|EnglishCensored|Korean|German
message,s535_d30_0501,Sheet1,17,8,ID|Speaker|Japanese|English|Chinese|EnglishCensored|Korean|German
message,s535_t50_0101,Sheet1,12,8,ID|Speaker|Japanese|English|Chinese|EnglishCensored|Korean|German
message,s536_d30_0301,Sheet1,9,8,ID|Speaker|Japanese|English|Chinese|EnglishCensored|Korean|German
message,s536_d30_0302,Sheet1,20,8,ID|Speaker|Japanese|English|Chinese|EnglishCensored|Korean|German
message,s536_d30_0401,Sheet1,21,8,ID|Speaker|Japanese|English|Chinese|EnglishCensored|Korean|German
message,s536_t21_0201,Sheet1,10,8,ID|Speaker|Japanese|English|Chinese|EnglishCensored|Korean|German
message,s536_t50_0101,Sheet1,22,8,ID|Speaker|Japanese|English|Chinese|EnglishCensored|Korean|German
message,s536_t50_0501,Sheet1,17,8,ID|Speaker|Japanese|English|Chinese|EnglishCensored|Korean|German
message,s537_d30_0301,Sheet1,14,8,ID|Speaker|Japanese|English|Chinese|EnglishCensored|Korean|German
message,s537_d30_0401,Sheet1,9,8,ID|Speaker|Japanese|English|Chinese|EnglishCensored|Korean|German
message,s537_d30_0601,Sheet1,9,8,ID|Speaker|Japanese|English|Chinese|EnglishCensored|Korean|German
message,s537_t05_0101,Sheet1,8,8,ID|Speaker|Japanese|English|Chinese|EnglishCensored|Korean|German
message,s537_t05_0201,Sheet1,19,8,ID|Speaker|Japanese|English|Chinese|EnglishCensored|Korean|German
message,s537_t05_0501,Sheet1,11,8,ID|Speaker|Japanese|English|Chinese|EnglishCensored|Korean|German
message,s538_d30_0301,Sheet1,16,8,ID|Speaker|Japanese|English|Chinese|EnglishCensored|Korean|German
message,s538_d30_0401,Sheet1,38,8,ID|Speaker|Japanese|English|Chinese|EnglishCensored|Korean|German
message,s538_t50_0101,Sheet1,13,8,ID|Speaker|Japanese|English|Chinese|EnglishCensored|Korean|German
message,s538_t50_0501,Sheet1,15,8,ID|Speaker|Japanese|English|Chinese|EnglishCensored|Korean|German
message,s539_d02_0201,Sheet1,2,8,ID|Speaker|Japanese|English|Chinese|EnglishCensored|Korean|German
message,s539_d02_0301,Sheet1,1,8,ID|Speaker|Japanese|English|Chinese|EnglishCensored|Korean|German
message,s539_d02_0601,Sheet1,9,8,ID|Speaker|Japanese|English|Chinese|EnglishCensored|Korean|German
message,s539_d02_0701,Sheet1,11,8,ID|Speaker|Japanese|English|Chinese|EnglishCensored|Korean|German
message,s539_t50_0101,Sheet1,23,8,ID|Speaker|Japanese|English|Chinese|EnglishCensored|Korean|German
message,s539_t50_0801,Sheet1,36,8,ID|Speaker|Japanese|English|Chinese|EnglishCensored|Korean|German
message,s540_d30_0501,Sheet1,2,8,ID|Speaker|Japanese|English|Chinese|EnglishCensored|Korean|German
message,s540_d30_0601,Sheet1,16,8,ID|Speaker|Japanese|English|Chinese|EnglishCensored|Korean|German
message,s540_d30_0701,Sheet1,7,8,ID|Speaker|Japanese|English|Chinese|EnglishCensored|Korean|German
message,s540_d30_0801,Sheet1,11,8,ID|Speaker|Japanese|English|Chinese|EnglishCensored|Korean|German
message,s540_t20_0201,Sheet1,2,8,ID|Speaker|Japanese|English|Chinese|EnglishCensored|Korean|German
message,s540_t22_0301,Sheet1,1,8,ID|Speaker|Japanese|English|Chinese|EnglishCensored|Korean|German
message,s540_t50_0101,Sheet1,16,8,ID|Speaker|Japanese|English|Chinese|EnglishCensored|Korean|German
message,s540_t50_0901,Sheet1,6,8,ID|Speaker|Japanese|English|Chinese|EnglishCensored|Korean|German
message,s541_d02_0201,Sheet1,3,8,ID|Speaker|Japanese|English|Chinese|EnglishCensored|Korean|German
message,s541_d02_0301,Sheet1,5,8,ID|Speaker|Japanese|English|Chinese|EnglishCensored|Korean|German
message,s541_d02_0401,Sheet1,15,8,ID|Speaker|Japanese|English|Chinese|EnglishCensored|Korean|German
message,s541_t50_0101,Sheet1,12,8,ID|Speaker|Japanese|English|Chinese|EnglishCensored|Korean|German
message,s541_t50_0501,Sheet1,21,8,ID|Speaker|Japanese|English|Chinese|EnglishCensored|Korean|German
message,s542_d30_0201,Sheet1,2,8,ID|Speaker|Japanese|English|Chinese|EnglishCensored|Korean|German
message,s542_d30_0301,Sheet1,10,8,ID|Speaker|Japanese|English|Chinese|EnglishCensored|Korean|German
message,s542_d30_0401,Sheet1,10,8,ID|Speaker|Japanese|English|Chinese|EnglishCensored|Korean|German
message,s542_d30_0501,Sheet1,15,8,ID|Speaker|Japanese|English|Chinese|EnglishCensored|Korean|German
message,s542_t50_0101,Sheet1,21,8,ID|Speaker|Japanese|English|Chinese|EnglishCensored|Korean|German
message,s542_t50_0601,Sheet1,11,8,ID|Speaker|Japanese|English|Chinese|EnglishCensored|Korean|German
message,s543_d02_0201,Sheet1,27,8,ID|Speaker|Japanese|English|Chinese|EnglishCensored|Korean|German
message,s543_d02_0301,Sheet1,9,8,ID|Speaker|Japanese|English|Chinese|EnglishCensored|Korean|German
message,s543_d02_0401,Sheet1,12,8,ID|Speaker|Japanese|English|Chinese|EnglishCensored|Korean|German
message,s543_d02_0501,Sheet1,5,8,ID|Speaker|Japanese|English|Chinese|EnglishCensored|Korean|German
message,s543_d02_0601,Sheet1,14,8,ID|Speaker|Japanese|English|Chinese|EnglishCensored|Korean|German
message,s543_t50_0101,Sheet1,29,8,ID|Speaker|Japanese|English|Chinese|EnglishCensored|Korean|German
message,s543_t50_0701,Sheet1,9,8,ID|Speaker|Japanese|English|Chinese|EnglishCensored|Korean|German
message,s544_t50_0101,Sheet1,17,8,ID|Speaker|Japanese|English|Chinese|EnglishCensored|Korean|German
message,s544_t50_0201,Sheet1,17,8,ID|Speaker|Japanese|English|Chinese|EnglishCensored|Korean|German
message,s544_t50_0301,Sheet1,6,8,ID|Speaker|Japanese|English|Chinese|EnglishCensored|Korean|German
message,s544_t50_0401,Sheet1,8,8,ID|Speaker|Japanese|English|Chinese|EnglishCensored|Korean|German
message,s544_t50_0501,Sheet1,16,8,ID|Speaker|Japanese|English|Chinese|EnglishCensored|Korean|German
message,s544_t50_0601,Sheet1,26,8,ID|Speaker|Japanese|English|Chinese|EnglishCensored|Korean|German
message,s545_d30_1101,Sheet1,3,8,ID|Speaker|Japanese|English|Chinese|EnglishCensored|Korean|German
message,s545_d30_1201,Sheet1,27,8,ID|Speaker|Japanese|English|Chinese|EnglishCensored|Korean|German
message,s545_d30_1301,Sheet1,45,8,ID|Speaker|Japanese|English|Chinese|EnglishCensored|Korean|German
message,s545_t04_0201,Sheet1,9,8,ID|Speaker|Japanese|English|Chinese|EnglishCensored|Korean|German
message,s545_t04_0301,Sheet1,6,8,ID|Speaker|Japanese|English|Chinese|EnglishCensored|Korean|German
message,s545_t04_0401,Sheet1,2,8,ID|Speaker|Japanese|English|Chinese|EnglishCensored|Korean|German
message,s545_t04_0501,Sheet1,2,8,ID|Speaker|Japanese|English|Chinese|EnglishCensored|Korean|German
message,s545_t04_0601,Sheet1,10,8,ID|Speaker|Japanese|English|Chinese|EnglishCensored|Korean|German
message,s545_t04_0701,Sheet1,6,8,ID|Speaker|Japanese|English|Chinese|EnglishCensored|Korean|German
message,s545_t04_0801,Sheet1,6,8,ID|Speaker|Japanese|English|Chinese|EnglishCensored|Korean|German
message,s545_t04_0901,Sheet1,11,8,ID|Speaker|Japanese|English|Chinese|EnglishCensored|Korean|German
message,s545_t04_1001,Sheet1,9,8,ID|Speaker|Japanese|English|Chinese|EnglishCensored|Korean|German
message,s545_t04_1401,Sheet1,29,8,ID|Speaker|Japanese|English|Chinese|EnglishCensored|Korean|German
message,s545_t50_0101,Sheet1,9,8,ID|Speaker|Japanese|English|Chinese|EnglishCensored|Korean|German
message,s545_t50_1501,Sheet1,7,8,ID|Speaker|Japanese|English|Chinese|EnglishCensored|Korean|German
message,s546_d02_0201,Sheet1,23,8,ID|Speaker|Japanese|English|Chinese|EnglishCensored|Korean|German
message,s546_d02_0301,Sheet1,20,8,ID|Speaker|Japanese|English|Chinese|EnglishCensored|Korean|German
message,s546_t50_0101,Sheet1,25,8,ID|Speaker|Japanese|English|Chinese|EnglishCensored|Korean|German
message,s546_t50_0401,Sheet1,18,8,ID|Speaker|Japanese|English|Chinese|EnglishCensored|Korean|German
message,s547_d101_0202,Sheet1,15,8,ID|Speaker|Japanese|English|Chinese|EnglishCensored|Korean|German
message,s547_d101_0301,Sheet1,22,8,ID|Speaker|Japanese|English|Chinese|EnglishCensored|Korean|German
message,s547_t25_0201,Sheet1,5,8,ID|Speaker|Japanese|English|Chinese|EnglishCensored|Korean|German
message,s547_t50_0101,Sheet1,20,8,ID|Speaker|Japanese|English|Chinese|EnglishCensored|Korean|German
message,s547_t50_0401,Sheet1,9,8,ID|Speaker|Japanese|English|Chinese|EnglishCensored|Korean|German
message,s548_d30_0201,Sheet1,21,8,ID|Speaker|Japanese|English|Chinese|EnglishCensored|Korean|German
message,s548_d30_0301,Sheet1,4,8,ID|Speaker|Japanese|English|Chinese|EnglishCensored|Korean|German
message,s548_d30_0401,Sheet1,25,8,ID|Speaker|Japanese|English|Chinese|EnglishCensored|Korean|German
message,s548_d30_0501,Sheet1,8,8,ID|Speaker|Japanese|English|Chinese|EnglishCensored|Korean|German
message,s548_d30_0601,Sheet1,4,8,ID|Speaker|Japanese|English|Chinese|EnglishCensored|Korean|German
message,s548_t50_0101,Sheet1,24,8,ID|Speaker|Japanese|English|Chinese|EnglishCensored|Korean|German
message,s548_t50_0701,Sheet1,11,8,ID|Speaker|Japanese|English|Chinese|EnglishCensored|Korean|German
message,s549_d14_0201,Sheet1,3,8,ID|Speaker|Japanese|English|Chinese|EnglishCensored|Korean|German
message,s549_d14_0301,Sheet1,7,8,ID|Speaker|Japanese|English|Chinese|EnglishCensored|Korean|German
message,s549_d14_0401,Sheet1,3,8,ID|Speaker|Japanese|English|Chinese|EnglishCensored|Korean|German
message,s549_d14_0501,Sheet1,8,8,ID|Speaker|Japanese|English|Chinese|EnglishCensored|Korean|German
message,s549_d14_0601,Sheet1,4,8,ID|Speaker|Japanese|English|Chinese|EnglishCensored|Korean|German
message,s549_d14_0701,Sheet1,14,8,ID|Speaker|Japanese|English|Chinese|EnglishCensored|Korean|German
message,s549_t50_0101,Sheet1,14,8,ID|Speaker|Japanese|English|Chinese|EnglishCensored|Korean|German
message,s549_t50_0801,Sheet1,12,8,ID|Speaker|Japanese|English|Chinese|EnglishCensored|Korean|German
message,s550_d101_0201,Sheet1,3,8,ID|Speaker|Japanese|English|Chinese|EnglishCensored|Korean|German
message,s550_d101_0301,Sheet1,16,8,ID|Speaker|Japanese|English|Chinese|EnglishCensored|Korean|German
message,s550_d101_0401,Sheet1,5,8,ID|Speaker|Japanese|English|Chinese|EnglishCensored|Korean|German
message,s550_d101_0501,Sheet1,6,8,ID|Speaker|Japanese|English|Chinese|EnglishCensored|Korean|German
message,s550_d101_0601,Sheet1,12,8,ID|Speaker|Japanese|English|Chinese|EnglishCensored|Korean|German
message,s550_t50_0101,Sheet1,20,8,ID|Speaker|Japanese|English|Chinese|EnglishCensored|Korean|German
message,s550_t50_0701,Sheet1,25,8,ID|Speaker|Japanese|English|Chinese|EnglishCensored|Korean|German
message,s551_d101_0201,Sheet1,19,8,ID|Speaker|Japanese|English|Chinese|EnglishCensored|Korean|German
message,s551_d101_0301,Sheet1,2,8,ID|Speaker|Japanese|English|Chinese|EnglishCensored|Korean|German
message,s551_d101_0401,Sheet1,21,8,ID|Speaker|Japanese|English|Chinese|EnglishCensored|Korean|German
message,s551_d101_0501,Sheet1,15,8,ID|Speaker|Japanese|English|Chinese|EnglishCensored|Korean|German
message,s551_t50_0101,Sheet1,8,8,ID|Speaker|Japanese|English|Chinese|EnglishCensored|Korean|German
message,s552_d101_0501,Sheet1,18,8,ID|Speaker|Japanese|English|Chinese|EnglishCensored|Korean|German
message,s552_d101_0601,Sheet1,11,8,ID|Speaker|Japanese|English|Chinese|EnglishCensored|Korean|German
message,s552_t02_0102,Sheet1,3,8,ID|Speaker|Japanese|English|Chinese|EnglishCensored|Korean|German
message,s552_t02_0201,Sheet1,8,8,ID|Speaker|Japanese|English|Chinese|EnglishCensored|Korean|German
message,s552_t02_0301,Sheet1,10,8,ID|Speaker|Japanese|English|Chinese|EnglishCensored|Korean|German
message,s552_t02_0401,Sheet1,20,8,ID|Speaker|Japanese|English|Chinese|EnglishCensored|Korean|German
message,s552_t02_0701,Sheet1,22,8,ID|Speaker|Japanese|English|Chinese|EnglishCensored|Korean|German
message,s552_t05_0101,Sheet1,15,8,ID|Speaker|Japanese|English|Chinese|EnglishCensored|Korean|German
message,s552_t05_0701,Sheet1,22,8,ID|Speaker|Japanese|English|Chinese|EnglishCensored|Korean|German
message,s552_t50_0801,Sheet1,15,8,ID|Speaker|Japanese|English|Chinese|EnglishCensored|Korean|German
message,s553_d30_0201,Sheet1,12,8,ID|Speaker|Japanese|English|Chinese|EnglishCensored|Korean|German
message,s553_d30_0301,Sheet1,21,8,ID|Speaker|Japanese|English|Chinese|EnglishCensored|Korean|German
message,s553_d30_0302,Sheet1,6,8,ID|Speaker|Japanese|English|Chinese|EnglishCensored|Korean|German
message,s553_t50_0101,Sheet1,9,8,ID|Speaker|Japanese|English|Chinese|EnglishCensored|Korean|German
message,s553_t50_0401,Sheet1,16,8,ID|Speaker|Japanese|English|Chinese|EnglishCensored|Korean|German
message,s554_d17_0201,Sheet1,7,8,ID|Speaker|Japanese|English|Chinese|EnglishCensored|Korean|German
message,s554_t11_0501,Sheet1,17,8,ID|Speaker|Japanese|English|Chinese|EnglishCensored|Korean|German
message,s554_t11_0601,Sheet1,38,8,ID|Speaker|Japanese|English|Chinese|EnglishCensored|Korean|German
message,s554_t50_0101,Sheet1,12,8,ID|Speaker|Japanese|English|Chinese|EnglishCensored|Korean|German
message,s554_t50_0701,Sheet1,12,8,ID|Speaker|Japanese|English|Chinese|EnglishCensored|Korean|German
message,s555_d124_0201,Sheet1,5,8,ID|Speaker|Japanese|English|Chinese|EnglishCensored|Korean|German
message,s555_d124_0202,Sheet1,23,8,ID|Speaker|Japanese|English|Chinese|EnglishCensored|Korean|German
message,s555_d124_0301,Sheet1,32,8,ID|Speaker|Japanese|English|Chinese|EnglishCensored|Korean|German
message,s555_t50_0101,Sheet1,18,8,ID|Speaker|Japanese|English|Chinese|EnglishCensored|Korean|German
message,s555_t50_0401,Sheet1,11,8,ID|Speaker|Japanese|English|Chinese|EnglishCensored|Korean|German
message,s556_d123_0201,Sheet1,3,8,ID|Speaker|Japanese|English|Chinese|EnglishCensored|Korean|German
message,s556_d123_0301,Sheet1,12,8,ID|Speaker|Japanese|English|Chinese|EnglishCensored|Korean|German
message,s556_d123_0401,Sheet1,15,8,ID|Speaker|Japanese|English|Chinese|EnglishCensored|Korean|German
message,s556_d123_0501,Sheet1,14,8,ID|Speaker|Japanese|English|Chinese|EnglishCensored|Korean|German
message,s556_t50_0101,Sheet1,15,8,ID|Speaker|Japanese|English|Chinese|EnglishCensored|Korean|German
message,s557_d121_0201,Sheet1,16,8,ID|Speaker|Japanese|English|Chinese|EnglishCensored|Korean|German
message,s557_d121_0301,Sheet1,3,8,ID|Speaker|Japanese|English|Chinese|EnglishCensored|Korean|German
message,s557_d121_0401,Sheet1,8,8,ID|Speaker|Japanese|English|Chinese|EnglishCensored|Korean|German
message,s557_d121_0501,Sheet1,6,8,ID|Speaker|Japanese|English|Chinese|EnglishCensored|Korean|German
message,s557_t50_0101,Sheet1,20,8,ID|Speaker|Japanese|English|Chinese|EnglishCensored|Korean|German
message,s557_t50_0601,Sheet1,35,8,ID|Speaker|Japanese|English|Chinese|EnglishCensored|Korean|German
message,s558_d125_0201,Sheet1,4,8,ID|Speaker|Japanese|English|Chinese|EnglishCensored|Korean|German
message,s558_d125_0301,Sheet1,5,8,ID|Speaker|Japanese|English|Chinese|EnglishCensored|Korean|German
message,s558_d125_0401,Sheet1,34,8,ID|Speaker|Japanese|English|Chinese|EnglishCensored|Korean|German
message,s558_t50_0101,Sheet1,22,8,ID|Speaker|Japanese|English|Chinese|EnglishCensored|Korean|German
message,s559_d01_0201,Sheet1,2,8,ID|Speaker|Japanese|English|Chinese|EnglishCensored|Korean|German
message,s559_d01_0302,Sheet1,10,8,ID|Speaker|Japanese|English|Chinese|EnglishCensored|Korean|German
message,s559_t50_0101,Sheet1,26,8,ID|Speaker|Japanese|English|Chinese|EnglishCensored|Korean|German
message,s559_t50_0401,Sheet1,33,8,ID|Speaker|Japanese|English|Chinese|EnglishCensored|Korean|German
message,s560_d15_0301,Sheet1,8,8,ID|Speaker|Japanese|English|Chinese|EnglishCensored|Korean|German
message,s560_d15_0401,Sheet1,13,8,ID|Speaker|Japanese|English|Chinese|EnglishCensored|Korean|German
message,s560_d15_0501,Sheet1,7,8,ID|Speaker|Japanese|English|Chinese|EnglishCensored|Korean|German
message,s560_d15_0601,Sheet1,15,8,ID|Speaker|Japanese|English|Chinese|EnglishCensored|Korean|German
message,s560_d93_0201,Sheet1,1,8,ID|Speaker|Japanese|English|Chinese|EnglishCensored|Korean|German
message,s560_d93_0701,Sheet1,11,8,ID|Speaker|Japanese|English|Chinese|EnglishCensored|Korean|German
message,s560_t50_0101,Sheet1,12,8,ID|Speaker|Japanese|English|Chinese|EnglishCensored|Korean|German
message,s560_t50_0801,Sheet1,14,8,ID|Speaker|Japanese|English|Chinese|EnglishCensored|Korean|German
message,s561_d11_0301,Sheet1,11,8,ID|Speaker|Japanese|English|Chinese|EnglishCensored|Korean|German
message,s561_d11_0401,Sheet1,42,8,ID|Speaker|Japanese|English|Chinese|EnglishCensored|Korean|German
message,s561_d92_0201,Sheet1,14,8,ID|Speaker|Japanese|English|Chinese|EnglishCensored|Korean|German
message,s561_t50_0101,Sheet1,13,8,ID|Speaker|Japanese|English|Chinese|EnglishCensored|Korean|German
message,s562_d12_0101,Sheet1,13,8,ID|Speaker|Japanese|English|Chinese|EnglishCensored|Korean|German
message,s562_d12_0201,Sheet1,2,8,ID|Speaker|Japanese|English|Chinese|EnglishCensored|Korean|German
message,s562_d12_0301,Sheet1,42,8,ID|Speaker|Japanese|English|Chinese|EnglishCensored|Korean|German
message,s563_d02_0101,Sheet1,11,8,ID|Speaker|Japanese|English|Chinese|EnglishCensored|Korean|German
message,s563_d02_0401,Sheet1,13,8,ID|Speaker|Japanese|English|Chinese|EnglishCensored|Korean|German
message,s563_d02_0501,Sheet1,24,8,ID|Speaker|Japanese|English|Chinese|EnglishCensored|Korean|German
message,s563_d122_0201,Sheet1,10,8,ID|Speaker|Japanese|English|Chinese|EnglishCensored|Korean|German
message,s563_d30_0301,Sheet1,9,8,ID|Speaker|Japanese|English|Chinese|EnglishCensored|Korean|German
message,s564_d150_0201,Sheet1,3,8,ID|Speaker|Japanese|English|Chinese|EnglishCensored|Korean|German
message,s564_d150_0301,Sheet1,3,8,ID|Speaker|Japanese|English|Chinese|EnglishCensored|Korean|German
message,s564_d150_0501,Sheet1,11,8,ID|Speaker|Japanese|English|Chinese|EnglishCensored|Korean|German
message,s564_d150_0601,Sheet1,1,8,ID|Speaker|Japanese|English|Chinese|EnglishCensored|Korean|German
message,s564_d150_0801,Sheet1,1,8,ID|Speaker|Japanese|English|Chinese|EnglishCensored|Korean|German
message,s564_d150_0901,Sheet1,3,8,ID|Speaker|Japanese|English|Chinese|EnglishCensored|Korean|German
message,s564_t30_0101,Sheet1,9,8,ID|Speaker|Japanese|English|Chinese|EnglishCensored|Korean|German
message,s564_t30_0401,Sheet1,15,8,ID|Speaker|Japanese|English|Chinese|EnglishCensored|Korean|German
message,s564_t30_0701,Sheet1,8,8,ID|Speaker|Japanese|English|Chinese|EnglishCensored|Korean|German
message,s601_e00_0101,Sheet1,23,8,ID|Speaker|Japanese|English|Chinese|EnglishCensored|Korean|German
message,s602_e00_0101,Sheet1,37,8,ID|Speaker|Japanese|English|Chinese|EnglishCensored|Korean|German
message,s603_e00_0101,Sheet1,43,8,ID|Speaker|Japanese|English|Chinese|EnglishCensored|Korean|German
message,s604_e00_0101,Sheet1,24,8,ID|Speaker|Japanese|English|Chinese|EnglishCensored|Korean|German
message,s605_e00_0101,Sheet1,20,8,ID|Speaker|Japanese|English|Chinese|EnglishCensored|Korean|German
message,s606_e00_0101,Sheet1,20,8,ID|Speaker|Japanese|English|Chinese|EnglishCensored|Korean|German
message,s607_e00_0101,Sheet1,27,8,ID|Speaker|Japanese|English|Chinese|EnglishCensored|Korean|German
message,s608_e00_0101,Sheet1,33,8,ID|Speaker|Japanese|English|Chinese|EnglishCensored|Korean|German
message,s609_e00_0101,Sheet1,17,8,ID|Speaker|Japanese|English|Chinese|EnglishCensored|Korean|German
message,s610_e00_0101,Sheet1,16,8,ID|Speaker|Japanese|English|Chinese|EnglishCensored|Korean|German
message,s611_e00_0101,Sheet1,11,8,ID|Speaker|Japanese|English|Chinese|EnglishCensored|Korean|German
message,s612_e00_0101,Sheet1,15,8,ID|Speaker|Japanese|English|Chinese|EnglishCensored|Korean|German
message,s613_e00_0101,Sheet1,29,8,ID|Speaker|Japanese|English|Chinese|EnglishCensored|Korean|German
message,s614_e00_0101,Sheet1,16,8,ID|Speaker|Japanese|English|Chinese|EnglishCensored|Korean|German
message,s615_e00_0101,Sheet1,35,8,ID|Speaker|Japanese|English|Chinese|EnglishCensored|Korean|German
message,s616_e00_0101,Sheet1,13,8,ID|Speaker|Japanese|English|Chinese|EnglishCensored|Korean|German
message,s617_e00_0101,Sheet1,11,8,ID|Speaker|Japanese|English|Chinese|EnglishCensored|Korean|German
message,s618_e00_0101,Sheet1,11,8,ID|Speaker|Japanese|English|Chinese|EnglishCensored|Korean|German
message,s619_e00_0101,Sheet1,9,8,ID|Speaker|Japanese|English|Chinese|EnglishCensored|Korean|German
message,s621_e00_0101,Sheet1,15,8,ID|Speaker|Japanese|English|Chinese|EnglishCensored|Korean|German
message,s622_e00_0101,Sheet1,14,8,ID|Speaker|Japanese|English|Chinese|EnglishCensored|Korean|German
message,s623_e00_0101,Sheet1,7,8,ID|Speaker|Japanese|English|Chinese|EnglishCensored|Korean|German
message,s624_e00_0101,Sheet1,11,8,ID|Speaker|Japanese|English|Chinese|EnglishCensored|Korean|German
message,s625_e00_0101,Sheet1,10,8,ID|Speaker|Japanese|English|Chinese|EnglishCensored|Korean|German
message,s626_e00_0101,Sheet1,9,8,ID|Speaker|Japanese|English|Chinese|EnglishCensored|Korean|German
message,s627_e00_0101,Sheet1,6,8,ID|Speaker|Japanese|English|Chinese|EnglishCensored|Korean|German
message,s628_e00_0101,Sheet1,5,8,ID|Speaker|Japanese|English|Chinese|EnglishCensored|Korean|German
message,s629_e00_0101,Sheet1,5,8,ID|Speaker|Japanese|English|Chinese|EnglishCensored|Korean|German
message,s630_e00_0101,Sheet1,4,8,ID|Speaker|Japanese|English|Chinese|EnglishCensored|Korean|German
message,s701_e00_0101,Sheet1,24,8,ID|Speaker|Japanese|English|Chinese|EnglishCensored|Korean|German
message,s701_e00_0201,Sheet1,25,8,ID|Speaker|Japanese|English|Chinese|EnglishCensored|Korean|German
message,s701_e00_0301,Sheet1,29,8,ID|Speaker|Japanese|English|Chinese|EnglishCensored|Korean|German
message,s702_e00_0101,Sheet1,19,8,ID|Speaker|Japanese|English|Chinese|EnglishCensored|Korean|German
message,s702_e00_0201,Sheet1,22,8,ID|Speaker|Japanese|English|Chinese|EnglishCensored|Korean|German
message,s702_e00_0301,Sheet1,22,8,ID|Speaker|Japanese|English|Chinese|EnglishCensored|Korean|German
message,s703_e00_0101,Sheet1,28,8,ID|Speaker|Japanese|English|Chinese|EnglishCensored|Korean|German
message,s703_e00_0201,Sheet1,23,8,ID|Speaker|Japanese|English|Chinese|EnglishCensored|Korean|German
message,s703_e00_0301,Sheet1,21,8,ID|Speaker|Japanese|English|Chinese|EnglishCensored|Korean|German
message,s704_e00_0101,Sheet1,14,8,ID|Speaker|Japanese|English|Chinese|EnglishCensored|Korean|German
message,s704_e00_0201,Sheet1,22,8,ID|Speaker|Japanese|English|Chinese|EnglishCensored|Korean|German
message,s704_e00_0301,Sheet1,22,8,ID|Speaker|Japanese|English|Chinese|EnglishCensored|Korean|German
message,s705_e00_0101,Sheet1,23,8,ID|Speaker|Japanese|English|Chinese|EnglishCensored|Korean|German
message,s705_e00_0201,Sheet1,30,8,ID|Speaker|Japanese|English|Chinese|EnglishCensored|Korean|German
message,s705_e00_0301,Sheet1,27,8,ID|Speaker|Japanese|English|Chinese|EnglishCensored|Korean|German
message,s706_e00_0101,Sheet1,27,8,ID|Speaker|Japanese|English|Chinese|EnglishCensored|Korean|German
message,s706_e00_0201,Sheet1,25,8,ID|Speaker|Japanese|English|Chinese|EnglishCensored|Korean|German
message,s706_e00_0301,Sheet1,30,8,ID|Speaker|Japanese|English|Chinese|EnglishCensored|Korean|German
message,s707_e00_0101,Sheet1,18,8,ID|Speaker|Japanese|English|Chinese|EnglishCensored|Korean|German
message,s707_e00_0201,Sheet1,29,8,ID|Speaker|Japanese|English|Chinese|EnglishCensored|Korean|German
message,s707_e00_0301,Sheet1,22,8,ID|Speaker|Japanese|English|Chinese|EnglishCensored|Korean|German
message,s708_e00_0101,Sheet1,25,8,ID|Speaker|Japanese|English|Chinese|EnglishCensored|Korean|German
message,s708_e00_0201,Sheet1,24,8,ID|Speaker|Japanese|English|Chinese|EnglishCensored|Korean|German
message,s708_e00_0301,Sheet1,32,8,ID|Speaker|Japanese|English|Chinese|EnglishCensored|Korean|German
message,s709_e00_0101,Sheet1,17,8,ID|Speaker|Japanese|English|Chinese|EnglishCensored|Korean|German
message,s709_e00_0201,Sheet1,25,8,ID|Speaker|Japanese|English|Chinese|EnglishCensored|Korean|German
message,s709_e00_0301,Sheet1,31,8,ID|Speaker|Japanese|English|Chinese|EnglishCensored|Korean|German
message,s710_e00_0101,Sheet1,27,8,ID|Speaker|Japanese|English|Chinese|EnglishCensored|Korean|German
message,s710_e00_0201,Sheet1,19,8,ID|Speaker|Japanese|English|Chinese|EnglishCensored|Korean|German
message,s710_e00_0301,Sheet1,21,8,ID|Speaker|Japanese|English|Chinese|EnglishCensored|Korean|German
message,s711_e00_0101,Sheet1,26,8,ID|Speaker|Japanese|English|Chinese|EnglishCensored|Korean|German
message,s711_e00_0201,Sheet1,31,8,ID|Speaker|Japanese|English|Chinese|EnglishCensored|Korean|German
message,s711_e00_0301,Sheet1,34,8,ID|Speaker|Japanese|English|Chinese|EnglishCensored|Korean|German
message,s712_e00_0101,Sheet1,19,8,ID|Speaker|Japanese|English|Chinese|EnglishCensored|Korean|German
message,s712_e00_0201,Sheet1,20,8,ID|Speaker|Japanese|English|Chinese|EnglishCensored|Korean|German
message,s712_e00_0301,Sheet1,27,8,ID|Speaker|Japanese|English|Chinese|EnglishCensored|Korean|German
message,s713_e00_0101,Sheet1,18,8,ID|Speaker|Japanese|English|Chinese|EnglishCensored|Korean|German
message,s713_e00_0201,Sheet1,24,8,ID|Speaker|Japanese|English|Chinese|EnglishCensored|Korean|German
message,s713_e00_0301,Sheet1,32,8,ID|Speaker|Japanese|English|Chinese|EnglishCensored|Korean|German
message,s714_e00_0101,Sheet1,22,8,ID|Speaker|Japanese|English|Chinese|EnglishCensored|Korean|German
message,s714_e00_0201,Sheet1,23,8,ID|Speaker|Japanese|English|Chinese|EnglishCensored|Korean|German
message,s714_e00_0301,Sheet1,30,8,ID|Speaker|Japanese|English|Chinese|EnglishCensored|Korean|German
message,s715_e00_0101,Sheet1,19,8,ID|Speaker|Japanese|English|Chinese|EnglishCensored|Korean|German
message,s715_e00_0201,Sheet1,25,8,ID|Speaker|Japanese|English|Chinese|EnglishCensored|Korean|German
message,s715_e00_0301,Sheet1,25,8,ID|Speaker|Japanese|English|Chinese|EnglishCensored|Korean|German
message,s_common_message,Sheet1,58,8,ID|Speaker|Japanese|English|Chinese|EnglishCensored|Korean|German
message,t0101,Sheet1,16,8,ID|Speaker|Japanese|English|Chinese|EnglishCensored|Korean|German
message,t0101_add,Sheet1,7,8,ID|Speaker|Japanese|English|Chinese|EnglishCensored|Korean|German
message,t0102,Sheet1,19,8,ID|Speaker|Japanese|English|Chinese|EnglishCensored|Korean|German
message,t0102_add,Sheet1,10,8,ID|Speaker|Japanese|English|Chinese|EnglishCensored|Korean|German
message,t0201,Sheet1,16,8,ID|Speaker|Japanese|English|Chinese|EnglishCensored|Korean|German
message,t0201_add,Sheet1,8,8,ID|Speaker|Japanese|English|Chinese|EnglishCensored|Korean|German
message,t0301,Sheet1,7,8,ID|Speaker|Japanese|English|Chinese|EnglishCensored|Korean|German
message,t0301_add,Sheet1,8,8,ID|Speaker|Japanese|English|Chinese|EnglishCensored|Korean|German
message,t0302,Sheet1,6,8,ID|Speaker|Japanese|English|Chinese|EnglishCensored|Korean|German
message,t0302_add,Sheet1,6,8,ID|Speaker|Japanese|English|Chinese|EnglishCensored|Korean|German
message,t0303,Sheet1,51,8,ID|Speaker|Japanese|English|Chinese|EnglishCensored|Korean|German
message,t0303_add,Sheet1,6,8,ID|Speaker|Japanese|English|Chinese|EnglishCensored|Korean|German
message,t0401,Sheet1,15,8,ID|Speaker|Japanese|English|Chinese|EnglishCensored|Korean|German
message,t0401_add,Sheet1,21,8,ID|Speaker|Japanese|English|Chinese|EnglishCensored|Korean|German
message,t0402,Sheet1,14,8,ID|Speaker|Japanese|English|Chinese|EnglishCensored|Korean|German
message,t0402_add,Sheet1,12,8,ID|Speaker|Japanese|English|Chinese|EnglishCensored|Korean|German
message,t0403,Sheet1,4,8,ID|Speaker|Japanese|English|Chinese|EnglishCensored|Korean|German
message,t0403_add,Sheet1,2,8,ID|Speaker|Japanese|English|Chinese|EnglishCensored|Korean|German
message,t0407,Sheet1,15,8,ID|Speaker|Japanese|English|Chinese|EnglishCensored|Korean|German
message,t0408,Sheet1,1,8,ID|Speaker|Japanese|English|Chinese|EnglishCensored|Korean|German
message,t0501,Sheet1,12,8,ID|Speaker|Japanese|English|Chinese|EnglishCensored|Korean|German
message,t0501_add,Sheet1,12,8,ID|Speaker|Japanese|English|Chinese|EnglishCensored|Korean|German
message,t0502,Sheet1,17,8,ID|Speaker|Japanese|English|Chinese|EnglishCensored|Korean|German
message,t0502_add,Sheet1,5,8,ID|Speaker|Japanese|English|Chinese|EnglishCensored|Korean|German
message,t0503,Sheet1,4,8,ID|Speaker|Japanese|English|Chinese|EnglishCensored|Korean|German
message,t0503_add,Sheet1,6,8,ID|Speaker|Japanese|English|Chinese|EnglishCensored|Korean|German
message,t0505,Sheet1,7,8,ID|Speaker|Japanese|English|Chinese|EnglishCensored|Korean|German
message,t0505_add,Sheet1,6,8,ID|Speaker|Japanese|English|Chinese|EnglishCensored|Korean|German
message,t0506,Sheet1,10,8,ID|Speaker|Japanese|English|Chinese|EnglishCensored|Korean|German
message,t0506_add,Sheet1,8,8,ID|Speaker|Japanese|English|Chinese|EnglishCensored|Korean|German
message,t0507,Sheet1,5,8,ID|Speaker|Japanese|English|Chinese|EnglishCensored|Korean|German
message,t0507_add,Sheet1,4,8,ID|Speaker|Japanese|English|Chinese|EnglishCensored|Korean|German
message,t0508,Sheet1,5,8,ID|Speaker|Japanese|English|Chinese|EnglishCensored|Korean|German
message,t0508_add,Sheet1,4,8,ID|Speaker|Japanese|English|Chinese|EnglishCensored|Korean|German
message,t0509,Sheet1,22,8,ID|Speaker|Japanese|English|Chinese|EnglishCensored|Korean|German
message,t0509_add,Sheet1,8,8,ID|Speaker|Japanese|English|Chinese|EnglishCensored|Korean|German
message,t0510,Sheet1,9,8,ID|Speaker|Japanese|English|Chinese|EnglishCensored|Korean|German
message,t0510_add,Sheet1,6,8,ID|Speaker|Japanese|English|Chinese|EnglishCensored|Korean|German
message,t0511,Sheet1,9,8,ID|Speaker|Japanese|English|Chinese|EnglishCensored|Korean|German
message,t0511_add,Sheet1,7,8,ID|Speaker|Japanese|English|Chinese|EnglishCensored|Korean|German
message,t0512,Sheet1,14,8,ID|Speaker|Japanese|English|Chinese|EnglishCensored|Korean|German
message,t0512_add,Sheet1,6,8,ID|Speaker|Japanese|English|Chinese|EnglishCensored|Korean|German
message,t0601,Sheet1,5,8,ID|Speaker|Japanese|English|Chinese|EnglishCensored|Korean|German
message,t0601_add,Sheet1,5,8,ID|Speaker|Japanese|English|Chinese|EnglishCensored|Korean|German
message,t0701,Sheet1,10,8,ID|Speaker|Japanese|English|Chinese|EnglishCensored|Korean|German
message,t0702,Sheet1,11,8,ID|Speaker|Japanese|English|Chinese|EnglishCensored|Korean|German
message,t1001_add,Sheet1,52,8,ID|Speaker|Japanese|English|Chinese|EnglishCensored|Korean|German
message,t1102,Sheet1,6,8,ID|Speaker|Japanese|English|Chinese|EnglishCensored|Korean|German
message,t1102_add,Sheet1,8,8,ID|Speaker|Japanese|English|Chinese|EnglishCensored|Korean|German
message,t1201,Sheet1,8,8,ID|Speaker|Japanese|English|Chinese|EnglishCensored|Korean|German
message,t2001,Sheet1,63,8,ID|Speaker|Japanese|English|Chinese|EnglishCensored|Korean|German
message,t2001_add,Sheet1,61,8,ID|Speaker|Japanese|English|Chinese|EnglishCensored|Korean|German
message,t2101,Sheet1,17,8,ID|Speaker|Japanese|English|Chinese|EnglishCensored|Korean|German
message,t2101_add,Sheet1,8,8,ID|Speaker|Japanese|English|Chinese|EnglishCensored|Korean|German
message,t2201,Sheet1,33,8,ID|Speaker|Japanese|English|Chinese|EnglishCensored|Korean|German
message,t2201_add,Sheet1,18,8,ID|Speaker|Japanese|English|Chinese|EnglishCensored|Korean|German
message,t2301,Sheet1,26,8,ID|Speaker|Japanese|English|Chinese|EnglishCensored|Korean|German
message,t2301_add,Sheet1,15,8,ID|Speaker|Japanese|English|Chinese|EnglishCensored|Korean|German
message,t2401,Sheet1,52,8,ID|Speaker|Japanese|English|Chinese|EnglishCensored|Korean|German
message,t2401_add,Sheet1,19,8,ID|Speaker|Japanese|English|Chinese|EnglishCensored|Korean|German
message,t2404_add,Sheet1,4,8,ID|Speaker|Japanese|English|Chinese|EnglishCensored|Korean|German
message,t2405,Sheet1,9,8,ID|Speaker|Japanese|English|Chinese|EnglishCensored|Korean|German
message,t2501,Sheet1,22,8,ID|Speaker|Japanese|English|Chinese|EnglishCensored|Korean|German
message,t2501_add,Sheet1,30,8,ID|Speaker|Japanese|English|Chinese|EnglishCensored|Korean|German
message,t3001_add,Sheet1,68,8,ID|Speaker|Japanese|English|Chinese|EnglishCensored|Korean|German
message,t5001,Sheet1,10,8,ID|Speaker|Japanese|English|Chinese|EnglishCensored|Korean|German
message,t5002,Sheet1,20,8,ID|Speaker|Japanese|English|Chinese|EnglishCensored|Korean|German
message,t5003,Sheet1,47,8,ID|Speaker|Japanese|English|Chinese|EnglishCensored|Korean|German
message,t5004,Sheet1,20,8,ID|Speaker|Japanese|English|Chinese|EnglishCensored|Korean|German
message,t5005,Sheet1,10,8,ID|Speaker|Japanese|English|Chinese|EnglishCensored|Korean|German
message,v_uchikda_message,Sheet1,42,8,ID|Speaker|Japanese|English|Chinese|EnglishCensored|Korean|German
