name,author,version,category,format_version,n_tables,n_models,n_images,n_scripts,n_other,softcodes,has_modfiles,meta_error,tables,path
,,,,1,0,0,3,0,0,no,yes,"JSONDecodeError: Expecting ',' delimiter: line 3 column 20 (char 49)",,C:\Users\spera\Downloads\digimon\chaos lords\chaos seadramon
,,,,1,0,0,2,0,0,no,yes,"JSONDecodeError: Expecting ',' delimiter: line 3 column 20 (char 49)",,C:\Users\spera\Downloads\digimon\chaos lords\chaosgreymon
,,,,1,0,89,4,0,0,no,yes,JSONDecodeError: Expecting value: line 1 column 1 (char 0),,E:\SteamLibrary\steamapps\common\Digimon Story Cyber Sleuth Complete Edition\SimpleDSCSModManager\mods\nokia - pc backuo
velgmon,,1.0,Digimon,1,0,8,6,0,0,no,yes,,,D:\Mateus\Modding Digimon\velgmon
velgmon,,1.0,Digimon,1,0,8,6,0,0,no,yes,,,D:\SteamLibrary\steamapps\common\SimpleDSCSModManager-develop\SimpleDSCSModManager\mods\velgmon
Yipnos,,,,1,0,11,43,0,0,no,yes,,,D:\Mateus\Modding Digimon\ashy\New folder
Yipnos,,,,1,1,4,42,0,0,no,yes,,model_default_scale/pc,D:\SteamLibrary\steamapps\common\SimpleDSCSModManager-develop\SimpleDSCSModManager\mods\ashy
GankoomonX,.,1,New digimon,1,27,41,10,0,0,yes,yes,,battle_command/Command|battle_command_effect/effect|battle_effect/effect|battle_support_skill/support_skill|battle_voice/voice|battle_voice_add/voice|charname/Sheet1|degeneration_para/digimon|digimon_book_explanation/Sheet1|digimon_common_para/digimon|digimon_farm_para/digimon|digimon_list/digimon|evolution_condition_para/digimon|evolution_next_para/digimon|model_attach_para/digimon01|model_attach_para/digimon02|model_attach_para/digimon03|model_default_scale/digimon|mon_design_para/Monster|mon_para/Monster|mon_para_hard/Monster|skill_content_name/Sheet1|skill_name/Sheet1|skill_use_group_set/digimon|support_skill_content_name/Sheet1|support_skill_name/Sheet1|ui_mon_param_info/Field,D:\Mateus\New folder
Chaos Lords,@Mojoceramon aka @HexerVoodoom,0.1,Recolors,1,0,0,7,0,0,no,yes,,,C:\Users\spera\Downloads\digimon\chaos lords\chaos lords
Saberdramon,@Mojoceramon aka @HexerVoodoom,0.1,Recolors,1,1,0,5,0,0,no,yes,,charname/Sheet1,D:\SteamLibrary\steamapps\common\SimpleDSCSModManager-develop\SimpleDSCSModManager\mods\saberdramon
Atlur Kabuterimon (blue),@Mojoceramon aka HexerVoodoom,0.1,Recolors,1,0,0,2,0,0,no,yes,,,D:\SteamLibrary\steamapps\common\SimpleDSCSModManager-develop\SimpleDSCSModManager\mods\atlur kabuterimon blue
Chaos Gaiomon,@Mojoceramon aka HexerVoodoom,0.1,Recolors,1,1,0,2,0,0,no,yes,,charname/Sheet1,D:\SteamLibrary\steamapps\common\SimpleDSCSModManager-develop\SimpleDSCSModManager\mods\chaos gaioumon
No human face Merukimon,@Mojoceramon aka HexerVoodoom,0.1,Recolors,1,0,0,2,0,0,no,yes,,,D:\SteamLibrary\steamapps\common\SimpleDSCSModManager-develop\SimpleDSCSModManager\mods\merukimon no human face
Ophanimon Core,@Mojoceramon aka HexerVoodoom,0.1,Recolors,1,1,0,3,0,0,no,yes,,charname/Sheet1,D:\SteamLibrary\steamapps\common\SimpleDSCSModManager-develop\SimpleDSCSModManager\mods\ophanimon core
Shiny Tyranomon,@Mojoceramon aka HexerVoodoom,0.1,Recolors,1,1,0,3,0,0,no,yes,,charname/Sheet1,D:\SteamLibrary\steamapps\common\SimpleDSCSModManager-develop\SimpleDSCSModManager\mods\shiny tyranomon
Ulforce Veedramon Future Mode,@Mojoceramon aka HexerVoodoom,0.1,Recolors,1,1,0,2,0,0,no,yes,,charname/Sheet1,D:\SteamLibrary\steamapps\common\SimpleDSCSModManager-develop\SimpleDSCSModManager\mods\ulforce future mode
Ragnaloardmon,Admin,1.0,Digimon,1,25,40,50,0,0,yes,yes,,battle_command/Command|battle_command_effect/effect|battle_effect/effect|battle_support_skill/support_skill|charname/Sheet1|degeneration_para/digimon|digimon_book_explanation/Sheet1|digimon_common_para/digimon|digimon_farm_para/digimon|digimon_list/digimon|evolution_condition_para/digimon|evolution_next_para/digimon|model_attach_para/digimon01|model_attach_para/digimon02|model_attach_para/digimon03|model_default_scale/digimon|mon_design_para/Monster|mon_para/Monster|mon_para_hard/Monster|skill_content_name/Sheet1|skill_name/Sheet1|skill_use_group_set/digimon|support_skill_content_name/Sheet1|support_skill_name/Sheet1|ui_mon_param_info/Field,D:\SteamLibrary\steamapps\common\SimpleDSCSModManager-develop\SimpleDSCSModManager\mods\ragnaloardmon
Proximamon,AlterX,1.0,digimon,1,22,10,6,0,0,yes,yes,,battle_command/Command|battle_command_effect/effect|battle_effect/effect|battle_support_skill/support_skill|charname/Sheet1|degeneration_para/digimon|digimon_book_explanation/Sheet1|digimon_common_para/digimon|digimon_farm_para/digimon|digimon_list/digimon|evolution_condition_para/digimon|evolution_next_para/digimon|model_default_scale/digimon|mon_design_para/Monster|mon_para/Monster|mon_para_hard/Monster|skill_content_name/Sheet1|skill_name/Sheet1|skill_use_group_set/digimon|support_skill_content_name/Sheet1|support_skill_name/Sheet1|ui_mon_param_info/Field,D:\Mateus\Modding Digimon\proximamon
Snimon,burumaru,1.0.0,Digimon,1,24,31,6,0,0,yes,yes,,ZZZbattle_command_effect/effect|ZZZbattle_support_skill/support_skill|ZZZsupport_skill_content_name/Sheet1|ZZZsupport_skill_name/Sheet1|battle_command/Command|charname/Sheet1|degeneration_para/digimon|digimon_book_explanation/Sheet1|digimon_common_para/digimon|digimon_farm_para/digimon|digimon_list/digimon|evolution_condition_para/digimon|evolution_next_para/digimon|model_attach_para/digimon01|model_attach_para/digimon02|model_attach_para/digimon03|model_default_scale/digimon|model_position_offset/offset|mon_design_para/Monster|mon_para/Monster|mon_para_hard/Monster|skill_content_name/Sheet1|skill_name/Sheet1|ui_mon_param_info/Field,D:\Mateus\Snimon
Snimon,burumaru,1.0.0,Digimon,1,24,31,6,0,0,yes,yes,,ZZZbattle_command_effect/effect|ZZZbattle_support_skill/support_skill|ZZZsupport_skill_content_name/Sheet1|ZZZsupport_skill_name/Sheet1|battle_command/Command|charname/Sheet1|degeneration_para/digimon|digimon_book_explanation/Sheet1|digimon_common_para/digimon|digimon_farm_para/digimon|digimon_list/digimon|evolution_condition_para/digimon|evolution_next_para/digimon|model_attach_para/digimon01|model_attach_para/digimon02|model_attach_para/digimon03|model_default_scale/digimon|model_position_offset/offset|mon_design_para/Monster|mon_para/Monster|mon_para_hard/Monster|skill_content_name/Sheet1|skill_name/Sheet1|ui_mon_param_info/Field,D:\SteamLibrary\steamapps\common\SimpleDSCSModManager-develop\SimpleDSCSModManager\mods\Snimon
The Four Sovereign Digimon & Fanglongmon,"CHAOS,AlterX,NIUBI,Arbor",1.5,New digimon,1,29,170,43,0,0,yes,yes,,battle_command/Command|battle_command_effect/effect|battle_effect/effect|battle_se/se|battle_support_skill/support_skill|battle_voice/voice|battle_voice_add/voice|charname/Sheet1|degeneration_para/digimon|digimon_book_explanation/Sheet1|digimon_common_para/digimon|digimon_farm_para/digimon|digimon_list/digimon|evolution_condition_para/digimon|evolution_next_para/digimon|model_attach_para/digimon01|model_attach_para/digimon02|model_attach_para/digimon03|model_default_scale/digimon|model_position_offset/offset|mon_design_para/Monster|mon_para/Monster|mon_para_hard/Monster|skill_content_name/Sheet1|skill_name/Sheet1|skill_use_group_set/digimon|support_skill_content_name/Sheet1|support_skill_name/Sheet1|ui_mon_param_info/Field,D:\Mateus\Modding Digimon\chaos brach\fullbody\fanglongmon
The Four Sovereign Digimon & Fanglongmon,"CHAOS,AlterX,NIUBI,Arbor",1.5,New digimon,1,29,170,33,0,0,yes,yes,,battle_command/Command|battle_command_effect/effect|battle_effect/effect|battle_se/se|battle_support_skill/support_skill|battle_voice/voice|battle_voice_add/voice|charname/Sheet1|degeneration_para/digimon|digimon_book_explanation/Sheet1|digimon_common_para/digimon|digimon_farm_para/digimon|digimon_list/digimon|evolution_condition_para/digimon|evolution_next_para/digimon|model_attach_para/digimon01|model_attach_para/digimon02|model_attach_para/digimon03|model_default_scale/digimon|model_position_offset/offset|mon_design_para/Monster|mon_para/Monster|mon_para_hard/Monster|skill_content_name/Sheet1|skill_name/Sheet1|skill_use_group_set/digimon|support_skill_content_name/Sheet1|support_skill_name/Sheet1|ui_mon_param_info/Field,D:\Mateus\Modding Digimon\chaos brach\fullbody\fanglongmon\New folder
The Four Sovereign Digimon & Fanglongmon,"CHAOS,AlterX,NIUBI,Arbor",1.5,New digimon,1,29,170,34,0,0,yes,yes,,battle_command/Command|battle_command_effect/effect|battle_effect/effect|battle_se/se|battle_support_skill/support_skill|battle_voice/voice|battle_voice_add/voice|charname/Sheet1|degeneration_para/digimon|digimon_book_explanation/Sheet1|digimon_common_para/digimon|digimon_farm_para/digimon|digimon_list/digimon|evolution_condition_para/digimon|evolution_next_para/digimon|model_attach_para/digimon01|model_attach_para/digimon02|model_attach_para/digimon03|model_default_scale/digimon|model_position_offset/offset|mon_design_para/Monster|mon_para/Monster|mon_para_hard/Monster|skill_content_name/Sheet1|skill_name/Sheet1|skill_use_group_set/digimon|support_skill_content_name/Sheet1|support_skill_name/Sheet1|ui_mon_param_info/Field,D:\Mateus\ultimatebrachiomon
The Four Sovereign Digimon & Fanglongmon,"CHAOS,AlterX,NIUBI,Arbor",1.5,New digimon,1,29,170,43,0,0,yes,yes,,battle_command/Command|battle_command_effect/effect|battle_effect/effect|battle_se/se|battle_support_skill/support_skill|battle_voice/voice|battle_voice_add/voice|charname/Sheet1|degeneration_para/digimon|digimon_book_explanation/Sheet1|digimon_common_para/digimon|digimon_farm_para/digimon|digimon_list/digimon|evolution_condition_para/digimon|evolution_next_para/digimon|model_attach_para/digimon01|model_attach_para/digimon02|model_attach_para/digimon03|model_default_scale/digimon|model_position_offset/offset|mon_design_para/Monster|mon_para/Monster|mon_para_hard/Monster|skill_content_name/Sheet1|skill_name/Sheet1|skill_use_group_set/digimon|support_skill_content_name/Sheet1|support_skill_name/Sheet1|ui_mon_param_info/Field,D:\SteamLibrary\steamapps\common\SimpleDSCSModManager-develop\SimpleDSCSModManager\mods\fanglongmon
BanchoLillymon,"Cyberpro123, Loud Kuyuki, Pherakki",0.1.1,Digimon,1,28,48,18,0,0,yes,yes,,battle_command/Command|battle_command_effect/effect|battle_effect/effect|battle_se/se|battle_support_skill/support_skill|battle_voice/voice|battle_voice_add/voice|charname/Sheet1|degeneration_para/digimon|digimon_book_explanation/Sheet1|digimon_common_para/digimon|digimon_farm_para/digimon|digimon_list/digimon|evolution_condition_para/digimon|evolution_next_para/digimon|model_attach_para/digimon01|model_attach_para/digimon02|model_attach_para/digimon03|model_default_scale/digimon|model_position_offset/offset|mon_design_para/Monster|mon_para/Monster|mon_para_hard/Monster|skill_content_name/Sheet1|skill_name/Sheet1|support_skill_content_name/Sheet1|support_skill_name/Sheet1|ui_mon_param_info/Field,D:\SteamLibrary\steamapps\common\SimpleDSCSModManager-develop\SimpleDSCSModManager\mods\chr486_v011 (2)
Omnimon X,"Cyberpro123, Loud Kuyuki, Pherakki",0.1.1,Digimon,1,0,0,0,0,0,no,yes,,,D:\Mateus\Modding Digimon\ultimateOmegamon\process\X
WereGarurumon Sagittarius Mode,Echodex & Mojoceramon,1,New Digimon,1,0,33,23,0,0,no,yes,,,D:\SteamLibrary\steamapps\common\SimpleDSCSModManager-develop\SimpleDSCSModManager\mods\v2_red
BanchoLeomon BM,Echodex & Mojoceramon (Texture),1,Digimon,1,25,4,13,0,0,yes,yes,,battle_command/Command|battle_command_effect/effect|battle_support_skill/support_skill|charname/Sheet1|degeneration_para/digimon|digimon_book_explanation/Sheet1|digimon_common_para/digimon|digimon_farm_para/digimon|digimon_list/digimon|evolution_condition_para/digimon|evolution_next_para/digimon|model_attach_para/digimon01|model_attach_para/digimon02|model_attach_para/digimon03|model_default_scale/digimon|mon_design_para/Monster|mon_para/Monster|mon_para_hard/Monster|same_animation_data/digimon|skill_content_name/Sheet1|skill_name/Sheet1|skill_use_group_set/digimon|support_skill_content_name/Sheet1|support_skill_name/Sheet1|ui_mon_param_info/Field,D:\SteamLibrary\steamapps\common\SimpleDSCSModManager-develop\SimpleDSCSModManager\mods\bancholeomon_bm
ChronoCore Duo: ChaosGallantmon & Ophanimon Core,"Echodex, GuilTronPrime (Texture), Mojoceramon (Texture)",1,Digimon,1,26,12,36,0,0,yes,yes,,battle_command/Command|battle_command_effect/effect|battle_effect/effect|battle_support_skill/support_skill|charname/Sheet1|degeneration_para/digimon|digimon_book_explanation/Sheet1|digimon_common_para/digimon|digimon_farm_para/digimon|digimon_list/digimon|evolution_condition_para/digimon|evolution_next_para/digimon|model_attach_para/digimon01|model_attach_para/digimon02|model_attach_para/digimon03|model_default_scale/digimon|mon_design_para/Monster|mon_para/Monster|mon_para_hard/Monster|same_animation_data/digimon|skill_content_name/Sheet1|skill_name/Sheet1|skill_use_group_set/digimon|support_skill_content_name/Sheet1|support_skill_name/Sheet1|ui_mon_param_info/Field,D:\SteamLibrary\steamapps\common\SimpleDSCSModManager-develop\SimpleDSCSModManager\mods\chrono_core_duo
GrandMaster Tyrannomon,FloOfMagic & Mojoceramon,0.1,New Digimon,1,24,32,112,0,0,yes,yes,,battle_command/Command|battle_command_effect/effect|battle_effect/effect|battle_support_skill/support_skill|charname/Sheet1|degeneration_para/digimon|digimon_book_explanation/Sheet1|digimon_common_para/digimon|digimon_farm_para/digimon|digimon_list/digimon|evolution_condition_para/digimon|evolution_next_para/digimon|model_attach_para/digimon01|model_attach_para/digimon02|model_attach_para/digimon03|model_default_scale/digimon|mon_design_para/Monster|mon_para/Monster|mon_para_hard/Monster|skill_content_name/Sheet1|skill_name/Sheet1|skill_use_group_set/digimon|support_skill_content_name/Sheet1|support_skill_name/Sheet1,D:\Mateus\Modding Digimon\grandmaster_tyrannomon\gmtyrano_mod\1st part
GrandMaster Tyrannomon,FloOfMagic & Mojoceramon,0.1,New Digimon,1,24,40,112,0,0,yes,yes,,battle_command/Command|battle_command_effect/effect|battle_effect/effect|battle_support_skill/support_skill|charname/Sheet1|degeneration_para/digimon|digimon_book_explanation/Sheet1|digimon_common_para/digimon|digimon_farm_para/digimon|digimon_list/digimon|evolution_condition_para/digimon|evolution_next_para/digimon|model_attach_para/digimon01|model_attach_para/digimon02|model_attach_para/digimon03|model_default_scale/digimon|mon_design_para/Monster|mon_para/Monster|mon_para_hard/Monster|skill_content_name/Sheet1|skill_name/Sheet1|skill_use_group_set/digimon|support_skill_content_name/Sheet1|support_skill_name/Sheet1,D:\Mateus\Modding Digimon\grandmaster_tyrannomon\gmtyrano_mod\1st part\GMT2
GrandMaster Tyrannomon,FloOfMagic & Mojoceramon,0.1,New Digimon,1,24,40,115,0,0,yes,yes,,battle_command/Command|battle_command_effect/effect|battle_effect/effect|battle_support_skill/support_skill|charname/Sheet1|degeneration_para/digimon|digimon_book_explanation/Sheet1|digimon_common_para/digimon|digimon_farm_para/digimon|digimon_list/digimon|evolution_condition_para/digimon|evolution_next_para/digimon|model_attach_para/digimon01|model_attach_para/digimon02|model_attach_para/digimon03|model_default_scale/digimon|mon_design_para/Monster|mon_para/Monster|mon_para_hard/Monster|skill_content_name/Sheet1|skill_name/Sheet1|skill_use_group_set/digimon|support_skill_content_name/Sheet1|support_skill_name/Sheet1,D:\Mateus\Modding Digimon\grandmaster_tyrannomon\gmtyrano_mod\2nd part (animations)
GrandMaster Tyrannomon,FloOfMagic & Mojoceramon,0.1,New Digimon,1,24,40,115,0,0,yes,yes,,battle_command/Command|battle_command_effect/effect|battle_effect/effect|battle_support_skill/support_skill|charname/Sheet1|degeneration_para/digimon|digimon_book_explanation/Sheet1|digimon_common_para/digimon|digimon_farm_para/digimon|digimon_list/digimon|evolution_condition_para/digimon|evolution_next_para/digimon|model_attach_para/digimon01|model_attach_para/digimon02|model_attach_para/digimon03|model_default_scale/digimon|mon_design_para/Monster|mon_para/Monster|mon_para_hard/Monster|skill_content_name/Sheet1|skill_name/Sheet1|skill_use_group_set/digimon|support_skill_content_name/Sheet1|support_skill_name/Sheet1,D:\Mateus\Modding Digimon\grandmaster_tyrannomon\last version
GrandMaster Tyrannomon,FloOfMagic & Mojoceramon,0.1,New Digimon,1,24,40,115,0,0,yes,yes,,battle_command/Command|battle_command_effect/effect|battle_effect/effect|battle_support_skill/support_skill|charname/Sheet1|degeneration_para/digimon|digimon_book_explanation/Sheet1|digimon_common_para/digimon|digimon_farm_para/digimon|digimon_list/digimon|evolution_condition_para/digimon|evolution_next_para/digimon|model_attach_para/digimon01|model_attach_para/digimon02|model_attach_para/digimon03|model_default_scale/digimon|mon_design_para/Monster|mon_para/Monster|mon_para_hard/Monster|skill_content_name/Sheet1|skill_name/Sheet1|skill_use_group_set/digimon|support_skill_content_name/Sheet1|support_skill_name/Sheet1,D:\SteamLibrary\steamapps\common\SimpleDSCSModManager-develop\SimpleDSCSModManager\mods\GMT2
Sistermon model replace,Gar0uPhoenix & Mojoceramon,0.1,New Digimon,1,0,8,37,0,0,no,yes,,,D:\Mateus\Modding Digimon\SISTERMONS\sistermons mod\model replacement
Sistermon mods,Gar0uPhoenix & Mojoceramon,0.1,New Digimon,1,25,184,71,0,0,yes,yes,,battle_command/Command|battle_command_effect/effect|battle_effect/effect|battle_support_skill/support_skill|charname/Sheet1|degeneration_para/digimon|digimon_book_explanation/Sheet1|digimon_common_para/digimon|digimon_farm_para/digimon|digimon_list/digimon|evolution_condition_para/digimon|evolution_next_para/digimon|model_attach_para/digimon01|model_attach_para/digimon02|model_attach_para/digimon03|model_default_scale/digimon|model_position_offset/offset|mon_design_para/Monster|mon_para/Monster|mon_para_hard/Monster|skill_content_name/Sheet1|skill_name/Sheet1|skill_use_group_set/digimon|support_skill_content_name/Sheet1|support_skill_name/Sheet1,D:\Mateus\Modding Digimon\SISTERMONS\sistermons mod
Sistermon mods,Gar0uPhoenix & Mojoceramon,0.1,New Digimon,1,25,184,71,0,0,yes,yes,,battle_command/Command|battle_command_effect/effect|battle_effect/effect|battle_support_skill/support_skill|charname/Sheet1|degeneration_para/digimon|digimon_book_explanation/Sheet1|digimon_common_para/digimon|digimon_farm_para/digimon|digimon_list/digimon|evolution_condition_para/digimon|evolution_next_para/digimon|model_attach_para/digimon01|model_attach_para/digimon02|model_attach_para/digimon03|model_default_scale/digimon|model_position_offset/offset|mon_design_para/Monster|mon_para/Monster|mon_para_hard/Monster|skill_content_name/Sheet1|skill_name/Sheet1|skill_use_group_set/digimon|support_skill_content_name/Sheet1|support_skill_name/Sheet1,D:\SteamLibrary\steamapps\common\SimpleDSCSModManager-develop\SimpleDSCSModManager\mods\qsistermons mod
Sistermon mods,Gar0uPhoenix & Mojoceramon,0.1,New Digimon,1,25,184,71,0,0,yes,yes,,battle_command/Command|battle_command_effect/effect|battle_effect/effect|battle_support_skill/support_skill|charname/Sheet1|degeneration_para/digimon|digimon_book_explanation/Sheet1|digimon_common_para/digimon|digimon_farm_para/digimon|digimon_list/digimon|evolution_condition_para/digimon|evolution_next_para/digimon|model_attach_para/digimon01|model_attach_para/digimon02|model_attach_para/digimon03|model_default_scale/digimon|model_position_offset/offset|mon_design_para/Monster|mon_para/Monster|mon_para_hard/Monster|skill_content_name/Sheet1|skill_name/Sheet1|skill_use_group_set/digimon|support_skill_content_name/Sheet1|support_skill_name/Sheet1,D:\SteamLibrary\steamapps\common\SimpleDSCSModManager-develop\SimpleDSCSModManager\mods\sistermons mod
Sistermon mods,Gar0uPhoenix & Mojoceramon,0.1,New Digimon,1,25,184,71,0,0,yes,yes,,battle_command/Command|battle_command_effect/effect|battle_effect/effect|battle_support_skill/support_skill|charname/Sheet1|degeneration_para/digimon|digimon_book_explanation/Sheet1|digimon_common_para/digimon|digimon_farm_para/digimon|digimon_list/digimon|evolution_condition_para/digimon|evolution_next_para/digimon|model_attach_para/digimon01|model_attach_para/digimon02|model_attach_para/digimon03|model_default_scale/digimon|model_position_offset/offset|mon_design_para/Monster|mon_para/Monster|mon_para_hard/Monster|skill_content_name/Sheet1|skill_name/Sheet1|skill_use_group_set/digimon|support_skill_content_name/Sheet1|support_skill_name/Sheet1,D:\SteamLibrary\steamapps\common\SimpleDSCSModManager-develop\SimpleDSCSModManager\mods\wsistermons mod
Nicole ZZZ,Hexer,1.0,Digimon,1,0,4,14,0,0,no,yes,,,D:\Mateus\Modding Digimon\ZZZ\mod\nicole zzz
Nicole ZZZ,Hexer,1.0,Digimon,1,0,4,18,0,0,no,yes,,,D:\SteamLibrary\steamapps\common\SimpleDSCSModManager-develop\SimpleDSCSModManager\mods\nicole zzz
Nicole ZZZ 2d face,Hexer,1.0,Digimon,1,0,4,14,0,0,no,yes,,,D:\Mateus\Modding Digimon\ZZZ\mod\nicole zzz\2d face
Nicole ZZZ 2d face,Hexer,1.0,Digimon,1,0,4,14,0,0,no,yes,,,D:\SteamLibrary\steamapps\common\SimpleDSCSModManager-develop\SimpleDSCSModManager\mods\2d face
 corrupted imperialdramon fighter mode,HexerVoodoom,0.1,Recolors,1,1,68,102,0,0,no,yes,,charname/Sheet1,D:\SteamLibrary\steamapps\common\SimpleDSCSModManager-develop\SimpleDSCSModManager\mods\imperial fm infected
 corrupted imperialdramon fighter mode,HexerVoodoom,0.1,Recolors,1,8,74,102,0,0,yes,yes,,battle_command/Command|battle_command_effect/effect|battle_effect/effect|battle_support_skill/support_skill|battle_voice/voice|battle_voice_add/voice|charname/Sheet1|digimon_farm_para/digimon,D:\SteamLibrary\steamapps\common\SimpleDSCSModManager-develop\SimpleDSCSModManager\mods\imperial fm infected3
 falcomon,HexerVoodoom,0.1,Recolors,1,0,0,1,0,0,no,yes,,,D:\SteamLibrary\steamapps\common\SimpleDSCSModManager-develop\SimpleDSCSModManager\mods\falcomon
 imperialdramon DragonMode black,HexerVoodoom,0.1,Recolors,1,1,0,2,0,0,no,yes,,charname/Sheet1,D:\SteamLibrary\steamapps\common\SimpleDSCSModManager-develop\SimpleDSCSModManager\mods\imperialdramon black
Black Uniform Police,HexerVoodoom,0.1,Recolors,1,0,0,5,0,0,no,yes,,,D:\SteamLibrary\steamapps\common\SimpleDSCSModManager-develop\SimpleDSCSModManager\mods\black outfit police
blacktoyagumon,HexerVoodoom,0.1,Digimon Recolors,1,1,0,2,0,0,no,yes,,charname/Sheet1,D:\SteamLibrary\steamapps\common\SimpleDSCSModManager-develop\SimpleDSCSModManager\mods\blacktoyagumon
Digidestined Mod,HexerVoodoom,0.1,Recolors,1,26,4,9,0,0,yes,yes,,battle_command/Command|battle_command_effect/effect|battle_effect/effect|battle_se/se|degeneration_para/digimon|digimon_farm_para/digimon|digimon_market_para/table|equip_para/table|evolution_condition_para/digimon|evolution_next_para/digimon|experience_table/table|farm_training/course|farm_training/personality|hacking_skill_condition_exp/Sheet1|hacking_skill_conditions/Condition|item_explanation/Sheet1|item_name/Sheet1|item_para/table|lvup_para/table|mon_para/Monster|mon_para_hard/Monster|personality/Sheet1|personality_para/table|shop_para/lineup|skill_content_name/Sheet1|skill_name/Sheet1,D:\SteamLibrary\steamapps\common\SimpleDSCSModManager-develop\SimpleDSCSModManager\mods\DigiDestined
DW2 diaboromon,HexerVoodoom,0.1,Recolors,1,0,0,2,0,0,no,yes,,,D:\SteamLibrary\steamapps\common\SimpleDSCSModManager-develop\SimpleDSCSModManager\mods\diaboromon
DW2 meteormon,HexerVoodoom,0.1,Recolors,1,0,0,2,0,0,no,yes,,,D:\SteamLibrary\steamapps\common\SimpleDSCSModManager-develop\SimpleDSCSModManager\mods\meteormon
DW2 seraphimon,HexerVoodoom,0.1,Recolors,1,0,0,2,0,0,no,yes,,,D:\SteamLibrary\steamapps\common\SimpleDSCSModManager-develop\SimpleDSCSModManager\mods\DW2 seraphimon
GranKabuterimon,HexerVoodoom,0.1,Recolors,1,1,0,1,0,0,no,yes,,charname/Sheet1,D:\SteamLibrary\steamapps\common\SimpleDSCSModManager-develop\SimpleDSCSModManager\mods\GrandKabuterimon
Gururumon,HexerVoodoom,0.1,Recolors,1,0,0,2,0,0,no,yes,,,D:\SteamLibrary\steamapps\common\SimpleDSCSModManager-develop\SimpleDSCSModManager\mods\gururumon
HM Main character triceramon themed clothes,HexerVoodoom,0.1,Recolors,1,0,0,11,0,0,no,yes,,,D:\SteamLibrary\steamapps\common\SimpleDSCSModManager-develop\SimpleDSCSModManager\mods\main character triceramon clothes
Hudie's gang,HexerVoodoom,0.1,Recolors,1,0,0,18,0,0,no,yes,,,D:\SteamLibrary\steamapps\common\SimpleDSCSModManager-develop\SimpleDSCSModManager\mods\Hudies gang
Kuzuhumon,HexerVoodoom,0.1,Recolors,1,0,0,2,0,0,no,yes,,,D:\SteamLibrary\steamapps\common\SimpleDSCSModManager-develop\SimpleDSCSModManager\mods\kuzuhumon anubis
Lilithmon,HexerVoodoom,0.1,Digimon Recolors,1,0,0,1,0,0,no,yes,,,D:\SteamLibrary\steamapps\common\SimpleDSCSModManager-develop\SimpleDSCSModManager\mods\black lilithmon
Lotosmon,HexerVoodoom,0.1,Digimon Recolors,1,1,0,1,0,0,no,yes,,charname/Sheet1,D:\SteamLibrary\steamapps\common\SimpleDSCSModManager-develop\SimpleDSCSModManager\mods\RedLotosmon
mastemon,HexerVoodoom,0.1,Recolors,1,0,0,2,0,0,no,yes,,,D:\SteamLibrary\steamapps\common\SimpleDSCSModManager-develop\SimpleDSCSModManager\mods\Mastemon
nokia,HexerVoodoom,0.1,Recolors,1,0,0,3,0,0,no,yes,,,D:\SteamLibrary\steamapps\common\SimpleDSCSModManager-develop\SimpleDSCSModManager\mods\mappingtest2
Rina Fighter muscle goddess,HexerVoodoom,1,New digimon,1,30,42,10,2,0,yes,yes,,battle_command/Command|battle_command_effect/effect|battle_support_skill/support_skill|charname/Sheet1|degeneration_para/digimon|digimon_book_explanation/Sheet1|digimon_common_para/digimon|digimon_farm_para/digimon|digimon_list/digimon|evolution_condition_para/digimon|evolution_next_para/digimon|info_message/Sheet1|item_para/table|join_digimon_para/party|m01_t30_0501/Sheet1|m52_t30_2001/Sheet1|model_attach_para/digimon01|model_attach_para/digimon02|model_attach_para/digimon03|model_default_scale/digimon|model_default_scale/pc|mon_design_para/Monster|mon_para/Monster|mon_para_hard/Monster|skill_content_name/Sheet1|skill_name/Sheet1|skill_use_group_set/digimon|support_skill_content_name/Sheet1|support_skill_name/Sheet1|ui_mon_param_info/Field,D:\SteamLibrary\steamapps\common\SimpleDSCSModManager-develop\SimpleDSCSModManager\mods\rina fighter
shamamon,HexerVoodoom,0.1,Digimon Recolors,1,1,0,1,0,0,no,yes,,charname/Sheet1,D:\SteamLibrary\steamapps\common\SimpleDSCSModManager-develop\SimpleDSCSModManager\mods\shamamon
yuuko school,HexerVoodoom,0.1,Characters,1,0,0,1,0,0,no,yes,,,D:\SteamLibrary\steamapps\common\SimpleDSCSModManager-develop\SimpleDSCSModManager\mods\school yuuko
Chaosmon: UlforceVeedramon and Jesmon,HexerVoodoom Aka Mojoceramon,0.1.1,Digimon,1,23,40,36,0,0,yes,yes,,battle_command/Command|battle_command_effect/effect|battle_effect/effect|battle_se/se|charname/Sheet1|degeneration_para/digimon|digimon_book_explanation/Sheet1|digimon_common_para/digimon|digimon_farm_para/digimon|digimon_list/digimon|evolution_condition_para/digimon|evolution_next_para/digimon|model_attach_para/digimon01|model_attach_para/digimon02|model_attach_para/digimon03|model_default_scale/digimon|mon_design_para/Monster|mon_para/Monster|mon_para_hard/Monster|skill_content_name/Sheet1|skill_name/Sheet1|skill_use_group_set/digimon|ui_mon_param_info/Field,D:\Mateus\Modding Digimon\ARESTERDRAMON\New folder
Chaosmon: UlforceVeedramon and Jesmon,HexerVoodoom Aka Mojoceramon,0.1.1,Digimon,1,23,36,22,0,0,yes,yes,,battle_command/Command|battle_command_effect/effect|battle_effect/effect|battle_se/se|charname/Sheet1|degeneration_para/digimon|digimon_book_explanation/Sheet1|digimon_common_para/digimon|digimon_farm_para/digimon|digimon_list/digimon|evolution_condition_para/digimon|evolution_next_para/digimon|model_attach_para/digimon01|model_attach_para/digimon02|model_attach_para/digimon03|model_default_scale/digimon|mon_design_para/Monster|mon_para/Monster|mon_para_hard/Monster|skill_content_name/Sheet1|skill_name/Sheet1|skill_use_group_set/digimon|ui_mon_param_info/Field,D:\SteamLibrary\steamapps\common\SimpleDSCSModManager-develop\SimpleDSCSModManager\mods\Chaosmon Ulforce Veedramon and Jesmon
Chaosmon: UlforceVeedramon and Jesmon,HexerVoodoom Aka Mojoceramon,0.1.1,Digimon,1,23,40,42,0,0,yes,yes,,battle_command/Command|battle_command_effect/effect|battle_effect/effect|battle_se/se|charname/Sheet1|degeneration_para/digimon|digimon_book_explanation/Sheet1|digimon_common_para/digimon|digimon_farm_para/digimon|digimon_list/digimon|evolution_condition_para/digimon|evolution_next_para/digimon|model_attach_para/digimon01|model_attach_para/digimon02|model_attach_para/digimon03|model_default_scale/digimon|mon_design_para/Monster|mon_para/Monster|mon_para_hard/Monster|skill_content_name/Sheet1|skill_name/Sheet1|skill_use_group_set/digimon|ui_mon_param_info/Field,D:\SteamLibrary\steamapps\common\SimpleDSCSModManager-develop\SimpleDSCSModManager\mods\chaosmon_ulforce_veedramon_and_jesmon_c7b72xxx
DigimonWorld 2 Challenge,HexerVoodoom Aka Mojoceramon,0.1.1,Digimon,1,36,463,236,14,3,yes,yes,,battle_ai/Ai|battle_command/Command|battle_command_effect/effect|battle_effect/effect|battle_se/se|battle_support_skill/support_skill|charname/Sheet1|degeneration_para/digimon|digimon_book_explanation/Sheet1|digimon_common_para/digimon|digimon_farm_para/digimon|digimon_list/digimon|evolution_condition_para/digimon|evolution_next_para/digimon|field_npc_para/t0511|field_text/Sheet1|item_explanation/Sheet1|item_name/Sheet1|item_para/table|model_attach_para/digimon01|model_attach_para/digimon02|model_attach_para/digimon03|model_default_effect/digimon|model_default_scale/digimon|mon_cpl/Coupling|mon_design_para/Monster|mon_para/Monster|mon_para_hard/Monster|same_animation_data/digimon|same_animation_data/pc|skill_content_name/Sheet1|skill_name/Sheet1|skill_use_group_set/digimon|support_skill_content_name/Sheet1|support_skill_name/Sheet1|ui_mon_param_info/Field,D:\Mateus\Modding Digimon\neocrimson\finalizando\ALL VERSION\DigimonWorld 2 Challenge
DigimonWorld 2 Challenge,HexerVoodoom Aka Mojoceramon,0.1.1,Digimon,1,36,463,236,14,3,yes,yes,,battle_ai/Ai|battle_command/Command|battle_command_effect/effect|battle_effect/effect|battle_se/se|battle_support_skill/support_skill|charname/Sheet1|degeneration_para/digimon|digimon_book_explanation/Sheet1|digimon_common_para/digimon|digimon_farm_para/digimon|digimon_list/digimon|evolution_condition_para/digimon|evolution_next_para/digimon|field_npc_para/t0511|field_text/Sheet1|item_explanation/Sheet1|item_name/Sheet1|item_para/table|model_attach_para/digimon01|model_attach_para/digimon02|model_attach_para/digimon03|model_default_effect/digimon|model_default_scale/digimon|mon_cpl/Coupling|mon_design_para/Monster|mon_para/Monster|mon_para_hard/Monster|same_animation_data/digimon|same_animation_data/pc|skill_content_name/Sheet1|skill_name/Sheet1|skill_use_group_set/digimon|support_skill_content_name/Sheet1|support_skill_name/Sheet1|ui_mon_param_info/Field,D:\SteamLibrary\steamapps\common\SimpleDSCSModManager-develop\SimpleDSCSModManager\mods\DigimonWorld 2 Challenge
DW2 Challenge Digidestined Patch,HexerVoodoom Aka Mojoceramon,0.1.1,Digimon,1,0,0,0,0,0,no,NO,,,D:\Mateus\Modding Digimon\neocrimson\finalizando\ALL VERSION\DW2 Challenge Digidestined Patch
Natticus,HexerVoodoom Aka Mojoceramon,0.1.1,Digimon,1,0,21,10,0,1,no,yes,,,D:\Mateus\Modding Digimon\gamamon\mod_natticus_primeirostestes
NeoCrimson Chaos Mode,HexerVoodoom Aka Mojoceramon,0.1.1,Digimon,1,38,133,111,0,8,yes,yes,,(loose)voice|battle_command/Command|battle_command_effect/effect|battle_effect/effect|battle_se/se|battle_support_skill/support_skill|battle_voice/voice|battle_voice_add/voice|charname/Sheet1|degeneration_para/digimon|digimon_book_explanation/Sheet1|digimon_common_para/digimon|digimon_farm_para/digimon|digimon_list/digimon|evolution_condition_para/digimon|evolution_next_para/digimon|item_explanation/Sheet1|item_name/Sheet1|item_para/table|model_attach_para/digimon01|model_attach_para/digimon02|model_attach_para/digimon03|model_default_effect/digimon|model_default_effect/mob|model_default_effect/npc|model_default_effect/pc|model_default_scale/digimon|model_position_offset/offset|mon_design_para/Monster|mon_para/Monster|mon_para_hard/Monster|same_animation_data/digimon|skill_content_name/Sheet1|skill_name/Sheet1|skill_use_group_set/digimon|support_skill_content_name/Sheet1|support_skill_name/Sheet1|ui_mon_param_info/Field,D:\SteamLibrary\steamapps\common\SimpleDSCSModManager-develop\SimpleDSCSModManager\mods\damaged
NeoCrimson Chaos Mode,HexerVoodoom Aka Mojoceramon,0.1.1,Digimon,1,38,133,111,0,8,yes,yes,,(loose)voice|battle_command/Command|battle_command_effect/effect|battle_effect/effect|battle_se/se|battle_support_skill/support_skill|battle_voice/voice|battle_voice_add/voice|charname/Sheet1|degeneration_para/digimon|digimon_book_explanation/Sheet1|digimon_common_para/digimon|digimon_farm_para/digimon|digimon_list/digimon|evolution_condition_para/digimon|evolution_next_para/digimon|item_explanation/Sheet1|item_name/Sheet1|item_para/table|model_attach_para/digimon01|model_attach_para/digimon02|model_attach_para/digimon03|model_default_effect/digimon|model_default_effect/mob|model_default_effect/npc|model_default_effect/pc|model_default_scale/digimon|model_position_offset/offset|mon_design_para/Monster|mon_para/Monster|mon_para_hard/Monster|same_animation_data/digimon|skill_content_name/Sheet1|skill_name/Sheet1|skill_use_group_set/digimon|support_skill_content_name/Sheet1|support_skill_name/Sheet1|ui_mon_param_info/Field,D:\SteamLibrary\steamapps\common\SimpleDSCSModManager-develop\SimpleDSCSModManager\mods\damaged2
NeoCrimson: Complete Mod,HexerVoodoom Aka Mojoceramon,0.1.1,Digimon,1,36,419,181,9,1,yes,yes,,battle_ai/Ai|battle_command/Command|battle_command_effect/effect|battle_effect/effect|battle_se/se|battle_support_skill/support_skill|charname/Sheet1|degeneration_para/digimon|digimon_book_explanation/Sheet1|digimon_common_para/digimon|digimon_farm_para/digimon|digimon_list/digimon|evolution_condition_para/digimon|evolution_next_para/digimon|field_npc_para/t0511|field_text/Sheet1|item_explanation/Sheet1|item_name/Sheet1|item_para/table|model_attach_para/digimon01|model_attach_para/digimon02|model_attach_para/digimon03|model_default_effect/digimon|model_default_scale/digimon|mon_cpl/Coupling|mon_design_para/Monster|mon_para/Monster|mon_para_hard/Monster|same_animation_data/digimon|same_animation_data/pc|skill_content_name/Sheet1|skill_name/Sheet1|skill_use_group_set/digimon|support_skill_content_name/Sheet1|support_skill_name/Sheet1|ui_mon_param_info/Field,D:\SteamLibrary\steamapps\common\SimpleDSCSModManager-develop\SimpleDSCSModManager\mods\ALL VERSION
NeoCrimson: Complete Mod,HexerVoodoom Aka Mojoceramon,0.1.1,Digimon,1,36,371,154,9,1,yes,yes,,battle_ai/Ai|battle_command/Command|battle_command_effect/effect|battle_effect/effect|battle_se/se|battle_support_skill/support_skill|charname/Sheet1|degeneration_para/digimon|digimon_book_explanation/Sheet1|digimon_common_para/digimon|digimon_farm_para/digimon|digimon_list/digimon|evolution_condition_para/digimon|evolution_next_para/digimon|field_npc_para/t0511|field_text/Sheet1|item_explanation/Sheet1|item_name/Sheet1|item_para/table|model_attach_para/digimon01|model_attach_para/digimon02|model_attach_para/digimon03|model_default_effect/digimon|model_default_scale/digimon|mon_cpl/Coupling|mon_design_para/Monster|mon_para/Monster|mon_para_hard/Monster|same_animation_data/digimon|same_animation_data/pc|skill_content_name/Sheet1|skill_name/Sheet1|skill_use_group_set/digimon|support_skill_content_name/Sheet1|support_skill_name/Sheet1|ui_mon_param_info/Field,D:\SteamLibrary\steamapps\common\SimpleDSCSModManager-develop\SimpleDSCSModManager\mods\NeoCrimsonComplete
Kyoko boobs,Lewdmon,1.0,alt model,1,0,74,6,0,0,no,yes,,,E:\SteamLibrary\steamapps\common\Digimon Story Cyber Sleuth Complete Edition\SimpleDSCSModManager\mods\Kyoko
Kyoko boobs,Lewdmon,1.0,alt model,1,0,0,6,0,0,no,yes,,,E:\SteamLibrary\steamapps\common\Digimon Story Cyber Sleuth Complete Edition\mods\Kyoko
Kyoko boobs 2,Lewdmon,1.0,alt model,1,0,74,6,0,0,no,yes,,,E:\SteamLibrary\steamapps\common\Digimon Story Cyber Sleuth Complete Edition\SimpleDSCSModManager\mods\Kyoko - Copy
nokia boobs,Lewdmon,1.0,alt model,1,0,89,4,0,0,no,yes,,,E:\SteamLibrary\steamapps\common\Digimon Story Cyber Sleuth Complete Edition\SimpleDSCSModManager\mods\nokia - breasts
nokia boobs,Lewdmon,1.0,alt model,1,0,89,4,0,0,no,yes,,,E:\SteamLibrary\steamapps\common\Digimon Story Cyber Sleuth Complete Edition\SimpleDSCSModManager\mods\nokia - pc
nokia boobs,Lewdmon,1.0,alt model,1,0,4,0,0,0,no,yes,,,E:\SteamLibrary\steamapps\common\Digimon Story Cyber Sleuth Complete Edition\SimpleDSCSModManager\mods\rie - breasts
nokia boobs pc,Lewdmon,1.0,alt model,1,0,89,4,0,0,no,yes,,,E:\SteamLibrary\steamapps\common\Digimon Story Cyber Sleuth Complete Edition\SimpleDSCSModManager\mods\nokia backup
7D6 Playable,Loud,1.0,Evolution,2,19,26,5,0,10,yes,yes,,(loose)voice|battle_command/Command|battle_command_effect/effect|battle_voice/voice|battle_voice_add/voice|degeneration_para/digimon|digimon_book_explanation/Sheet1|digimon_common_para/digimon|digimon_farm_para/digimon|digimon_list/digimon|evolution_condition_para/digimon|evolution_next_para/digimon|model_attach_para/digimon01|model_attach_para/digimon02|model_attach_para/digimon03|model_default_scale/digimon|skill_content_name/Sheet1|skill_name/Sheet1|ui_mon_param_info/Field,D:\Mateus\destop\octonautas\lord gaia\ygg
7D6 Playable,Loud,1.0,Evolution,2,19,26,5,0,1,yes,yes,,(loose)voice|battle_command/Command|battle_command_effect/effect|battle_voice/voice|battle_voice_add/voice|degeneration_para/digimon|digimon_book_explanation/Sheet1|digimon_common_para/digimon|digimon_farm_para/digimon|digimon_list/digimon|evolution_condition_para/digimon|evolution_next_para/digimon|model_attach_para/digimon01|model_attach_para/digimon02|model_attach_para/digimon03|model_default_scale/digimon|skill_content_name/Sheet1|skill_name/Sheet1|ui_mon_param_info/Field,D:\SteamLibrary\steamapps\common\SimpleDSCSModManager-develop\SimpleDSCSModManager\mods\ygg
GrandLocomon Second Attack,Loud Kuyuki,1.1,Digimon,1,1,0,0,0,0,no,yes,,digimon_farm_para/digimon,D:\SteamLibrary\steamapps\common\SimpleDSCSModManager-develop\SimpleDSCSModManager\mods\9-grandlocomonrestoration_49c68
get exp item script,Loud Kuyuki and Mojoceramon,1,cheat,1,0,0,0,1,0,no,yes,,,D:\SteamLibrary\steamapps\common\SimpleDSCSModManager-develop\SimpleDSCSModManager\mods\exp_item
tapirmon partner,Loud Kuyuki and Mojoceramon,1,role play,1,9,21,0,2,2,yes,yes,,field_npc_para/t3001|field_npc_para_add/d1303|field_npc_para_add/t3001|join_digimon_para/party|join_digimon_para_add/party|mod_digidestinenpc/Sheet1|model_default_scale/npc|multi_select_para/para|multi_select_text/para,D:\SteamLibrary\steamapps\common\SimpleDSCSModManager-develop\SimpleDSCSModManager\mods\partner
Loud's custom Quests/Challegenges,LoudKuyuki,2.1,QUEST,2,0,0,0,0,0,no,yes,,,D:\Mateus\Modding Digimon\MOJOCERAMON\loud
Loud's custom Quests/Challegenges,LoudKuyuki,2.1,QUEST,2,52,166,48,37,14,yes,yes,,(loose)bgm|(loose)voice|battle_0048/Sheet1|battle_0049/Sheet1|battle_0050/Sheet1|battle_5700/Sheet1|battle_5701/Sheet1|battle_command/Command|battle_command_effect/effect|battle_voice/voice|battle_voice_add/voice|charname/Sheet1|degeneration_para/digimon|desafio02/Sheet1|digimon_book_explanation/Sheet1|digimon_common_para/digimon|digimon_farm_para/digimon|digimon_list/digimon|evolution_condition_para/digimon|evolution_next_para/digimon|field_area_para/Field_List|field_area_para/d51|field_npc_para/d1303|field_npc_para/t3001|field_npc_para_add/d1303|field_npc_para_add/t3001|fieldname/Sheet1|gacha/Sheet1|item_explanation/Sheet1|item_name/Sheet1|item_para/table|join_digimon_para/guest|join_digimon_para_add/guest|map_encount_param/Field|mod_newnpc/Sheet1|model_attach_para/digimon01|model_attach_para/digimon02|model_attach_para/digimon03|model_default_scale/digimon|mon_cpl/Coupling|mon_design_para/Monster|mon_para/Monster|mon_para_hard/Monster|multi_select_para/para|multi_select_text/para|quest01/Sheet1|skill_content_name/Sheet1|skill_name/Sheet1|talk_position/position|ui_mon_param_info/Field|yes_no_message/para|yes_no_window_para/para,D:\SteamLibrary\steamapps\common\SimpleDSCSModManager-develop\SimpleDSCSModManager\mods\custom_quests_and_challenges (1)
Dukemon,Marbs,1.0,New digimon,1,27,65,65,0,0,yes,yes,,battle_command/Command|battle_command_effect/effect|battle_effect/effect|battle_support_skill/support_skill|battle_voice/voice|battle_voice_add/voice|charname/Sheet1|degeneration_para/digimon|digimon_book_explanation/Sheet1|digimon_common_para/digimon|digimon_farm_para/digimon|digimon_list/digimon|evolution_condition_para/digimon|evolution_next_para/digimon|model_attach_para/digimon01|model_attach_para/digimon02|model_attach_para/digimon03|model_default_scale/digimon|mon_design_para/Monster|mon_para/Monster|mon_para_hard/Monster|skill_content_name/Sheet1|skill_name/Sheet1|skill_use_group_set/digimon|support_skill_content_name/Sheet1|support_skill_name/Sheet1|ui_mon_param_info/Field,D:\Mateus\Modding Digimon\arresterdramon\ARRESTERDRAMON MOD\backiup
Dukemon,Marbs,1.0,New digimon,1,27,44,30,0,0,yes,yes,,battle_command/Command|battle_command_effect/effect|battle_effect/effect|battle_support_skill/support_skill|battle_voice/voice|battle_voice_add/voice|charname/Sheet1|degeneration_para/digimon|digimon_book_explanation/Sheet1|digimon_common_para/digimon|digimon_farm_para/digimon|digimon_list/digimon|evolution_condition_para/digimon|evolution_next_para/digimon|model_attach_para/digimon01|model_attach_para/digimon02|model_attach_para/digimon03|model_default_scale/digimon|mon_design_para/Monster|mon_para/Monster|mon_para_hard/Monster|skill_content_name/Sheet1|skill_name/Sheet1|skill_use_group_set/digimon|support_skill_content_name/Sheet1|support_skill_name/Sheet1|ui_mon_param_info/Field,D:\Mateus\Modding Digimon\arresterdramon\Ultimate_Dukemon
Unlimited Mirror Dungeon,MF217,0.0.0,Maps,1,2,0,0,0,0,no,yes,,mirror_dungeon_para/para|mirror_dungeon_para_add/para,D:\SteamLibrary\steamapps\common\SimpleDSCSModManager-develop\SimpleDSCSModManager\mods\Unlimited_Mirror_Dungeon_0.0.0
a  MOD FOR MODDERS,MOJOCERAMON,1.0,misc,1,0,0,358,0,0,no,yes,,,D:\SteamLibrary\steamapps\common\SimpleDSCSModManager-develop\SimpleDSCSModManager\mods\MODDER MOD
alphaImpmon,Mojoceramon,1,New Digimon,1,0,4,7,0,0,no,yes,,,D:\SteamLibrary\steamapps\common\SimpleDSCSModManager-develop\SimpleDSCSModManager\mods\alphaimpmontestes
alphaImpmon,Mojoceramon,1,New Digimon,1,0,4,21,0,0,no,yes,,,D:\SteamLibrary\steamapps\common\SimpleDSCSModManager-develop\SimpleDSCSModManager\mods\testes_alpha_Impmon
alphaImpmon,Mojoceramon,1,New Digimon,1,0,4,23,0,0,no,yes,,,D:\SteamLibrary\steamapps\common\SimpleDSCSModManager-develop\SimpleDSCSModManager\mods\testes_alpha_Impmon2
Digimon Partner (CS),Mojoceramon,1,role play,1,6,1,0,1,1,yes,yes,,charname/Sheet1|field_npc_para/t3001|join_digimon_para/party|mod_digidestinenpc/Sheet1|multi_select_para/para|multi_select_text/para,D:\Mateus\Modding Digimon\MOJOCERAMON\testemodelo\Cyber Sleuth
Digimon Partner (CS),Mojoceramon,1,role play,1,6,1,0,1,1,yes,yes,,charname/Sheet1|field_npc_para/t3001|join_digimon_para/party|mod_digidestinenpc/Sheet1|multi_select_para/para|multi_select_text/para,D:\SteamLibrary\steamapps\common\SimpleDSCSModManager-develop\SimpleDSCSModManager\mods\Digipartner - Dorumon - CS
Digimon Partner (CS),Mojoceramon,1,role play,1,6,1,0,1,1,yes,yes,,charname/Sheet1|field_npc_para/t3001|join_digimon_para/party|mod_digidestinenpc/Sheet1|multi_select_para/para|multi_select_text/para,D:\SteamLibrary\steamapps\common\SimpleDSCSModManager-develop\SimpleDSCSModManager\mods\Digipartner - Lopmon - CS
Digimon Partner (HM),Mojoceramon,1,role play,1,6,1,0,2,1,yes,yes,,charname/Sheet1|field_npc_para_add/t3001|join_digimon_para_add/party|mod_digidestinenpc/Sheet1|multi_select_para/para|multi_select_text/para,D:\SteamLibrary\steamapps\common\SimpleDSCSModManager-develop\SimpleDSCSModManager\mods\Hackers Memory
Mojoceramon NPC,Mojoceramon,1,role play,1,32,41,27,1,2,yes,yes,,battle_command/Command|battle_command_effect/effect|battle_support_skill/support_skill|battle_voice/voice|battle_voice_add/voice|charname/Sheet1|degeneration_para/digimon|digimon_book_explanation/Sheet1|digimon_common_para/digimon|digimon_farm_para/digimon|digimon_list/digimon|evolution_condition_para/digimon|evolution_next_para/digimon|field_npc_para/t3001|join_digimon_para/party|mod_digidestinenpc/Sheet1|mod_mojoceranpc/Sheet1|model_attach_para/digimon01|model_attach_para/digimon02|model_attach_para/digimon03|model_default_scale/digimon|mon_design_para/Monster|mon_para/Monster|mon_para_hard/Monster|multi_select_para/para|multi_select_text/para|skill_content_name/Sheet1|skill_name/Sheet1|skill_use_group_set/digimon|support_skill_content_name/Sheet1|support_skill_name/Sheet1|ui_mon_param_info/Field,D:\Mateus\Modding Digimon\MOJOCERAMON\funcionando
Mojoceramon NPC,Mojoceramon,1,role play,1,6,20,27,1,2,yes,yes,,charname/Sheet1|field_npc_para/t3001|join_digimon_para/party|mod_mojoceranpc/Sheet1|multi_select_para/para|multi_select_text/para,D:\SteamLibrary\steamapps\common\SimpleDSCSModManager-develop\SimpleDSCSModManager\mods\MOJOCERAMON NPC
Mojoceramon NPC,Mojoceramon,1,role play,1,32,41,27,1,2,yes,yes,,battle_command/Command|battle_command_effect/effect|battle_support_skill/support_skill|battle_voice/voice|battle_voice_add/voice|charname/Sheet1|degeneration_para/digimon|digimon_book_explanation/Sheet1|digimon_common_para/digimon|digimon_farm_para/digimon|digimon_list/digimon|evolution_condition_para/digimon|evolution_next_para/digimon|field_npc_para/t3001|join_digimon_para/party|mod_digidestinenpc/Sheet1|mod_mojoceranpc/Sheet1|model_attach_para/digimon01|model_attach_para/digimon02|model_attach_para/digimon03|model_default_scale/digimon|mon_design_para/Monster|mon_para/Monster|mon_para_hard/Monster|multi_select_para/para|multi_select_text/para|skill_content_name/Sheet1|skill_name/Sheet1|skill_use_group_set/digimon|support_skill_content_name/Sheet1|support_skill_name/Sheet1|ui_mon_param_info/Field,D:\SteamLibrary\steamapps\common\SimpleDSCSModManager-develop\SimpleDSCSModManager\mods\funcionando
ophanimon,Mojoceramon,1,new digimon,1,0,4,13,0,0,no,yes,,,D:\SteamLibrary\steamapps\common\SimpleDSCSModManager-develop\SimpleDSCSModManager\mods\ophanimon
Tanemon,Mojoceramon,1,New Digimon,1,21,100,10,1,0,yes,yes,,battle_command/Command|battle_command_effect/effect|battle_effect/effect|charname/Sheet1|degeneration_para/digimon|digimon_common_para/digimon|digimon_farm_para/digimon|digimon_list/digimon|evolution_condition_para/digimon|evolution_next_para/digimon|model_attach_para/digimon01|model_attach_para/digimon02|model_attach_para/digimon03|model_default_scale/digimon|mon_design_para/Monster|mon_para/Monster|mon_para_hard/Monster|skill_content_name/Sheet1|skill_name/Sheet1|skill_use_group_set/digimon|ui_mon_param_info/Field,D:\SteamLibrary\steamapps\common\SimpleDSCSModManager-develop\SimpleDSCSModManager\mods\Tanemon
wardrobe,Mojoceramon,1,new digimon,1,4,1,0,1,1,yes,yes,,charname/Sheet1|field_npc_para/t3001|multi_select_para/para|multi_select_text/para,D:\Mateus\Modding Digimon\wardrobe
wardrobe,Mojoceramon,1,new digimon,1,4,1,0,7,1,yes,yes,,charname/Sheet1|field_npc_para/t3001|multi_select_para/para|multi_select_text/para,D:\SteamLibrary\steamapps\common\SimpleDSCSModManager-develop\SimpleDSCSModManager\mods\wardrobe
glitchtamamon,Mojoceramon & dantles1992,0.1,Digimon,1,20,4,11,0,0,yes,yes,,charname/Sheet1|degeneration_para/digimon|digimon_book_explanation/Sheet1|digimon_common_para/digimon|digimon_farm_para/digimon|digimon_list/digimon|evolution_next_para/digimon|join_digimon_para/party|join_digimon_para_add/party|model_attach_para/digimon01|model_attach_para/digimon02|model_attach_para/digimon03|model_default_effect/digimon|model_default_scale/digimon|mon_design_para/Monster|mon_para/Monster|mon_para_hard/Monster|same_animation_data/digimon|skill_use_group_set/digimon|ui_mon_param_info/Field,D:\SteamLibrary\steamapps\common\SimpleDSCSModManager-develop\SimpleDSCSModManager\mods\Glitchtamamon
Omegamon Delta,Mojoceramon & Echo,1,New Digimon,1,24,40,19,0,0,yes,yes,,battle_command/Command|battle_command_effect/effect|battle_effect/effect|battle_support_skill/support_skill|charname/Sheet1|degeneration_para/digimon|digimon_book_explanation/Sheet1|digimon_common_para/digimon|digimon_farm_para/digimon|digimon_list/digimon|evolution_condition_para/digimon|evolution_next_para/digimon|model_attach_para/digimon01|model_attach_para/digimon02|model_attach_para/digimon03|model_default_scale/digimon|mon_design_para/Monster|mon_para/Monster|mon_para_hard/Monster|skill_content_name/Sheet1|skill_name/Sheet1|skill_use_group_set/digimon|support_skill_content_name/Sheet1|support_skill_name/Sheet1,D:\SteamLibrary\steamapps\common\SimpleDSCSModManager-develop\SimpleDSCSModManager\mods\omegamon_delta
Omegamon Sigma,Mojoceramon & Echo,1,New Digimon,1,24,63,12,0,0,yes,yes,,battle_command/Command|battle_command_effect/effect|battle_effect/effect|battle_support_skill/support_skill|charname/Sheet1|degeneration_para/digimon|digimon_book_explanation/Sheet1|digimon_common_para/digimon|digimon_farm_para/digimon|digimon_list/digimon|evolution_condition_para/digimon|evolution_next_para/digimon|model_attach_para/digimon01|model_attach_para/digimon02|model_attach_para/digimon03|model_default_scale/digimon|mon_design_para/Monster|mon_para/Monster|mon_para_hard/Monster|skill_content_name/Sheet1|skill_name/Sheet1|skill_use_group_set/digimon|support_skill_content_name/Sheet1|support_skill_name/Sheet1,D:\SteamLibrary\steamapps\common\SimpleDSCSModManager-develop\SimpleDSCSModManager\mods\OmegamonSigma
ChronoCore Duo: ChaosGallantmon C & Ophanimon C,Mojoceramon & EchoDex,1,Digimon,1,28,12,40,0,0,yes,yes,,battle_command/Command|battle_command_effect/effect|battle_effect/effect|battle_support_skill/support_skill|battle_voice/voice|battle_voice_add/voice|charname/Sheet1|degeneration_para/digimon|digimon_book_explanation/Sheet1|digimon_common_para/digimon|digimon_farm_para/digimon|digimon_list/digimon|evolution_condition_para/digimon|evolution_next_para/digimon|model_attach_para/digimon01|model_attach_para/digimon02|model_attach_para/digimon03|model_default_scale/digimon|mon_design_para/Monster|mon_para/Monster|mon_para_hard/Monster|same_animation_data/digimon|skill_content_name/Sheet1|skill_name/Sheet1|skill_use_group_set/digimon|support_skill_content_name/Sheet1|support_skill_name/Sheet1|ui_mon_param_info/Field,D:\SteamLibrary\steamapps\common\SimpleDSCSModManager-develop\SimpleDSCSModManager\mods\chronocorefinal
Omegamon VZ,Mojoceramon & Echodex,1.0,New Digimon,1,28,52,45,0,0,yes,yes,,battle_command/Command|battle_command_effect/effect|battle_effect/effect|battle_se/se|battle_support_skill/support_skill|battle_voice/voice|battle_voice_add/voice|charname/Sheet1|degeneration_para/digimon|digimon_book_explanation/Sheet1|digimon_common_para/digimon|digimon_farm_para/digimon|digimon_list/digimon|evolution_condition_para/digimon|evolution_next_para/digimon|model_attach_para/digimon01|model_attach_para/digimon02|model_attach_para/digimon03|model_default_scale/digimon|mon_design_para/Monster|mon_para/Monster|mon_para_hard/Monster|skill_content_name/Sheet1|skill_name/Sheet1|skill_use_group_set/digimon|support_skill_content_name/Sheet1|support_skill_name/Sheet1|ui_mon_param_info/Field,D:\SteamLibrary\steamapps\common\SimpleDSCSModManager-develop\SimpleDSCSModManager\mods\zmod_testing
Omnimon VZ,Mojoceramon & Echodex,1.0,Digimon,1,28,40,46,0,0,yes,yes,,battle_command/Command|battle_command_effect/effect|battle_effect/effect|battle_se/se|battle_support_skill/support_skill|battle_voice/voice|battle_voice_add/voice|charname/Sheet1|degeneration_para/digimon|digimon_book_explanation/Sheet1|digimon_common_para/digimon|digimon_farm_para/digimon|digimon_list/digimon|evolution_condition_para/digimon|evolution_next_para/digimon|model_attach_para/digimon01|model_attach_para/digimon02|model_attach_para/digimon03|model_default_scale/digimon|mon_design_para/Monster|mon_para/Monster|mon_para_hard/Monster|skill_content_name/Sheet1|skill_name/Sheet1|skill_use_group_set/digimon|support_skill_content_name/Sheet1|support_skill_name/Sheet1|ui_mon_param_info/Field,D:\SteamLibrary\steamapps\common\SimpleDSCSModManager-develop\SimpleDSCSModManager\mods\omnimon_vz
Lottemon (pink wanyamon),Mojoceramon (Aka HexerVoodoom),0.1,Digimon Recolors,1,1,0,2,0,0,no,yes,,charname/Sheet1,D:\SteamLibrary\steamapps\common\SimpleDSCSModManager-develop\SimpleDSCSModManager\mods\lottemon
purple myotismon,Mojoceramon (Aka HexerVoodoom),0.1,Digimon Recolors,1,0,0,1,0,0,no,yes,,,D:\SteamLibrary\steamapps\common\SimpleDSCSModManager-develop\SimpleDSCSModManager\mods\myotismon roxo
Akira,Mojoceramon aka HexerVoodoom,1,Skin,1,1,12,35,0,1,no,yes,,item_para/table,D:\SteamLibrary\steamapps\common\SimpleDSCSModManager-develop\SimpleDSCSModManager\mods\akiramod
Akira green grid,Mojoceramon aka HexerVoodoom,1,Skin,1,0,4,35,0,1,no,yes,,,D:\SteamLibrary\steamapps\common\SimpleDSCSModManager-develop\SimpleDSCSModManager\mods\akira_grid
Akira pc triceramon origianl,Mojoceramon aka HexerVoodoom,1,New Digimon,1,5,0,6,0,0,no,yes,,item_para/table|same_animation_data/digimon|same_animation_data/mob|same_animation_data/npc|same_animation_data/pc,D:\Mateus\Modding Digimon\PC
Akira pc triceramon origianl,Mojoceramon aka HexerVoodoom,1,New Digimon,1,5,0,6,0,0,no,yes,,item_para/table|same_animation_data/digimon|same_animation_data/mob|same_animation_data/npc|same_animation_data/pc,D:\SteamLibrary\steamapps\common\SimpleDSCSModManager-develop\SimpleDSCSModManager\mods\akiraPC
Alex Taylor custom lines,Mojoceramon aka HexerVoodoom,0.1,New Digimon,1,4,0,0,0,0,yes,yes,,battle_command/Command|degeneration_para/digimon|evolution_next_para/digimon|skill_content_name/Sheet1,D:\Mateus\destop\alex taylor\MOD TAYLOR
Alpha Impmon,Mojoceramon aka HexerVoodoom,0.1,New Digimon,1,25,71,35,0,0,yes,yes,,battle_command/Command|battle_command_effect/effect|battle_effect/effect|battle_support_skill/support_skill|charname/Sheet1|degeneration_para/digimon|digimon_book_explanation/Sheet1|digimon_common_para/digimon|digimon_farm_para/digimon|digimon_list/digimon|evolution_condition_para/digimon|evolution_next_para/digimon|model_attach_para/digimon01|model_attach_para/digimon02|model_attach_para/digimon03|model_default_scale/digimon|model_position_offset/offset|mon_design_para/Monster|mon_para/Monster|mon_para_hard/Monster|skill_content_name/Sheet1|skill_name/Sheet1|skill_use_group_set/digimon|support_skill_content_name/Sheet1|support_skill_name/Sheet1,D:\SteamLibrary\steamapps\common\SimpleDSCSModManager-develop\SimpleDSCSModManager\mods\New folde748978788r
Alpha Impmon,Mojoceramon aka HexerVoodoom,0.1,New Digimon,1,25,71,35,0,0,yes,yes,,battle_command/Command|battle_command_effect/effect|battle_effect/effect|battle_support_skill/support_skill|charname/Sheet1|degeneration_para/digimon|digimon_book_explanation/Sheet1|digimon_common_para/digimon|digimon_farm_para/digimon|digimon_list/digimon|evolution_condition_para/digimon|evolution_next_para/digimon|model_attach_para/digimon01|model_attach_para/digimon02|model_attach_para/digimon03|model_default_scale/digimon|model_position_offset/offset|mon_design_para/Monster|mon_para/Monster|mon_para_hard/Monster|skill_content_name/Sheet1|skill_name/Sheet1|skill_use_group_set/digimon|support_skill_content_name/Sheet1|support_skill_name/Sheet1,D:\SteamLibrary\steamapps\common\SimpleDSCSModManager-develop\SimpleDSCSModManager\mods\alphaimpmonx
Alpha Impmon digivlution,Mojoceramon aka HexerVoodoom,0.1,New Digimon,1,1,0,0,0,0,yes,yes,,evolution_next_para/digimon,D:\SteamLibrary\steamapps\common\SimpleDSCSModManager-develop\SimpleDSCSModManager\mods\impmondigivolution
ashy ,Mojoceramon aka HexerVoodoom,1,playable OC as main character,1,0,4,1,0,0,no,yes,,,D:\Mateus\Modding Digimon\ashy\mod
ashy ,Mojoceramon aka HexerVoodoom,1,playable OC as main character,1,0,4,1,0,0,no,yes,,,D:\SteamLibrary\steamapps\common\SimpleDSCSModManager-develop\SimpleDSCSModManager\mods\ashy_mod
Blacksword Akira,Mojoceramon aka HexerVoodoom,0.1,Costume,1,1,258,46,0,0,no,yes,,same_animation_data/pc,D:\Mateus\destop\alex taylor\mustache\blacksword
Blacksword Akira,Mojoceramon aka HexerVoodoom,0.1,Costume,1,1,258,46,0,0,no,yes,,same_animation_data/pc,D:\SteamLibrary\steamapps\common\SimpleDSCSModManager-develop\SimpleDSCSModManager\mods\blacksword
bleach uniform,Mojoceramon AKA HexerVoodoom,3.0,Alternative playable Character,1,0,0,18,0,1,no,yes,,,D:\SteamLibrary\steamapps\common\SimpleDSCSModManager-develop\SimpleDSCSModManager\mods\bleach uniform
brazilain pc Fei (ami),Mojoceramon AKA HexerVoodoom,2.0,Alternative playable Character,1,0,0,6,0,0,no,yes,,,D:\Mateus\Modding Digimon\fei\Skins
Brazilian Fei,Mojoceramon AKA HexerVoodoom,2.0,Alternative playable Character,1,0,0,4,0,0,no,yes,,,D:\SteamLibrary\steamapps\common\SimpleDSCSModManager-develop\SimpleDSCSModManager\mods\brazilian fei
Brina,Mojoceramon aka HexerVoodoom,1,Skin,1,0,0,8,0,0,no,yes,,,D:\SteamLibrary\steamapps\common\SimpleDSCSModManager-develop\SimpleDSCSModManager\mods\brina
Brina,Mojoceramon aka HexerVoodoom,1,Skin,1,0,0,8,0,0,no,yes,,,D:\SteamLibrary\steamapps\common\SimpleDSCSModManager-develop\SimpleDSCSModManager\mods\brinafrb
Chaos Generals DigiDestined Edition,Mojoceramon AKA HexerVoodoom,0.1,Digimon,1,34,29,50,0,1,yes,yes,,(loose)voice|battle_command/Command|battle_command_effect/effect|battle_effect/effect|battle_support_skill/support_skill|battle_voice/voice|battle_voice_add/voice|charname/Sheet1|degeneration_para/digimon|digimon_book_explanation/Sheet1|digimon_common_para/digimon|digimon_farm_para/digimon|digimon_list/digimon|evolution_condition_para/digimon|evolution_next_para/digimon|item_explanation/Sheet1|item_name/Sheet1|item_para/table|model_attach_para/digimon01|model_attach_para/digimon02|model_attach_para/digimon03|model_default_effect/digimon|model_default_scale/digimon|mon_design_para/Monster|mon_para/Monster|mon_para_hard/Monster|same_animation_data/digimon|same_animation_data/pc|skill_content_name/Sheet1|skill_name/Sheet1|skill_use_group_set/digimon|support_skill_content_name/Sheet1|support_skill_name/Sheet1|ui_mon_param_info/Field,D:\SteamLibrary\steamapps\common\SimpleDSCSModManager-develop\SimpleDSCSModManager\mods\Chaos Generals Digidestined Edition
Chaos Powers VO,Mojoceramon AKA HexerVoodoom,1.0,VO,2,3,0,0,0,1,yes,yes,,(loose)voice|battle_voice/voice|battle_voice_add/voice,D:\SteamLibrary\steamapps\common\SimpleDSCSModManager-develop\SimpleDSCSModManager\mods\voice
Chaosmon: T voice,Mojoceramon AKA HexerVoodoom,1.0,Voice,2,3,0,0,0,1,yes,yes,,(loose)voice|battle_voice/voice|battle_voice_add/voice,D:\Mateus\Modding Digimon\TIAMATMON\VOICE MOD
Chaosmon: T voice,Mojoceramon AKA HexerVoodoom,1.0,Voice,2,3,0,0,0,1,yes,yes,,(loose)voice|battle_voice/voice|battle_voice_add/voice,D:\SteamLibrary\steamapps\common\SimpleDSCSModManager-develop\SimpleDSCSModManager\mods\TIAMATMON VOICE MOD
Chaosmon: Tiamat,Mojoceramon aka HexerVoodoom,0.1,New Digimon,1,22,36,33,0,2,yes,yes,,battle_command/Command|battle_command_effect/effect|battle_support_skill/support_skill|charname/Sheet1|degeneration_para/digimon|digimon_book_explanation/Sheet1|digimon_common_para/digimon|digimon_farm_para/digimon|digimon_list/digimon|evolution_condition_para/digimon|evolution_next_para/digimon|model_attach_para/digimon01|model_attach_para/digimon02|model_attach_para/digimon03|model_default_scale/digimon|mon_design_para/Monster|mon_para/Monster|mon_para_hard/Monster|skill_content_name/Sheet1|skill_name/Sheet1|skill_use_group_set/digimon|ui_mon_param_info/Field,D:\Mateus\Modding Digimon\TIAMATMON\testetiamatmon
Chaosmon: Tiamat,Mojoceramon aka HexerVoodoom,0.1,New Digimon,1,22,36,33,0,2,yes,yes,,battle_command/Command|battle_command_effect/effect|battle_support_skill/support_skill|charname/Sheet1|degeneration_para/digimon|digimon_book_explanation/Sheet1|digimon_common_para/digimon|digimon_farm_para/digimon|digimon_list/digimon|evolution_condition_para/digimon|evolution_next_para/digimon|model_attach_para/digimon01|model_attach_para/digimon02|model_attach_para/digimon03|model_default_scale/digimon|mon_design_para/Monster|mon_para/Monster|mon_para_hard/Monster|skill_content_name/Sheet1|skill_name/Sheet1|skill_use_group_set/digimon|ui_mon_param_info/Field,D:\SteamLibrary\steamapps\common\SimpleDSCSModManager-develop\SimpleDSCSModManager\mods\chaosmon-tiamat
Chaosmon:Ubber ,Mojoceramon aka HexerVoodoom,0.1,New Digimon,1,23,108,93,0,2,yes,yes,,battle_command/Command|battle_command_effect/effect|battle_effect/effect|charname/Sheet1|degeneration_para/digimon|digimon_book_explanation/Sheet1|digimon_common_para/digimon|digimon_farm_para/digimon|digimon_list/digimon|evolution_condition_para/digimon|evolution_next_para/digimon|medal_gasha_para/table|model_attach_para/digimon01|model_attach_para/digimon02|model_attach_para/digimon03|model_default_scale/digimon|mon_design_para/Monster|mon_para/Monster|mon_para_hard/Monster|skill_content_name/Sheet1|skill_name/Sheet1|skill_use_group_set/digimon|ui_mon_param_info/Field,D:\Mateus\Modding Digimon\chaos brach\CHAOSMON-UBBER
Chaosmon:Ubber ,Mojoceramon aka HexerVoodoom,0.1,New Digimon,1,23,58,93,0,2,yes,yes,,battle_command/Command|battle_command_effect/effect|battle_effect/effect|charname/Sheet1|degeneration_para/digimon|digimon_book_explanation/Sheet1|digimon_common_para/digimon|digimon_farm_para/digimon|digimon_list/digimon|evolution_condition_para/digimon|evolution_next_para/digimon|medal_gasha_para/table|model_attach_para/digimon01|model_attach_para/digimon02|model_attach_para/digimon03|model_default_scale/digimon|mon_design_para/Monster|mon_para/Monster|mon_para_hard/Monster|skill_content_name/Sheet1|skill_name/Sheet1|skill_use_group_set/digimon|ui_mon_param_info/Field,D:\SteamLibrary\steamapps\common\SimpleDSCSModManager-develop\SimpleDSCSModManager\mods\CHAOSMON-UBBER
Chaosmon:Ubber ,Mojoceramon aka HexerVoodoom,0.1,New Digimon,1,23,110,93,0,2,yes,yes,,battle_command/Command|battle_command_effect/effect|battle_effect/effect|charname/Sheet1|degeneration_para/digimon|digimon_book_explanation/Sheet1|digimon_common_para/digimon|digimon_farm_para/digimon|digimon_list/digimon|evolution_condition_para/digimon|evolution_next_para/digimon|medal_gasha_para/table|model_attach_para/digimon01|model_attach_para/digimon02|model_attach_para/digimon03|model_default_scale/digimon|mon_design_para/Monster|mon_para/Monster|mon_para_hard/Monster|skill_content_name/Sheet1|skill_name/Sheet1|skill_use_group_set/digimon|ui_mon_param_info/Field,D:\SteamLibrary\steamapps\common\SimpleDSCSModManager-develop\SimpleDSCSModManager\mods\CHAOSMON-UBBER_1.1
Chaosmon:Ubber ,Mojoceramon aka HexerVoodoom,0.1,New Digimon,1,23,56,93,0,2,yes,yes,,battle_command/Command|battle_command_effect/effect|battle_effect/effect|charname/Sheet1|degeneration_para/digimon|digimon_book_explanation/Sheet1|digimon_common_para/digimon|digimon_farm_para/digimon|digimon_list/digimon|evolution_condition_para/digimon|evolution_next_para/digimon|medal_gasha_para/table|model_attach_para/digimon01|model_attach_para/digimon02|model_attach_para/digimon03|model_default_scale/digimon|mon_design_para/Monster|mon_para/Monster|mon_para_hard/Monster|skill_content_name/Sheet1|skill_name/Sheet1|skill_use_group_set/digimon|ui_mon_param_info/Field,D:\SteamLibrary\steamapps\common\SimpleDSCSModManager-develop\SimpleDSCSModManager\mods\CHAOSMON-UBBERx
date 2.0,Mojoceramon aka HexerVoodoom,1,New Digimon,1,0,105,12,0,0,no,yes,,,D:\Mateus\Modding Digimon\date 2.0
date 2.0,Mojoceramon aka HexerVoodoom,1,New Digimon,1,0,71,0,0,0,no,yes,,,D:\SteamLibrary\steamapps\common\SimpleDSCSModManager-develop\SimpleDSCSModManager\mods\date 2.0
Digidestined UI,Mojoceramon AKA HexerVoodoom,2.0,Alternative playable Character,1,0,16,33,0,0,no,yes,,,D:\SteamLibrary\steamapps\common\SimpleDSCSModManager-develop\SimpleDSCSModManager\mods\UI
DW2 Challenge Battle ost,Mojoceramon AKA HexerVoodoom,1.0,Voice,1,21,74,32,0,0,yes,yes,,battle_command/Command|battle_command_effect/effect|battle_effect/effect|charname/Sheet1|degeneration_para/digimon|digimon_book_explanation/Sheet1|digimon_common_para/digimon|digimon_farm_para/digimon|digimon_list/digimon|evolution_condition_para/digimon|evolution_next_para/digimon|model_attach_para/digimon01|model_attach_para/digimon02|model_attach_para/digimon03|model_default_scale/digimon|mon_design_para/Monster|mon_para/Monster|mon_para_hard/Monster|skill_content_name/Sheet1|skill_name/Sheet1|skill_use_group_set/digimon,C:\Users\spera\Documents
DW2 Challenge Battle ost,Mojoceramon AKA HexerVoodoom,1.0,Voice,2,1,0,0,0,1,no,yes,,(loose)bgm,D:\Mateus\Modding Digimon\neocrimson\finalizando\ALL VERSION\DW2ChallengeOST
DW2 Challenge Battle ost,Mojoceramon AKA HexerVoodoom,1.0,Voice,2,1,0,0,0,1,no,yes,,(loose)bgm,D:\SteamLibrary\steamapps\common\SimpleDSCSModManager-develop\SimpleDSCSModManager\mods\DW2ChallengeOST
Gaiomon: Itto Mode,Mojoceramon aka HexerVoodoom,0.1,New Digimon,1,21,74,32,0,0,yes,yes,,battle_command/Command|battle_command_effect/effect|battle_effect/effect|charname/Sheet1|degeneration_para/digimon|digimon_book_explanation/Sheet1|digimon_common_para/digimon|digimon_farm_para/digimon|digimon_list/digimon|evolution_condition_para/digimon|evolution_next_para/digimon|model_attach_para/digimon01|model_attach_para/digimon02|model_attach_para/digimon03|model_default_scale/digimon|mon_design_para/Monster|mon_para/Monster|mon_para_hard/Monster|skill_content_name/Sheet1|skill_name/Sheet1|skill_use_group_set/digimon,D:\Mateus\Modding Digimon\GAIOMON
Gaiomon: Itto Mode,Mojoceramon aka HexerVoodoom,0.1,New Digimon,1,21,74,41,0,0,yes,yes,,battle_command/Command|battle_command_effect/effect|battle_effect/effect|charname/Sheet1|degeneration_para/digimon|digimon_book_explanation/Sheet1|digimon_common_para/digimon|digimon_farm_para/digimon|digimon_list/digimon|evolution_condition_para/digimon|evolution_next_para/digimon|model_attach_para/digimon01|model_attach_para/digimon02|model_attach_para/digimon03|model_default_scale/digimon|mon_design_para/Monster|mon_para/Monster|mon_para_hard/Monster|skill_content_name/Sheet1|skill_name/Sheet1|skill_use_group_set/digimon,D:\Mateus\Modding Digimon\chaos brach\New folder
Gaiomon: Itto Mode Digidestined Version,Mojoceramon aka HexerVoodoom,0.1,New Digimon,1,21,74,42,0,0,yes,yes,,battle_command/Command|battle_command_effect/effect|battle_effect/effect|charname/Sheet1|degeneration_para/digimon|digimon_book_explanation/Sheet1|digimon_common_para/digimon|digimon_farm_para/digimon|digimon_list/digimon|evolution_condition_para/digimon|evolution_next_para/digimon|model_attach_para/digimon01|model_attach_para/digimon02|model_attach_para/digimon03|model_default_scale/digimon|mon_design_para/Monster|mon_para/Monster|mon_para_hard/Monster|skill_content_name/Sheet1|skill_name/Sheet1|skill_use_group_set/digimon,D:\SteamLibrary\steamapps\common\SimpleDSCSModManager-develop\SimpleDSCSModManager\mods\2s
Gaiomon: Itto Mode Digidestined Version,Mojoceramon aka HexerVoodoom,0.1,New Digimon,1,21,74,32,0,0,yes,yes,,battle_command/Command|battle_command_effect/effect|battle_effect/effect|charname/Sheet1|degeneration_para/digimon|digimon_book_explanation/Sheet1|digimon_common_para/digimon|digimon_farm_para/digimon|digimon_list/digimon|evolution_condition_para/digimon|evolution_next_para/digimon|model_attach_para/digimon01|model_attach_para/digimon02|model_attach_para/digimon03|model_default_scale/digimon|mon_design_para/Monster|mon_para/Monster|mon_para_hard/Monster|skill_content_name/Sheet1|skill_name/Sheet1|skill_use_group_set/digimon,D:\SteamLibrary\steamapps\common\SimpleDSCSModManager-develop\SimpleDSCSModManager\mods\Gaiomon Itto Mode Digidestined Version
gotsumon,Mojoceramon aka HexerVoodoom,1,Skin,1,0,12,4,0,0,no,yes,,,D:\SteamLibrary\steamapps\common\SimpleDSCSModManager-develop\SimpleDSCSModManager\mods\gotsumon
GrandMaster Tyrannomon testing patch,Mojoceramon aka HexerVoodoom,0.1,New Digimon,1,4,0,0,0,0,yes,yes,,battle_command/Command|degeneration_para/digimon|evolution_condition_para/digimon|evolution_next_para/digimon,D:\Mateus\Modding Digimon\grandmaster_tyrannomon\gmtyrano_mod\1st part\testing patch
GrandMaster Tyrannomon testing patch,Mojoceramon aka HexerVoodoom,0.1,New Digimon,1,4,0,0,0,0,yes,yes,,battle_command/Command|degeneration_para/digimon|evolution_condition_para/digimon|evolution_next_para/digimon,D:\SteamLibrary\steamapps\common\SimpleDSCSModManager-develop\SimpleDSCSModManager\mods\GMT testing patch
Hexer Pack II - DigiDestined,Mojoceramon aka HexerVoodoom,1,New Digimon,1,23,189,51,0,0,yes,yes,,battle_command/Command|battle_command_effect/effect|battle_effect/effect|charname/Sheet1|degeneration_para/digimon|digimon_book_explanation/Sheet1|digimon_common_para/digimon|digimon_farm_para/digimon|digimon_list/digimon|evolution_condition_para/digimon|evolution_next_para/digimon|model_attach_para/digimon01|model_attach_para/digimon02|model_attach_para/digimon03|model_default_scale/digimon|model_position_offset/offset|mon_design_para/Monster|mon_para/Monster|mon_para_hard/Monster|skill_content_name/Sheet1|skill_name/Sheet1|skill_use_group_set/digimon|ui_mon_param_info/Field,D:\SteamLibrary\steamapps\common\SimpleDSCSModManager-develop\SimpleDSCSModManager\mods\HexersPack_II_digidestined
Hexer's DigiLab Pack - DigiDestined Version,Mojoceramon aka HexerVoodoom,1,Skin,1,27,72,195,0,0,yes,yes,,battle_command/Command|battle_command_effect/effect|battle_effect/effect|battle_support_skill/support_skill|charname/Sheet1|degeneration_para/digimon|digimon_book_explanation/Sheet1|digimon_common_para/digimon|digimon_farm_para/digimon|digimon_list/digimon|evolution_condition_para/digimon|evolution_next_para/digimon|model_attach_para/digimon01|model_attach_para/digimon02|model_attach_para/digimon03|model_default_scale/digimon|model_position_offset/offset|mon_design_para/Monster|mon_para/Monster|mon_para_hard/Monster|same_animation_data/digimon|skill_content_name/Sheet1|skill_name/Sheet1|skill_use_group_set/digimon|support_skill_content_name/Sheet1|support_skill_name/Sheet1|ui_mon_param_info/Field,D:\SteamLibrary\steamapps\common\SimpleDSCSModManager-develop\SimpleDSCSModManager\mods\Hexers DigiLab Pack  DigiDestined Version
Hexer's Pack for Digidestined,Mojoceramon aka HexerVoodoom,1,New digimon,1,24,101,42,0,0,yes,yes,,battle_command/Command|battle_command_effect/effect|battle_effect/effect|charname/Sheet1|degeneration_para/digimon|digimon_book_explanation/Sheet1|digimon_common_para/digimon|digimon_farm_para/digimon|digimon_list/digimon|evolution_condition_para/digimon|evolution_next_para/digimon|model_attach_para/digimon01|model_attach_para/digimon02|model_attach_para/digimon03|model_default_scale/digimon|mon_cpl/Coupling|mon_design_para/Monster|mon_para/Monster|mon_para_hard/Monster|same_animation_data/digimon|skill_content_name/Sheet1|skill_name/Sheet1|skill_use_group_set/digimon|ui_mon_param_info/Field,D:\SteamLibrary\steamapps\common\SimpleDSCSModManager-develop\SimpleDSCSModManager\mods\HexersPack_digidestined
keisuke Fighter,Mojoceramon AKA HexerVoodoom,1,New digimon,1,24,4,2,1,0,yes,yes,,battle_support_skill/support_skill|charname/Sheet1|degeneration_para/digimon|digimon_book_explanation/Sheet1|digimon_common_para/digimon|digimon_farm_para/digimon|digimon_list/digimon|evolution_condition_para/digimon|evolution_next_para/digimon|join_digimon_para/party|join_digimon_para_add/party|model_attach_para/digimon01|model_attach_para/digimon02|model_attach_para/digimon03|model_default_scale/digimon|model_default_scale/pc|mon_design_para/Monster|mon_para/Monster|mon_para_hard/Monster|same_animation_data/digimon|skill_use_group_set/digimon|support_skill_content_name/Sheet1|support_skill_name/Sheet1|ui_mon_param_info/Field,D:\SteamLibrary\steamapps\common\SimpleDSCSModManager-develop\SimpleDSCSModManager\mods\KeisukeFighter
Kyoko alpha Skin,Mojoceramon AKA HexerVoodoom,2.0,Alternative playable Character,1,0,0,1,0,0,no,yes,,,D:\SteamLibrary\steamapps\common\SimpleDSCSModManager-develop\SimpleDSCSModManager\mods\skin alpha
MagnamonXOC,Mojoceramon AKA HexerVoodoom,1.0,Digimon,1,0,230,25,0,0,no,yes,,,D:\Mateus\Modding Digimon\magnmonx\MOD_magnamonx
MagnamonXOC,Mojoceramon AKA HexerVoodoom,1.0,Digimon,1,1,222,31,0,0,no,yes,,item_para/table,D:\Mateus\Modding Digimon\magnmonx\MOD_magnamonx\v2
MagnamonXOC,Mojoceramon AKA HexerVoodoom,1.0,Digimon,1,1,230,25,0,0,no,yes,,item_para/table,D:\SteamLibrary\steamapps\common\SimpleDSCSModManager-develop\SimpleDSCSModManager\mods\MOD_magnamonx
Master Tyranomon TCG skin),Mojoceramon aka HexerVoodoom,1,New digimon,1,0,0,1,0,0,no,yes,,,D:\SteamLibrary\steamapps\common\SimpleDSCSModManager-develop\SimpleDSCSModManager\mods\Master Tyranomon TCG skin
Metal Empire Talon,Mojoceramon aka HexerVoodoom,0.1,Costume,1,0,0,11,0,0,no,yes,,,D:\Mateus\destop\alex taylor\mustache\metal empire
MetalEmpire outfit,Mojoceramon aka HexerVoodoom,1,Skin,1,1,0,17,0,0,no,yes,,item_para/table,D:\Mateus\destop\alex taylor\mustache\mod
Muscle Goddess Rina,Mojoceramon AKA HexerVoodoom,3.0,Alternative playable Character,1,0,0,3,0,0,no,yes,,,D:\SteamLibrary\steamapps\common\SimpleDSCSModManager-develop\SimpleDSCSModManager\mods\mappingtest1
Natticus,Mojoceramon aka HexerVoodoom,0.1,New Digimon,1,25,128,80,0,1,yes,yes,,battle_command/Command|battle_command_effect/effect|battle_effect/effect|battle_se/se|charname/Sheet1|degeneration_para/digimon|digimon_book_explanation/Sheet1|digimon_common_para/digimon|digimon_farm_para/digimon|digimon_list/digimon|evolution_condition_para/digimon|evolution_next_para/digimon|model_attach_para/digimon01|model_attach_para/digimon02|model_attach_para/digimon03|model_default_scale/digimon|model_position_offset/offset|mon_design_para/Monster|mon_para/Monster|mon_para_hard/Monster|same_animation_data/digimon|skill_content_name/Sheet1|skill_name/Sheet1|skill_use_group_set/digimon|ui_mon_param_info/Field,D:\Mateus\Modding Digimon\gamamon\mod natticus
Natticus,Mojoceramon aka HexerVoodoom,0.1,New Digimon,1,25,128,80,0,1,yes,yes,,battle_command/Command|battle_command_effect/effect|battle_effect/effect|battle_se/se|charname/Sheet1|degeneration_para/digimon|digimon_book_explanation/Sheet1|digimon_common_para/digimon|digimon_farm_para/digimon|digimon_list/digimon|evolution_condition_para/digimon|evolution_next_para/digimon|model_attach_para/digimon01|model_attach_para/digimon02|model_attach_para/digimon03|model_default_scale/digimon|model_position_offset/offset|mon_design_para/Monster|mon_para/Monster|mon_para_hard/Monster|same_animation_data/digimon|skill_content_name/Sheet1|skill_name/Sheet1|skill_use_group_set/digimon|ui_mon_param_info/Field,D:\SteamLibrary\steamapps\common\SimpleDSCSModManager-develop\SimpleDSCSModManager\mods\mod natticus
Omnimon Test,Mojoceramon aka HexerVoodoom,1,Skin,1,1,47,43,0,0,no,yes,,battle_command/Command,D:\SteamLibrary\steamapps\common\SimpleDSCSModManager-develop\SimpleDSCSModManager\mods\s3
Playable Rina 3.0,Mojoceramon AKA HexerVoodoom,3.0,Alternative playable Character,1,2,93,23,0,0,no,yes,,item_para/table|same_animation_data/pc,D:\SteamLibrary\steamapps\common\SimpleDSCSModManager-develop\SimpleDSCSModManager\mods\Playable Rina
remove hacking skills conditions,Mojoceramon aka HexerVoodoom,0.1,Digimon,1,2,0,0,0,0,no,yes,,hacking_skill_condition_exp/Sheet1|hacking_skill_para/Sheet1,D:\SteamLibrary\steamapps\common\SimpleDSCSModManager-develop\SimpleDSCSModManager\mods\easy_hacking_skills_8f96d
rima shorts,Mojoceramon aka HexerVoodoom,1,Skin,1,0,0,2,0,0,no,yes,,,D:\SteamLibrary\steamapps\common\SimpleDSCSModManager-develop\SimpleDSCSModManager\mods\rina shorts
rina mm,Mojoceramon aka HexerVoodoom,1,New Digimon,1,0,21,11,0,1,no,yes,,,D:\Mateus\Modding Digimon\rina2
rina mm,Mojoceramon aka HexerVoodoom,1,New Digimon,1,34,134,173,2,14,yes,yes,,battle_command/Command|battle_command_effect/effect|battle_support_skill/support_skill|charname/Sheet1|degeneration_para/digimon|digimon_book_explanation/Sheet1|digimon_common_para/digimon|digimon_farm_para/digimon|digimon_list/digimon|evolution_condition_para/digimon|evolution_next_para/digimon|info_message/Sheet1|item_para/table|join_digimon_para/party|m01_t30_0501/Sheet1|m52_t30_2001/Sheet1|model_attach_para/digimon01|model_attach_para/digimon02|model_attach_para/digimon03|model_default_scale/digimon|model_default_scale/pc|mon_design_para/Monster|mon_para/Monster|mon_para_hard/Monster|same_animation_data/digimon|same_animation_data/mob|same_animation_data/npc|same_animation_data/pc|skill_content_name/Sheet1|skill_name/Sheet1|skill_use_group_set/digimon|support_skill_content_name/Sheet1|support_skill_name/Sheet1|ui_mon_param_info/Field,D:\SteamLibrary\steamapps\common\SimpleDSCSModManager-develop\SimpleDSCSModManager\mods\New Rina Fighter
rina mm,Mojoceramon aka HexerVoodoom,1,New Digimon,1,0,13,0,0,0,no,yes,,,D:\SteamLibrary\steamapps\common\SimpleDSCSModManager-develop\SimpleDSCSModManager\mods\rina2
rina mm,Mojoceramon aka HexerVoodoom,1,New Digimon,1,0,17,0,0,0,no,yes,,,D:\SteamLibrary\steamapps\common\SimpleDSCSModManager-develop\SimpleDSCSModManager\mods\rina2-2
rina mm thic24,Mojoceramon aka HexerVoodoom,1,New Digimon,1,34,302,202,2,0,yes,yes,,battle_command/Command|battle_command_effect/effect|battle_support_skill/support_skill|charname/Sheet1|degeneration_para/digimon|digimon_book_explanation/Sheet1|digimon_common_para/digimon|digimon_farm_para/digimon|digimon_list/digimon|evolution_condition_para/digimon|evolution_next_para/digimon|info_message/Sheet1|item_para/table|join_digimon_para/party|m01_t30_0501/Sheet1|m52_t30_2001/Sheet1|model_attach_para/digimon01|model_attach_para/digimon02|model_attach_para/digimon03|model_default_scale/digimon|model_default_scale/pc|mon_design_para/Monster|mon_para/Monster|mon_para_hard/Monster|same_animation_data/digimon|same_animation_data/mob|same_animation_data/npc|same_animation_data/pc|skill_content_name/Sheet1|skill_name/Sheet1|skill_use_group_set/digimon|support_skill_content_name/Sheet1|support_skill_name/Sheet1|ui_mon_param_info/Field,D:\Mateus\Modding Digimon\rina2\thic2024
rina mm thic24,Mojoceramon aka HexerVoodoom,1,New Digimon,1,34,302,202,2,0,yes,yes,,battle_command/Command|battle_command_effect/effect|battle_support_skill/support_skill|charname/Sheet1|degeneration_para/digimon|digimon_book_explanation/Sheet1|digimon_common_para/digimon|digimon_farm_para/digimon|digimon_list/digimon|evolution_condition_para/digimon|evolution_next_para/digimon|info_message/Sheet1|item_para/table|join_digimon_para/party|m01_t30_0501/Sheet1|m52_t30_2001/Sheet1|model_attach_para/digimon01|model_attach_para/digimon02|model_attach_para/digimon03|model_default_scale/digimon|model_default_scale/pc|mon_design_para/Monster|mon_para/Monster|mon_para_hard/Monster|same_animation_data/digimon|same_animation_data/mob|same_animation_data/npc|same_animation_data/pc|skill_content_name/Sheet1|skill_name/Sheet1|skill_use_group_set/digimon|support_skill_content_name/Sheet1|support_skill_name/Sheet1|ui_mon_param_info/Field,D:\SteamLibrary\steamapps\common\SimpleDSCSModManager-develop\SimpleDSCSModManager\mods\thic2024
shellmon and morishellmon,Mojoceramon aka HexerVoodoom,1,Skin,1,0,4,3,0,0,no,yes,,,D:\Mateus\nc port\Scorpiomon
THICC MOD,Mojoceramon aka HexerVoodoom,1,Skin,1,4,80,42,0,1,yes,yes,,item_para/table|shop_para/limit_lineup|shop_para/lineup|shop_para/shop,D:\SteamLibrary\steamapps\common\SimpleDSCSModManager-develop\SimpleDSCSModManager\mods\RINA MUSCLE GODESS MODEL
THICC MOD,Mojoceramon aka HexerVoodoom,1,Skin,1,5,80,42,0,1,yes,yes,,item_para/medal_price|item_para/table|shop_para/limit_lineup|shop_para/lineup|shop_para/shop,D:\SteamLibrary\steamapps\common\SimpleDSCSModManager-develop\SimpleDSCSModManager\mods\RINA MUSCLE GODESS MODELxxx
THICC MOD,Mojoceramon aka HexerVoodoom,1,Skin,1,0,4,0,0,0,no,yes,,,D:\SteamLibrary\steamapps\common\SimpleDSCSModManager-develop\SimpleDSCSModManager\mods\custom rina
digibeetle1pc,Mojoceramon aka HexerVoodoom ,0.1,New Digimon,1,28,87,14,0,2,yes,yes,,battle_command/Command|battle_command_effect/effect|battle_support_skill/support_skill|charname/Sheet1|degeneration_para/digimon|digimon_book_explanation/Sheet1|digimon_common_para/digimon|digimon_farm_para/digimon|digimon_list/digimon|evolution_condition_para/digimon|evolution_next_para/digimon|item_para/table|model_attach_para/digimon01|model_attach_para/digimon02|model_attach_para/digimon03|model_default_scale/digimon|model_default_scale/pc|mon_design_para/Monster|mon_para/Monster|mon_para_hard/Monster|same_animation_data/digimon|same_animation_data/mob|same_animation_data/npc|same_animation_data/pc|skill_content_name/Sheet1|skill_name/Sheet1|skill_use_group_set/digimon|ui_mon_param_info/Field,D:\Mateus\Modding Digimon\DIGIMON WORLD 2 PART II\DIGIBEETLE
digibeetle1pc,Mojoceramon aka HexerVoodoom ,0.1,New Digimon,1,30,216,15,0,2,yes,yes,,battle_command/Command|battle_command_effect/effect|battle_support_skill/support_skill|charname/Sheet1|degeneration_para/digimon|digimon_book_explanation/Sheet1|digimon_common_para/digimon|digimon_farm_para/digimon|digimon_list/digimon|evolution_condition_para/digimon|evolution_next_para/digimon|item_para/table|model_attach_para/digimon01|model_attach_para/digimon02|model_attach_para/digimon03|model_default_scale/digimon|model_default_scale/mob|model_default_scale/npc|model_default_scale/pc|mon_design_para/Monster|mon_para/Monster|mon_para_hard/Monster|same_animation_data/digimon|same_animation_data/mob|same_animation_data/npc|same_animation_data/pc|skill_content_name/Sheet1|skill_name/Sheet1|skill_use_group_set/digimon|ui_mon_param_info/Field,D:\SteamLibrary\steamapps\common\SimpleDSCSModManager-develop\SimpleDSCSModManager\mods\DIGIBEETLE
digibeetle1pc,Mojoceramon aka HexerVoodoom ,0.1,New Digimon,1,28,174,14,0,2,yes,yes,,battle_command/Command|battle_command_effect/effect|battle_support_skill/support_skill|charname/Sheet1|degeneration_para/digimon|digimon_book_explanation/Sheet1|digimon_common_para/digimon|digimon_farm_para/digimon|digimon_list/digimon|evolution_condition_para/digimon|evolution_next_para/digimon|item_para/table|model_attach_para/digimon01|model_attach_para/digimon02|model_attach_para/digimon03|model_default_scale/digimon|model_default_scale/pc|mon_design_para/Monster|mon_para/Monster|mon_para_hard/Monster|same_animation_data/digimon|same_animation_data/mob|same_animation_data/npc|same_animation_data/pc|skill_content_name/Sheet1|skill_name/Sheet1|skill_use_group_set/digimon|ui_mon_param_info/Field,D:\SteamLibrary\steamapps\common\SimpleDSCSModManager-develop\SimpleDSCSModManager\mods\DIGIMON WORLD 2 PART II
digibeetle2pc,Mojoceramon aka HexerVoodoom ,0.1,New Digimon,1,28,8,24,0,2,yes,yes,,battle_command/Command|battle_command_effect/effect|battle_support_skill/support_skill|charname/Sheet1|degeneration_para/digimon|digimon_book_explanation/Sheet1|digimon_common_para/digimon|digimon_farm_para/digimon|digimon_list/digimon|evolution_condition_para/digimon|evolution_next_para/digimon|item_para/table|model_attach_para/digimon01|model_attach_para/digimon02|model_attach_para/digimon03|model_default_scale/digimon|model_default_scale/pc|mon_design_para/Monster|mon_para/Monster|mon_para_hard/Monster|same_animation_data/digimon|same_animation_data/mob|same_animation_data/npc|same_animation_data/pc|skill_content_name/Sheet1|skill_name/Sheet1|skill_use_group_set/digimon|ui_mon_param_info/Field,D:\Mateus\Modding Digimon\DIGIMON WORLD 2 PART II\DIGIBEETLE_BROWN
digibeetle2pc,Mojoceramon aka HexerVoodoom ,0.1,New Digimon,1,28,8,24,0,2,yes,yes,,battle_command/Command|battle_command_effect/effect|battle_support_skill/support_skill|charname/Sheet1|degeneration_para/digimon|digimon_book_explanation/Sheet1|digimon_common_para/digimon|digimon_farm_para/digimon|digimon_list/digimon|evolution_condition_para/digimon|evolution_next_para/digimon|item_para/table|model_attach_para/digimon01|model_attach_para/digimon02|model_attach_para/digimon03|model_default_scale/digimon|model_default_scale/pc|mon_design_para/Monster|mon_para/Monster|mon_para_hard/Monster|same_animation_data/digimon|same_animation_data/mob|same_animation_data/npc|same_animation_data/pc|skill_content_name/Sheet1|skill_name/Sheet1|skill_use_group_set/digimon|ui_mon_param_info/Field,D:\SteamLibrary\steamapps\common\SimpleDSCSModManager-develop\SimpleDSCSModManager\mods\DIGIBEETLE_BROWN
digibeetle3pc,Mojoceramon aka HexerVoodoom ,0.1,New Digimon,1,28,8,20,0,2,yes,yes,,battle_command/Command|battle_command_effect/effect|battle_support_skill/support_skill|charname/Sheet1|degeneration_para/digimon|digimon_book_explanation/Sheet1|digimon_common_para/digimon|digimon_farm_para/digimon|digimon_list/digimon|evolution_condition_para/digimon|evolution_next_para/digimon|item_para/table|model_attach_para/digimon01|model_attach_para/digimon02|model_attach_para/digimon03|model_default_scale/digimon|model_default_scale/pc|mon_design_para/Monster|mon_para/Monster|mon_para_hard/Monster|same_animation_data/digimon|same_animation_data/mob|same_animation_data/npc|same_animation_data/pc|skill_content_name/Sheet1|skill_name/Sheet1|skill_use_group_set/digimon|ui_mon_param_info/Field,D:\Mateus\Modding Digimon\DIGIMON WORLD 2 PART II\DIGIBETTLE_3
digibeetle3pc,Mojoceramon aka HexerVoodoom ,0.1,New Digimon,1,28,8,24,0,2,yes,yes,,battle_command/Command|battle_command_effect/effect|battle_support_skill/support_skill|charname/Sheet1|degeneration_para/digimon|digimon_book_explanation/Sheet1|digimon_common_para/digimon|digimon_farm_para/digimon|digimon_list/digimon|evolution_condition_para/digimon|evolution_next_para/digimon|item_para/table|model_attach_para/digimon01|model_attach_para/digimon02|model_attach_para/digimon03|model_default_scale/digimon|model_default_scale/pc|mon_design_para/Monster|mon_para/Monster|mon_para_hard/Monster|same_animation_data/digimon|same_animation_data/mob|same_animation_data/npc|same_animation_data/pc|skill_content_name/Sheet1|skill_name/Sheet1|skill_use_group_set/digimon|ui_mon_param_info/Field,D:\SteamLibrary\steamapps\common\SimpleDSCSModManager-develop\SimpleDSCSModManager\mods\DIGIBETTLE_3
Digibeetle_A,Mojoceramon aka HexerVoodoom ,0.1,New Digimon,1,24,37,30,0,2,yes,yes,,battle_command/Command|battle_command_effect/effect|battle_support_skill/support_skill|charname/Sheet1|degeneration_para/digimon|digimon_book_explanation/Sheet1|digimon_common_para/digimon|digimon_farm_para/digimon|digimon_list/digimon|evolution_condition_para/digimon|evolution_next_para/digimon|item_para/table|model_attach_para/digimon01|model_attach_para/digimon02|model_attach_para/digimon03|model_default_scale/digimon|model_default_scale/pc|mon_design_para/Monster|mon_para/Monster|mon_para_hard/Monster|skill_content_name/Sheet1|skill_name/Sheet1|skill_use_group_set/digimon|ui_mon_param_info/Field,D:\Mateus\Modding Digimon\DIGIMON WORLD 2 PART II\all beetles\ADAMANTIUM
Digibeetle_A,Mojoceramon aka HexerVoodoom ,0.1,New Digimon,1,24,37,30,0,2,yes,yes,,battle_command/Command|battle_command_effect/effect|battle_support_skill/support_skill|charname/Sheet1|degeneration_para/digimon|digimon_book_explanation/Sheet1|digimon_common_para/digimon|digimon_farm_para/digimon|digimon_list/digimon|evolution_condition_para/digimon|evolution_next_para/digimon|item_para/table|model_attach_para/digimon01|model_attach_para/digimon02|model_attach_para/digimon03|model_default_scale/digimon|model_default_scale/pc|mon_design_para/Monster|mon_para/Monster|mon_para_hard/Monster|skill_content_name/Sheet1|skill_name/Sheet1|skill_use_group_set/digimon|ui_mon_param_info/Field,D:\SteamLibrary\steamapps\common\SimpleDSCSModManager-develop\SimpleDSCSModManager\mods\ADAMANTIUM
Digibeetle_S,Mojoceramon aka HexerVoodoom ,0.1,New Digimon,1,24,36,30,0,2,yes,yes,,battle_command/Command|battle_command_effect/effect|battle_support_skill/support_skill|charname/Sheet1|degeneration_para/digimon|digimon_book_explanation/Sheet1|digimon_common_para/digimon|digimon_farm_para/digimon|digimon_list/digimon|evolution_condition_para/digimon|evolution_next_para/digimon|item_para/table|model_attach_para/digimon01|model_attach_para/digimon02|model_attach_para/digimon03|model_default_scale/digimon|model_default_scale/pc|mon_design_para/Monster|mon_para/Monster|mon_para_hard/Monster|skill_content_name/Sheet1|skill_name/Sheet1|skill_use_group_set/digimon|ui_mon_param_info/Field,D:\Mateus\Modding Digimon\DIGIMON WORLD 2 PART II\all beetles\STEEL
Digibeetle_S,Mojoceramon aka HexerVoodoom ,0.1,New Digimon,1,24,40,30,0,2,yes,yes,,battle_command/Command|battle_command_effect/effect|battle_support_skill/support_skill|charname/Sheet1|degeneration_para/digimon|digimon_book_explanation/Sheet1|digimon_common_para/digimon|digimon_farm_para/digimon|digimon_list/digimon|evolution_condition_para/digimon|evolution_next_para/digimon|item_para/table|model_attach_para/digimon01|model_attach_para/digimon02|model_attach_para/digimon03|model_default_scale/digimon|model_default_scale/pc|mon_design_para/Monster|mon_para/Monster|mon_para_hard/Monster|skill_content_name/Sheet1|skill_name/Sheet1|skill_use_group_set/digimon|ui_mon_param_info/Field,D:\SteamLibrary\steamapps\common\SimpleDSCSModManager-develop\SimpleDSCSModManager\mods\STEEL
Digibeetle_T,Mojoceramon aka HexerVoodoom ,0.1,New Digimon,1,24,34,30,0,2,yes,yes,,battle_command/Command|battle_command_effect/effect|battle_support_skill/support_skill|charname/Sheet1|degeneration_para/digimon|digimon_book_explanation/Sheet1|digimon_common_para/digimon|digimon_farm_para/digimon|digimon_list/digimon|evolution_condition_para/digimon|evolution_next_para/digimon|item_para/table|model_attach_para/digimon01|model_attach_para/digimon02|model_attach_para/digimon03|model_default_scale/digimon|model_default_scale/pc|mon_design_para/Monster|mon_para/Monster|mon_para_hard/Monster|skill_content_name/Sheet1|skill_name/Sheet1|skill_use_group_set/digimon|ui_mon_param_info/Field,D:\Mateus\Modding Digimon\DIGIMON WORLD 2 PART II\all beetles\TITANIUM
Digibeetle_T,Mojoceramon aka HexerVoodoom ,0.1,New Digimon,1,24,38,30,0,2,yes,yes,,battle_command/Command|battle_command_effect/effect|battle_support_skill/support_skill|charname/Sheet1|degeneration_para/digimon|digimon_book_explanation/Sheet1|digimon_common_para/digimon|digimon_farm_para/digimon|digimon_list/digimon|evolution_condition_para/digimon|evolution_next_para/digimon|item_para/table|model_attach_para/digimon01|model_attach_para/digimon02|model_attach_para/digimon03|model_default_scale/digimon|model_default_scale/pc|mon_design_para/Monster|mon_para/Monster|mon_para_hard/Monster|skill_content_name/Sheet1|skill_name/Sheet1|skill_use_group_set/digimon|ui_mon_param_info/Field,D:\SteamLibrary\steamapps\common\SimpleDSCSModManager-develop\SimpleDSCSModManager\mods\TITANIUM
Digibeetles,Mojoceramon aka HexerVoodoom ,0.1,New Digimon,1,24,53,30,0,2,yes,yes,,battle_command/Command|battle_command_effect/effect|battle_support_skill/support_skill|charname/Sheet1|degeneration_para/digimon|digimon_book_explanation/Sheet1|digimon_common_para/digimon|digimon_farm_para/digimon|digimon_list/digimon|evolution_condition_para/digimon|evolution_next_para/digimon|item_para/table|model_attach_para/digimon01|model_attach_para/digimon02|model_attach_para/digimon03|model_default_scale/digimon|model_default_scale/pc|mon_design_para/Monster|mon_para/Monster|mon_para_hard/Monster|skill_content_name/Sheet1|skill_name/Sheet1|skill_use_group_set/digimon|ui_mon_param_info/Field,D:\Mateus\Modding Digimon\DIGIMON WORLD 2 PART II\all beetles
Digibeetles,Mojoceramon aka HexerVoodoom ,0.1,New Digimon,1,26,261,30,0,2,yes,yes,,battle_command/Command|battle_command_effect/effect|battle_support_skill/support_skill|charname/Sheet1|degeneration_para/digimon|digimon_book_explanation/Sheet1|digimon_common_para/digimon|digimon_farm_para/digimon|digimon_list/digimon|evolution_condition_para/digimon|evolution_next_para/digimon|item_para/table|model_attach_para/digimon01|model_attach_para/digimon02|model_attach_para/digimon03|model_default_scale/digimon|model_default_scale/pc|mon_design_para/Monster|mon_para/Monster|mon_para_hard/Monster|same_animation_data/digimon|same_animation_data/pc|skill_content_name/Sheet1|skill_name/Sheet1|skill_use_group_set/digimon|ui_mon_param_info/Field,D:\SteamLibrary\steamapps\common\SimpleDSCSModManager-develop\SimpleDSCSModManager\mods\all beetles
Arresterdramon SM (Brave Snatcher),Mojoceramon aka HexerVoodoom & Echodex,1.0,Digimon,1,28,67,72,0,3,yes,yes,,battle_command/Command|battle_command_effect/effect|battle_effect/effect|battle_support_skill/support_skill|battle_voice/voice|battle_voice_add/voice|charname/Sheet1|degeneration_para/digimon|digimon_book_explanation/Sheet1|digimon_common_para/digimon|digimon_common_para/no_generations|digimon_farm_para/digimon|digimon_list/digimon|evolution_condition_para/digimon|evolution_next_para/digimon|model_attach_para/digimon01|model_attach_para/digimon02|model_attach_para/digimon03|model_default_scale/digimon|mon_design_para/Monster|mon_para/Monster|mon_para_hard/Monster|skill_content_name/Sheet1|skill_name/Sheet1|skill_use_group_set/digimon|support_skill_content_name/Sheet1|support_skill_name/Sheet1|ui_mon_param_info/Field,D:\Mateus\Modding Digimon\arresterdramon\ARRESTERDRAMON MOD\Arresterdramon SM\ArresterdramonSM_NEW
Arresterdramon SM (Brave Snatcher),Mojoceramon aka HexerVoodoom & Echodex,1.0,Digimon,1,28,67,72,0,3,yes,yes,,battle_command/Command|battle_command_effect/effect|battle_effect/effect|battle_support_skill/support_skill|battle_voice/voice|battle_voice_add/voice|charname/Sheet1|degeneration_para/digimon|digimon_book_explanation/Sheet1|digimon_common_para/digimon|digimon_common_para/no_generations|digimon_farm_para/digimon|digimon_list/digimon|evolution_condition_para/digimon|evolution_next_para/digimon|model_attach_para/digimon01|model_attach_para/digimon02|model_attach_para/digimon03|model_default_scale/digimon|mon_design_para/Monster|mon_para/Monster|mon_para_hard/Monster|skill_content_name/Sheet1|skill_name/Sheet1|skill_use_group_set/digimon|support_skill_content_name/Sheet1|support_skill_name/Sheet1|ui_mon_param_info/Field,D:\Mateus\Modding Digimon\arresterdramon\ARRESTERDRAMON MOD\Arresterdramon SM\ArresterdramonSM_NEW\New folder
Arresterdramon SM (Brave Snatcher),Mojoceramon aka HexerVoodoom & Echodex,1.0,Digimon,1,28,67,72,0,3,yes,yes,,battle_command/Command|battle_command_effect/effect|battle_effect/effect|battle_support_skill/support_skill|battle_voice/voice|battle_voice_add/voice|charname/Sheet1|degeneration_para/digimon|digimon_book_explanation/Sheet1|digimon_common_para/digimon|digimon_common_para/no_generations|digimon_farm_para/digimon|digimon_list/digimon|evolution_condition_para/digimon|evolution_next_para/digimon|model_attach_para/digimon01|model_attach_para/digimon02|model_attach_para/digimon03|model_default_scale/digimon|mon_design_para/Monster|mon_para/Monster|mon_para_hard/Monster|skill_content_name/Sheet1|skill_name/Sheet1|skill_use_group_set/digimon|support_skill_content_name/Sheet1|support_skill_name/Sheet1|ui_mon_param_info/Field,D:\SteamLibrary\steamapps\common\SimpleDSCSModManager-develop\SimpleDSCSModManager\mods\ArresterdramonSMBS
Chaosmon: Sleipnir Arm,Mojoceramon aka HexerVoodoom & Echodex,0.1,New Digimon,1,25,44,6,0,0,yes,yes,,battle_command/Command|battle_command_effect/effect|battle_effect/effect|battle_se/se|battle_voice/voice|battle_voice_add/voice|charname/Sheet1|degeneration_para/digimon|digimon_book_explanation/Sheet1|digimon_common_para/digimon|digimon_farm_para/digimon|digimon_list/digimon|evolution_condition_para/digimon|evolution_next_para/digimon|model_attach_para/digimon01|model_attach_para/digimon02|model_attach_para/digimon03|model_default_scale/digimon|mon_design_para/Monster|mon_para/Monster|mon_para_hard/Monster|skill_content_name/Sheet1|skill_name/Sheet1|skill_use_group_set/digimon|ui_mon_param_info/Field,D:\SteamLibrary\steamapps\common\SimpleDSCSModManager-develop\SimpleDSCSModManager\mods\chaosmon_sa
Omegamon (Adventure 2020),Mojoceramon aka HexerVoodoom & Echodex,1.0,Digimon,1,27,48,88,0,0,yes,yes,,battle_command/Command|battle_command_effect/effect|battle_effect/effect|battle_support_skill/support_skill|battle_voice/voice|battle_voice_add/voice|charname/Sheet1|degeneration_para/digimon|digimon_book_explanation/Sheet1|digimon_common_para/digimon|digimon_farm_para/digimon|digimon_list/digimon|evolution_condition_para/digimon|evolution_next_para/digimon|model_attach_para/digimon01|model_attach_para/digimon02|model_attach_para/digimon03|model_default_scale/digimon|mon_design_para/Monster|mon_para/Monster|mon_para_hard/Monster|skill_content_name/Sheet1|skill_name/Sheet1|skill_use_group_set/digimon|support_skill_content_name/Sheet1|support_skill_name/Sheet1|ui_mon_param_info/Field,D:\Mateus\Modding Digimon\ultimateOmegamon\omegamon_2020
Omegamon (Adventure 2020),Mojoceramon aka HexerVoodoom & Echodex,1.0,Digimon,1,27,48,63,0,0,yes,yes,,battle_command/Command|battle_command_effect/effect|battle_effect/effect|battle_support_skill/support_skill|battle_voice/voice|battle_voice_add/voice|charname/Sheet1|degeneration_para/digimon|digimon_book_explanation/Sheet1|digimon_common_para/digimon|digimon_farm_para/digimon|digimon_list/digimon|evolution_condition_para/digimon|evolution_next_para/digimon|model_attach_para/digimon01|model_attach_para/digimon02|model_attach_para/digimon03|model_default_scale/digimon|mon_design_para/Monster|mon_para/Monster|mon_para_hard/Monster|skill_content_name/Sheet1|skill_name/Sheet1|skill_use_group_set/digimon|support_skill_content_name/Sheet1|support_skill_name/Sheet1|ui_mon_param_info/Field,D:\SteamLibrary\steamapps\common\SimpleDSCSModManager-develop\SimpleDSCSModManager\mods\omegamon_2020
Shoutmon (King Version),Mojoceramon aka HexerVoodoom & Echodex,1.0,New Digimon,1,27,47,26,0,0,yes,yes,,battle_command/Command|battle_command_effect/effect|battle_support_skill/support_skill|battle_voice/voice|battle_voice_add/voice|charname/Sheet1|degeneration_para/digimon|digimon_book_explanation/Sheet1|digimon_common_para/digimon|digimon_common_para/no_generations|digimon_farm_para/digimon|digimon_list/digimon|evolution_condition_para/digimon|evolution_next_para/digimon|model_attach_para/digimon01|model_attach_para/digimon02|model_attach_para/digimon03|model_default_scale/digimon|mon_design_para/Monster|mon_para/Monster|mon_para_hard/Monster|skill_content_name/Sheet1|skill_name/Sheet1|skill_use_group_set/digimon|support_skill_content_name/Sheet1|support_skill_name/Sheet1|ui_mon_param_info/Field,D:\SteamLibrary\steamapps\common\SimpleDSCSModManager-develop\SimpleDSCSModManager\mods\KingShoutmon
Shoutmon (King Version),Mojoceramon aka HexerVoodoom & Echodex,1.0,New Digimon,1,28,4,20,0,0,yes,yes,,battle_command/Command|battle_command_effect/effect|battle_support_skill/support_skill|battle_voice/voice|battle_voice_add/voice|charname/Sheet1|degeneration_para/digimon|digimon_book_explanation/Sheet1|digimon_common_para/digimon|digimon_common_para/no_generations|digimon_farm_para/digimon|digimon_list/digimon|evolution_condition_para/digimon|evolution_next_para/digimon|model_attach_para/digimon01|model_attach_para/digimon02|model_attach_para/digimon03|model_default_scale/digimon|mon_design_para/Monster|mon_para/Monster|mon_para_hard/Monster|same_animation_data/digimon|skill_content_name/Sheet1|skill_name/Sheet1|skill_use_group_set/digimon|support_skill_content_name/Sheet1|support_skill_name/Sheet1|ui_mon_param_info/Field,D:\SteamLibrary\steamapps\common\SimpleDSCSModManager-develop\SimpleDSCSModManager\mods\KingShoutmon_final
Chaosmon Brachio,Mojoceramon aka HexerVoodoom and  @jdkdoodles,0.1,New Digimon,1,11,34,44,0,5,yes,yes,,battle_command_effect/effect|battle_command_effect/item|charname/Sheet1|digimon_book_explanation/Sheet1|evolution_condition_para/digimon|evolution_next_para/digimon|item_explanation/Sheet1|item_name/Sheet1|medal_gasha_para/table|skill_content_name/Sheet1|skill_name/Sheet1,D:\Mateus\Modding Digimon\chaos brach
Chaosmon-B,Mojoceramon aka HexerVoodoom and  @jdkdoodles,0.1,New Digimon,1,23,36,20,0,0,yes,yes,,battle_command/Command|battle_command_effect/effect|battle_effect/effect|battle_se/se|charname/Sheet1|degeneration_para/digimon|digimon_book_explanation/Sheet1|digimon_common_para/digimon|digimon_farm_para/digimon|digimon_list/digimon|evolution_condition_para/digimon|evolution_next_para/digimon|model_attach_para/digimon01|model_attach_para/digimon02|model_attach_para/digimon03|model_default_scale/digimon|mon_design_para/Monster|mon_para/Monster|mon_para_hard/Monster|skill_content_name/Sheet1|skill_name/Sheet1|skill_use_group_set/digimon|ui_mon_param_info/Field,D:\SteamLibrary\steamapps\common\SimpleDSCSModManager-develop\SimpleDSCSModManager\mods\Chaosmon-B
digibeetle1,Mojoceramon aka HexerVoodoom and  @jdkdoodles,0.1,New Digimon,1,8,42,13,0,2,no,yes,,model_default_scale/digimon|model_default_scale/mob|model_default_scale/npc|model_default_scale/pc|same_animation_data/digimon|same_animation_data/mob|same_animation_data/npc|same_animation_data/pc,D:\Mateus\destop\octonautas\digibeetle
digibeetle1,Mojoceramon aka HexerVoodoom and  @jdkdoodles,0.1,New Digimon,1,8,8,10,0,1,no,yes,,model_default_scale/digimon|model_default_scale/mob|model_default_scale/npc|model_default_scale/pc|same_animation_data/digimon|same_animation_data/mob|same_animation_data/npc|same_animation_data/pc,D:\Mateus\destop\octonautas\digibeetle\digibeetle final\esse modelo com o osso de fora
Mojoceramon,Mojoceramon aka HexerVoodoom and  @jdkdoodles,0.1,New Digimon,1,19,54,27,0,1,yes,yes,,charname/Sheet1|degeneration_para/digimon|digimon_book_explanation/Sheet1|digimon_common_para/digimon|digimon_farm_para/digimon|digimon_list/digimon|evolution_condition_para/digimon|evolution_next_para/digimon|model_attach_para/digimon01|model_attach_para/digimon02|model_attach_para/digimon03|model_default_scale/digimon|model_default_scale/pc|model_position_offset/offset|mon_design_para/Monster|mon_para/Monster|mon_para_hard/Monster|skill_use_group_set/digimon|ui_mon_param_info/Field,D:\SteamLibrary\steamapps\common\SimpleDSCSModManager-develop\SimpleDSCSModManager\mods\mod mojo
Mojoceramon,Mojoceramon aka HexerVoodoom and  @jdkdoodles,0.1,New Digimon,1,3,18,23,0,1,no,yes,,model_default_scale/digimon|model_default_scale/pc|model_position_offset/offset,D:\SteamLibrary\steamapps\common\SimpleDSCSModManager-develop\SimpleDSCSModManager\mods\mod mojov3
mustache,Mojoceramon aka HexerVoodoom and  @jdkdoodles,0.1,New Digimon,1,0,0,5,0,0,no,yes,,,D:\Mateus\destop\alex taylor\mustache
triceradw2,Mojoceramon aka HexerVoodoom and  @jdkdoodles,0.1,New Digimon,1,0,8,11,0,0,no,yes,,,D:\Mateus\destop\octonautas\triceradw2
triceradw2,Mojoceramon aka HexerVoodoom and  @jdkdoodles,0.1,New Digimon,1,0,4,8,0,0,no,yes,,,D:\SteamLibrary\steamapps\common\SimpleDSCSModManager-develop\SimpleDSCSModManager\mods\triceradw2
triceradw2,Mojoceramon aka HexerVoodoom and  @jdkdoodles,0.1,New Digimon,1,0,8,11,0,0,no,yes,,,D:\SteamLibrary\steamapps\common\SimpleDSCSModManager-develop\SimpleDSCSModManager\mods\triceradw2yg
v2 WereGarurumon Sagittarius Mode,Mojoceramon and Echodex,1,New Digimon,1,0,15,19,0,0,no,yes,,,D:\SteamLibrary\steamapps\common\SimpleDSCSModManager-develop\SimpleDSCSModManager\mods\v22
WereGarurumon Sagittarius Mode,Mojoceramon and Echodex,1,New Digimon,1,0,4,11,0,0,no,yes,,,D:\SteamLibrary\steamapps\common\SimpleDSCSModManager-develop\SimpleDSCSModManager\mods\mod_sagittarius
Imperialdramon (Black) and Infected,"Mojoceramon, AlterX and Echodex",1,New Digimon,1,27,137,88,0,0,yes,yes,,battle_command/Command|battle_command_effect/effect|battle_effect/effect|battle_support_skill/support_skill|battle_voice/voice|battle_voice_add/voice|charname/Sheet1|degeneration_para/digimon|digimon_book_explanation/Sheet1|digimon_common_para/digimon|digimon_farm_para/digimon|digimon_list/digimon|evolution_condition_para/digimon|evolution_next_para/digimon|model_attach_para/digimon01|model_attach_para/digimon02|model_attach_para/digimon03|model_default_scale/digimon|mon_design_para/Monster|mon_para/Monster|mon_para_hard/Monster|skill_content_name/Sheet1|skill_name/Sheet1|skill_use_group_set/digimon|support_skill_content_name/Sheet1|support_skill_name/Sheet1|ui_mon_param_info/Field,D:\SteamLibrary\steamapps\common\SimpleDSCSModManager-develop\SimpleDSCSModManager\mods\Imperialdramon_Black_and_Infected
Imperialdramon (Black) and Infected,"Mojoceramon, AlterX and Echodex",1,New Digimon,1,27,137,88,0,0,yes,yes,,battle_command/Command|battle_command_effect/effect|battle_effect/effect|battle_support_skill/support_skill|battle_voice/voice|battle_voice_add/voice|charname/Sheet1|degeneration_para/digimon|digimon_book_explanation/Sheet1|digimon_common_para/digimon|digimon_farm_para/digimon|digimon_list/digimon|evolution_condition_para/digimon|evolution_next_para/digimon|model_attach_para/digimon01|model_attach_para/digimon02|model_attach_para/digimon03|model_default_scale/digimon|mon_design_para/Monster|mon_para/Monster|mon_para_hard/Monster|skill_content_name/Sheet1|skill_name/Sheet1|skill_use_group_set/digimon|support_skill_content_name/Sheet1|support_skill_name/Sheet1|ui_mon_param_info/Field,D:\SteamLibrary\steamapps\common\SimpleDSCSModManager-develop\SimpleDSCSModManager\mods\New folderxasa
Imperialdramon (Black) and Infected,"Mojoceramon, AlterX and Echodex",2,New Digimon,1,27,137,88,0,0,yes,yes,,battle_command/Command|battle_command_effect/effect|battle_effect/effect|battle_support_skill/support_skill|battle_voice/voice|battle_voice_add/voice|charname/Sheet1|degeneration_para/digimon|digimon_book_explanation/Sheet1|digimon_common_para/digimon|digimon_farm_para/digimon|digimon_list/digimon|evolution_condition_para/digimon|evolution_next_para/digimon|model_attach_para/digimon01|model_attach_para/digimon02|model_attach_para/digimon03|model_default_scale/digimon|mon_design_para/Monster|mon_para/Monster|mon_para_hard/Monster|skill_content_name/Sheet1|skill_name/Sheet1|skill_use_group_set/digimon|support_skill_content_name/Sheet1|support_skill_name/Sheet1|ui_mon_param_info/Field,D:\SteamLibrary\steamapps\common\SimpleDSCSModManager-develop\SimpleDSCSModManager\mods\infected imperialdramon
"Imperialdramon Pack: Black, Infected & Paladin","Mojoceramon, AlterX and Echodex",2,New Digimon,1,27,173,100,0,0,yes,yes,,battle_command/Command|battle_command_effect/effect|battle_effect/effect|battle_support_skill/support_skill|battle_voice/voice|battle_voice_add/voice|charname/Sheet1|degeneration_para/digimon|digimon_book_explanation/Sheet1|digimon_common_para/digimon|digimon_farm_para/digimon|digimon_list/digimon|evolution_condition_para/digimon|evolution_next_para/digimon|model_attach_para/digimon01|model_attach_para/digimon02|model_attach_para/digimon03|model_default_scale/digimon|mon_design_para/Monster|mon_para/Monster|mon_para_hard/Monster|skill_content_name/Sheet1|skill_name/Sheet1|skill_use_group_set/digimon|support_skill_content_name/Sheet1|support_skill_name/Sheet1|ui_mon_param_info/Field,D:\SteamLibrary\steamapps\common\SimpleDSCSModManager-develop\SimpleDSCSModManager\mods\imperialdramon_pack
"ruin test Imperialdramon Pack: Black, Infected & Paladin","Mojoceramon, AlterX and Echodex",2,New Digimon,1,27,177,105,0,1,yes,yes,,battle_command/Command|battle_command_effect/effect|battle_effect/effect|battle_support_skill/support_skill|battle_voice/voice|battle_voice_add/voice|charname/Sheet1|degeneration_para/digimon|digimon_book_explanation/Sheet1|digimon_common_para/digimon|digimon_farm_para/digimon|digimon_list/digimon|evolution_condition_para/digimon|evolution_next_para/digimon|model_attach_para/digimon01|model_attach_para/digimon02|model_attach_para/digimon03|model_default_scale/digimon|mon_design_para/Monster|mon_para/Monster|mon_para_hard/Monster|skill_content_name/Sheet1|skill_name/Sheet1|skill_use_group_set/digimon|support_skill_content_name/Sheet1|support_skill_name/Sheet1|ui_mon_param_info/Field,D:\SteamLibrary\steamapps\common\SimpleDSCSModManager-develop\SimpleDSCSModManager\mods\ruin mode
Skip Dialogue & Cutscene Mod,Pherakki,0.2,Script,1,0,0,0,5182,0,no,yes,,,D:\SteamLibrary\steamapps\common\SimpleDSCSModManager-develop\SimpleDSCSModManager\mods\dscs-skipdialoguemod
arresterdramon,Sanqian,1.0,Digimon,1,3,4,6,0,0,yes,yes,,battle_command_effect/effect|battle_command_effect/item|battle_effect/effect,D:\Mateus\Modding Digimon\ARESTERDRAMON
Bestower of All,Sanqian,1.0,Digimon,1,0,142,13,0,0,no,yes,,,D:\Mateus\Modding Digimon\demon hacker mob\New folder
Bestower of All,Sanqian,1.0,Digimon,1,0,142,8,0,0,no,yes,,,D:\SteamLibrary\steamapps\common\SimpleDSCSModManager-develop\SimpleDSCSModManager\mods\Bestower of All
Bestower of All,Sanqian,1.0,Digimon,1,0,142,13,0,0,no,yes,,,D:\SteamLibrary\steamapps\common\SimpleDSCSModManager-develop\SimpleDSCSModManager\mods\bestowerNew folder
God of War Greymon,sanqian,1.0,New digimon,1,0,0,0,0,0,no,NO,,,D:\Mateus
Omnimon Integration Package,Sanqian,1.0,Digimon,1,28,164,61,0,0,yes,yes,,battle_command/Command|battle_command_effect/effect|battle_effect/effect|battle_se/se|battle_support_skill/support_skill|battle_voice/voice|battle_voice_add/voice|charname/Sheet1|degeneration_para/digimon|digimon_book_explanation/Sheet1|digimon_common_para/digimon|digimon_farm_para/digimon|digimon_list/digimon|evolution_condition_para/digimon|evolution_next_para/digimon|model_attach_para/digimon01|model_attach_para/digimon02|model_attach_para/digimon03|model_default_scale/digimon|mon_design_para/Monster|mon_para/Monster|mon_para_hard/Monster|skill_content_name/Sheet1|skill_name/Sheet1|skill_use_group_set/digimon|support_skill_content_name/Sheet1|support_skill_name/Sheet1|ui_mon_param_info/Field,D:\Mateus\Modding Digimon\omnimonA
Omnimon Integration Package,Sanqian,1.0,Digimon,1,28,164,61,0,0,yes,yes,,battle_command/Command|battle_command_effect/effect|battle_effect/effect|battle_se/se|battle_support_skill/support_skill|battle_voice/voice|battle_voice_add/voice|charname/Sheet1|degeneration_para/digimon|digimon_book_explanation/Sheet1|digimon_common_para/digimon|digimon_farm_para/digimon|digimon_list/digimon|evolution_condition_para/digimon|evolution_next_para/digimon|model_attach_para/digimon01|model_attach_para/digimon02|model_attach_para/digimon03|model_default_scale/digimon|mon_design_para/Monster|mon_para/Monster|mon_para_hard/Monster|skill_content_name/Sheet1|skill_name/Sheet1|skill_use_group_set/digimon|support_skill_content_name/Sheet1|support_skill_name/Sheet1|ui_mon_param_info/Field,D:\Mateus\Modding Digimon\omnimonA\New folder
Omnimon Integration Package,Sanqian,1.0,Digimon,1,28,164,55,0,0,yes,yes,,battle_command/Command|battle_command_effect/effect|battle_effect/effect|battle_se/se|battle_support_skill/support_skill|battle_voice/voice|battle_voice_add/voice|charname/Sheet1|degeneration_para/digimon|digimon_book_explanation/Sheet1|digimon_common_para/digimon|digimon_farm_para/digimon|digimon_list/digimon|evolution_condition_para/digimon|evolution_next_para/digimon|model_attach_para/digimon01|model_attach_para/digimon02|model_attach_para/digimon03|model_default_scale/digimon|mon_design_para/Monster|mon_para/Monster|mon_para_hard/Monster|skill_content_name/Sheet1|skill_name/Sheet1|skill_use_group_set/digimon|support_skill_content_name/Sheet1|support_skill_name/Sheet1|ui_mon_param_info/Field,D:\SteamLibrary\steamapps\common\SimpleDSCSModManager-develop\SimpleDSCSModManager\mods\omega4
Omnimon LHA,Sanqian,1.0,Digimon,1,0,12,58,0,0,no,yes,,,D:\Mateus\Modding Digimon\light hand omnimon
ch033,Sanqian Mojoceramon,1.1,Digimon,1,0,15,2,0,0,no,yes,,,D:\Mateus\chr033
ch033,Sanqian Mojoceramon,1.1,Digimon,1,0,15,2,0,0,no,yes,,,D:\SteamLibrary\steamapps\common\SimpleDSCSModManager-develop\SimpleDSCSModManager\mods\chr033
Alphamon PM,"Sanqian, Mojoceramon, Echo",1,New Digimon,1,24,41,46,0,0,yes,yes,,battle_se/se|battle_support_skill/support_skill|battle_voice/voice|battle_voice_add/voice|charname/Sheet1|degeneration_para/digimon|digimon_book_explanation/Sheet1|digimon_common_para/digimon|digimon_farm_para/digimon|digimon_list/digimon|evolution_condition_para/digimon|evolution_next_para/digimon|model_attach_para/digimon01|model_attach_para/digimon02|model_attach_para/digimon03|model_default_scale/digimon|mon_design_para/Monster|mon_para/Monster|mon_para_hard/Monster|skill_content_name/Sheet1|skill_name/Sheet1|support_skill_content_name/Sheet1|support_skill_name/Sheet1|ui_mon_param_info/Field,D:\SteamLibrary\steamapps\common\SimpleDSCSModManager-develop\SimpleDSCSModManager\mods\AlphamonPM
Accessory Shop,Syd Montague,0.1,Quality of Life,1,3,0,0,4,0,no,yes,,mod_accessory_shop/Sheet1|shop_para/lineup|shop_para/shop,D:\SteamLibrary\steamapps\common\SimpleDSCSModManager-develop\SimpleDSCSModManager\mods\DSCS-Mod-AccessoryShop-master
tyrantkabu shaders,Syd Montague,0.1,Quality of Life,1,0,4,4,0,0,no,yes,,,D:\SteamLibrary\steamapps\common\SimpleDSCSModManager-develop\SimpleDSCSModManager\mods\tyrant kabublack2
UnlockHackingSkills,Syd Montague,0.1,Quality of Life,1,0,0,0,1,0,no,yes,,,D:\SteamLibrary\steamapps\common\SimpleDSCSModManager-develop\SimpleDSCSModManager\mods\DSCS-Mod-UnlockHackingSkills-master
arrester,x,1.0,New digimon,1,27,63,67,0,3,yes,yes,,battle_command/Command|battle_command_effect/effect|battle_effect/effect|battle_support_skill/support_skill|battle_voice/voice|battle_voice_add/voice|charname/Sheet1|degeneration_para/digimon|digimon_book_explanation/Sheet1|digimon_common_para/digimon|digimon_farm_para/digimon|digimon_list/digimon|evolution_condition_para/digimon|evolution_next_para/digimon|model_attach_para/digimon01|model_attach_para/digimon02|model_attach_para/digimon03|model_default_scale/digimon|mon_design_para/Monster|mon_para/Monster|mon_para_hard/Monster|skill_content_name/Sheet1|skill_name/Sheet1|skill_use_group_set/digimon|support_skill_content_name/Sheet1|support_skill_name/Sheet1|ui_mon_param_info/Field,D:\Mateus\Modding Digimon\arresterdramon\ARRESTERDRAMON MOD\Arresterdramon SM
Battle Cam,Zeak6464,0.1,Digivolution,1,1,0,0,0,0,no,yes,,battle_camera/camera,D:\SteamLibrary\steamapps\common\SimpleDSCSModManager-develop\SimpleDSCSModManager\mods\battle_cam
Evolution Requirments Deleter,Zeak6464,0.1,Digivolution,1,1,0,0,0,0,no,yes,,evolution_condition_para/digimon,D:\SteamLibrary\steamapps\common\SimpleDSCSModManager-develop\SimpleDSCSModManager\mods\evolutionrequirments (1)
No Red Outline,Zeak6464,0.1,Digivolution,1,1,0,0,0,0,no,yes,,field_area_para_add/OutLine,D:\SteamLibrary\steamapps\common\SimpleDSCSModManager-develop\SimpleDSCSModManager\mods\no_red_outline
OmnimonAlterS addon,Zeak6464,1,New digimon,1,17,58,21,0,0,yes,yes,,charname/Sheet1|degeneration_para/digimon|digimon_book_explanation/Sheet1|digimon_common_para/digimon|digimon_farm_para/digimon|digimon_list/digimon|evolution_condition_para/digimon|evolution_next_para/digimon|model_attach_para/digimon01|model_attach_para/digimon02|model_attach_para/digimon03|model_default_scale/digimon|mon_design_para/Monster|mon_para/Monster|mon_para_hard/Monster|skill_use_group_set/digimon|ui_mon_param_info/Field,D:\Mateus\Modding Digimon\ultimateOmegamon\process
OmnimonULTRA,Zeak6464,1,New digimon,1,3,61,58,0,1,no,yes,,battle_command/Command|battle_command_effect/effect|battle_effect/effect,D:\Mateus\Modding Digimon\ultimateOmegamon\process\ULTIMATE OMEGAMON mod
OmnimonULTRA,Zeak6464,1,New digimon,1,2,49,45,0,1,yes,yes,,battle_command/Command|battle_command_effect/effect,D:\Mateus\Modding Digimon\ultimateOmegamon\process\ULTIMATE OMEGAMON mod\New folder
OmnimonULTRA,Zeak6464,1,New digimon,1,2,49,45,0,1,yes,yes,,battle_command/Command|battle_command_effect/effect,D:\SteamLibrary\steamapps\common\SimpleDSCSModManager-develop\SimpleDSCSModManager\mods\ULTIMATE OMEGAMON
OmnimonULTRA,Zeak6464,1,New digimon,1,3,61,58,0,1,no,yes,,battle_command/Command|battle_command_effect/effect|battle_effect/effect,D:\SteamLibrary\steamapps\common\SimpleDSCSModManager-develop\SimpleDSCSModManager\mods\ULTIMATE OMEGAMON mod
OmnimonULTRA,Zeak6464,1,New digimon,1,0,49,45,0,1,no,yes,,,D:\SteamLibrary\steamapps\common\SimpleDSCSModManager-develop\SimpleDSCSModManager\mods\ULTIMATE OMEGAMONgarurucanon
OmnimonULTRA,Zeak6464,1,New digimon,1,0,45,45,0,1,no,yes,,,D:\SteamLibrary\steamapps\common\SimpleDSCSModManager-develop\SimpleDSCSModManager\mods\ULTIMATE OMEGAMONzw
OmnimonULTRA hand texture,Zeak6464,1,New digimon,1,4,8,42,0,0,no,yes,,model_default_effect/digimon|model_default_effect/mob|model_default_effect/npc|model_default_effect/pc,D:\Mateus\Modding Digimon\ultimateOmegamon\process\ULTIMATE OMEGAMON mod\hand light
ArresterdramonSM,Zeroa123,1.0,New digimon,1,27,64,28,0,0,yes,yes,,battle_command/Command|battle_command_effect/effect|battle_effect/effect|battle_support_skill/support_skill|battle_voice/voice|battle_voice_add/voice|charname/Sheet1|degeneration_para/digimon|digimon_book_explanation/Sheet1|digimon_common_para/digimon|digimon_farm_para/digimon|digimon_list/digimon|evolution_condition_para/digimon|evolution_next_para/digimon|model_attach_para/digimon01|model_attach_para/digimon02|model_attach_para/digimon03|model_default_scale/digimon|mon_design_para/Monster|mon_para/Monster|mon_para_hard/Monster|skill_content_name/Sheet1|skill_name/Sheet1|skill_use_group_set/digimon|support_skill_content_name/Sheet1|support_skill_name/Sheet1|ui_mon_param_info/Field,D:\Mateus\Modding Digimon\arresterdramon\material\1. Base Mods (Arresterdramon SM)
